settlement_code,settlement,year,rows
,,1998,112
,אבו גוש,1998,8
,אבו סנאן,1998,68
,אבטליון,1998,2
,אביטל,1998,1
,אביעזר,1998,1
,אבירים,1998,1
,אום אל-פחם,1998,135
,אומן,1998,1
,אחיהוד,1998,3
,אילות,1998,3
,אלון הגליל,1998,1
,אלוני הבשן,1998,1
,אלקוש,1998,1
,אניעם,1998,1
,אשחר,1998,3
,אשתאול,1998,16
,בוסתן הגליל,1998,9
,ביאדה,1998,4
,בית ג'ן,1998,25
,בית הגדי,1998,5
,בית השיטה,1998,5
,בית יוסף,1998,2
,בית מאיר,1998,1
,בית נקופה,1998,9
,בית שאן,1998,88
,בני יהודה,1998,6
,בענה,1998,19
,ברטעה,1998,1
,ג'דיידה-מכר,1998,35
,ג'ולס,1998,40
,גבעת יואב,1998,4
,גבעת יערים,1998,26
,גבעת ישעיהו,1998,38
,גדיידה,1998,8
,גדיש,1998,5
,גדעונה,1998,1
,גורנות הגליל,1998,1
,גילון,1998,18
,גילת,1998,19
,גיתה,1998,3
,גן נר,1998,70
,גשור,1998,1
,גת בגליל,1998,13
,דבורה,1998,1
,דייר אל-אסד,1998,13
,דייר חנא,1998,47
,דקל,1998,4
,הושעיה,1998,6
,הילה,1998,2
,"הערבה מ""א 15",1998,1
,הררית,1998,3
,זכריה,1998,9
,זלפה,1998,4
,זרועה,1998,3
,חבר,1998,6
,חוסן,1998,18
,חורה,1998,1
,חורפיש,1998,14
,חלוץ,1998,4
,חספין,1998,4
,חצבה,1998,2
,חריש,1998,4
,חרשים,1998,1
,טייבה )בעמק(,1998,8
,טל-אל,1998,15
,טמרה,1998,106
,יאנוח,1998,14
,יאנוח-ג'ת,1998,2
,יובלים,1998,4
,יזרעאל,1998,2
,יעד,1998,6
,יערה,1998,1
,ירדנה,1998,2
,ירוחם,1998,62
,ירכא,1998,49
,כאבול,1998,14
,כאוכב אבו אל-היג'א,1998,7
,כיסרא,1998,1
,כמון,1998,1
,כנף,1998,1
,כסרא-סמיע,1998,19
,כפר החורש,1998,2
,"כפר הרי""ף",1998,7
,כפר ורדים,1998,116
,כפר יאסיף,1998,36
,כפר יחזקאל,1998,8
,כפר מצר,1998,3
,כפר סמיע,1998,6
,לבון,1998,4
,להבים,1998,14
,לוחמי הגיטאות,1998,1
,לוטם,1998,1
,מ. א. בקעת בית שאן,1998,2
,מ. א. חבל אילות,1998,2
,מ. א. מטה יהודה,1998,4
,מ. א. משגב,1998,1
,מ. א. רמת נגב,1998,2
,מבוא ביתר,1998,16
,מבועים,1998,8
,מבשרת ציון,1998,206
,מג`ד אל-כרום,1998,78
,מגדל העמק,1998,293
,מגידו,1998,1
,מולדת,1998,38
,מועאוויה,1998,14
,מוקייבלה,1998,11
,מושיירפה,1998,3
,מזרעה,1998,3
,מטע,1998,10
,מי עמי,1998,1
,מירון,1998,5
,מיתר,1998,48
,מכר,1998,28
,מלאה,1998,4
,מנות,1998,6
,מסילת ציון,1998,8
,מעיליא,1998,55
,מעלות-תרשיחא,1998,230
,"מצפה אבי""ב",1998,4
,מצפה רמון,1998,50
,משאבי שדה,1998,1
,משגב,1998,2
,משמר העמק,1998,5
,"נווה אטי""ב",1998,1
,נווה דקלים,1998,1
,נחלה,1998,1
,נחם,1998,3
,נחף,1998,62
,נטועה,1998,1
,ניצני סיני,1998,4
,נצרת,1998,248
,סאג'ור,1998,33
,סגולה,1998,13
,סדום,1998,2
,סח'נין,1998,103
,סלמה,1998,2
,עומר,1998,165
,עידן,1998,1
,עין אל-אסד,1998,7
,עין המפרץ,1998,11
,עין יהב,1998,3
,עין נקובא,1998,3
,עצמון שגב,1998,3
,עראבה,1998,35
,עראמשה,1998,4
,ערערה-בנגב,1998,1
,פארן,1998,1
,פסוטה,1998,20
,פקיעין )בוקייעה(,1998,12
,פקיעין חדשה,1998,1
,פרזון,1998,2
,צביה,1998,2
,צהל,1998,3
,צוחר,1998,4
,צור הדסה,1998,100
,צורית,1998,2
,צנדלה,1998,1
,צפרירים,1998,2
,קטורה,1998,1
,קלע,1998,1
,קצרין,1998,105
,קריית יערים,1998,14
,קרית יערים)מוסד(,1998,10
,ראמה,1998,56
,רביבים,1998,1
,רהט,1998,5
,רוויה,1998,1
,רם-און,1998,18
,רמות,1998,1
,רמת חובב,1998,25
,רמת רזיאל,1998,5
,רמת רחל,1998,1
,רנן,1998,5
,שבי ציון,1998,3
,שגב-שלום,1998,42
,שדה בוקר,1998,8
,שדה משה,1998,54
,שדה נחום,1998,4
,שדה צבי,1998,5
,שדי תרומות,1998,1
,שובל,1998,1
,שורש,1998,46
,שזור,1998,1
,שיבולים,1998,5
,שייח' דנון,1998,1
,שלומי,1998,65
,שמשית,1998,251
,שעב,1998,4
,שעל,1998,2
,שריגים )לי-און(,1998,13
,שרשרת,1998,7
,תובל,1998,15
,תושיה,1998,2
,תירוש,1998,6
,תל תאומים,1998,2
,"תלמי ביל""ו",1998,3
,תקומה,1998,1
,אבטין,1998,4
,אור עקיבא,1998,134
,אושה,1998,4
,אילניה,1998,10
,אכסאל,1998,17
,אלוני אבא,1998,68
,אליפלט,1998,2
,אליקים,1998,2
,אמירים,1998,12
,אמנון,1998,1
,אעבלין,1998,78
,אפק,1998,2
,ארבל,1998,3
,בועיינה-נוג'ידאת,1998,3
,ביר אל-מכסור,1998,17
,ביריה,1998,4
,בית אורן,1998,16
,בית לחם הגלילית,1998,2
,בית שערים,1998,3
,בלפוריה,1998,1
,בנימינה-גבעת עדה,1998,183
,בסמת טבעון,1998,22
,בר יוחאי,1998,9
,ברקאי,1998,2
,בת שלמה,1998,22
,ג'ש )גוש חלב(,1998,27
,גבע כרמל,1998,29
,גבעת אבני,1998,28
,גבעת אלה,1998,11
,"גבעת ניל""י",1998,4
,גבעת עדה,1998,155
,דאלית אל-כרמל,1998,186
,דבוריה,1998,19
,דברת,1998,7
,דגניה א',1998,1
,דגניה ב',1998,1
,דור,1998,1
,דחי,1998,4
,דלתון,1998,2
,האון,1998,1
,החותרים,1998,2
,הסוללים,1998,1
,זכרון יעקב,1998,422
,זרזיר,1998,41
,חזון,1998,1
,חלף,1998,21
,חצור הגלילית,1998,37
,טובא-זנגריה,1998,35
,טורעאן,1998,33
,טירת כרמל,1998,251
,טפחות,1998,3
,יבנאל,1998,68
,יסוד המעלה,1998,11
,יפיע,1998,55
,יקנעם )מושבה(,1998,143
,יקנעם עילית,1998,257
,כורזים,1998,4
,כלנית,1998,2
,כנרת )מושבה(,1998,42
,כפר ביאליק,1998,3
,כפר גדעון,1998,2
,כפר המכבי,1998,5
,כפר הנשיא,1998,3
,כפר חושן,1998,1
,כפר חיטים,1998,7
,כפר חסידים א',1998,1
,כפר יהושע,1998,1
,כפר כמא,1998,3
,כפר כנא,1998,122
,כפר מנדא,1998,38
,כפר פינס,1998,1
,כפר קיש,1998,3
,כפר קרע,1998,10
,כפר תבור,1998,107
,כרכום,1998,1
,"כרם מהר""ל",1998,5
,לביא,1998,4
,לבנים,1998,3
,מ. א. הגליל העליון,1998,3
,מ. א. הגליל התחתון,1998,1
,מ. א. מרום הגליל,1998,19
,מ. א. עמק הירדן,1998,1
,מגאר,1998,59
,מגדים,1998,14
,מגדל,1998,59
,מורשת,1998,5
,מזרע,1998,10
,מטולה,1998,18
,מנחמיה,1998,7
,מסד,1998,6
,מצפה,1998,3
,מרגליות,1998,1
,משהד,1998,85
,משמר הירדן,1998,1
,נאעורה,1998,9
,נהלל,1998,9
,נופית,1998,109
,ניין,1998,22
,סולם,1998,38
,עארה,1998,5
,עופר,1998,2
,עיילבון,1998,50
,עילוט,1998,258
,עין איילה,1998,10
,עין הוד,1998,3
,עין העמק,1998,4
,עין זיתים,1998,4
,עין מאהל,1998,31
,עין עירון,1998,1
,עכברה,1998,5
,עמיקם,1998,31
,עספיא,1998,98
,ערערה,1998,36
,עתלית,1998,47
,פוריה - כפר עבודה,1998,5
,פוריה - נווה עובד,1998,4
,פוריה עילית,1998,18
,פוריידיס,1998,19
,ציפורי,1998,8
,צפת,1998,419
,צרופה,1998,11
,קורנית,1998,3
,קיסריה,1998,93
,קציר,1998,42
,קריית טבעון,1998,187
,קריית שמונה,1998,191
,ראש פינה,1998,63
,רגבים,1998,5
,רומת הייב,1998,3
,ריחאניה,1998,6
,ריינה,1998,311
,רכסים,1998,63
,רמת ישי,1998,133
,שבלי - אום אל-גנם,1998,3
,שדות ים,1998,44
,שדמות דבורה,1998,3
,שכניה,1998,5
,שפרעם,1998,203
,שרונה,1998,10
,תל עדשים,1998,4
,תמרת,1998,3
,*קדימה-צורן*,1998,1
,אבן יהודה,1998,113
,אודים,1998,2
,אזור,1998,124
,אחיטוב,1998,7
,אחיסמך,1998,1
,אחיעזר,1998,3
,איבתאן,1998,1
,אליכין,1998,18
,אלישמע,1998,6
,אלעד,1998,402
,באקה אל-גרביה,1998,42
,בארותיים,1998,7
,ביר א סכה,1998,4
,בית אלעזרי,1998,8
,בית גמליאל,1998,1
,בית דגן,1998,73
,בית חנניה,1998,6
,בית חשמונאי,1998,1
,בית ינאי,1998,12
,בית יצחק-שער חפר,1998,10
,בית נחמיה,1998,4
,בית עזרא,1998,4
,ביתן אהרן,1998,2
,בן זכאי,1998,3
,בן שמן )מושב(,1998,4
,בני דרור,1998,17
,בני עטרות,1998,1
,בני ציון,1998,79
,בני ראם,1998,5
,בניה,1998,4
,בצרה,1998,10
,בת חפר,1998,6
,ג'לג'וליה,1998,34
,ג'סר א-זרקא,1998,29
,ג'ת,1998,32
,גאולים,1998,13
,גבעת השלושה,1998,2
,גבעת חיים )איחוד(,1998,3
,גבעת שמואל,1998,385
,גדרה,1998,210
,גליל ים,1998,5
,גן השומרון,1998,3
,גן חיים,1998,17
,גן יאשיה,1998,5
,גן שמואל,1998,1
,גני הדר,1998,2
,גני יהודה,1998,1
,גני יוחנן,1998,3
,גני עם,1998,16
,גני תקווה,1998,296
,געש,1998,29
,הדר עם,1998,2
,זיתן,1998,12
,חבצלת השרון,1998,3
,חגור,1998,1
,חגלה,1998,37
,חופית,1998,13
,חיבת ציון,1998,1
,חירות,1998,7
,חניאל,1998,1
,חרב לאת,1998,16
,טייבה,1998,71
,טירה,1998,28
,טירת יהודה,1998,7
,טל שחר,1998,1
,יד חנה,1998,127
,"יד רמב""ם",1998,1
,יהוד,1998,489
,ימא,1998,6
,ינוב,1998,2
,יציץ,1998,1
,יקום,1998,1
,ירחיב,1998,48
,ישרש,1998,7
,כוכב יאיר,1998,11
,כעביה-טבאש-חג'אג'רה,1998,11
,כפר אביב,1998,3
,"כפר אז""ר",1998,3
,כפר ברא,1998,7
,כפר הס,1998,16
,כפר חיים,1998,2
,כפר טרומן,1998,57
,כפר יונה,1998,319
,כפר יעבץ,1998,2
,כפר מונש,1998,1
,"כפר מל""ל",1998,4
,כפר מרדכי,1998,1
,כפר נטר,1998,2
,כפר קאסם,1998,33
,כפר רות,1998,8
,כפר שמואל,1998,6
,כפר שמריהו,1998,21
,כרמי יוסף,1998,2
,לפיד,1998,19
,מ. א. חבל מודיעין,1998,2
,מאור,1998,1
,מגל,1998,1
,מזכרת בתיה,1998,90
,מייסר,1998,7
,מישר,1998,1
,מכבים-רעות,1998,91
,מכמורת,1998,1
,מעש,1998,3
,מצליח,1998,1
,מרגה,1998,4
,משמר השרון,1998,2
,משמרות,1998,1
,משמרת,1998,10
,מתן,1998,23
,נווה אפרים,1998,16
,נווה ימין,1998,2
,נווה ירק,1998,1
,נווה מבטח,1998,1
,נוף איילון,1998,2
,נורדיה,1998,16
,נחלים,1998,6
,ניצני עוז,1998,1
,נירית,1998,45
,סביון*,1998,30
,עדי,1998,11
,עדנים,1998,9
,עזריאל,1998,2
,עין ורד,1998,3
,עין שמר,1998,2
,עין שריד,1998,3
,עשרת,1998,2
,פורת,1998,3
,פרדסיה,1998,30
,פתחיה,1998,6
,צופית,1998,54
,צור יגאל,1998,50
,צור משה,1998,55
,צורן,1998,51
,צפריה,1998,1
,קדימה-צורן,1998,228
,קדרון,1998,1
,קלנסווה,1998,30
,קריית עקרון,1998,80
,ראס עלי,1998,5
,רינתיה,1998,2
,רמות השבים,1998,8
,רמת אפעל,1998,44
,רמת הכובש,1998,1
,רשפון,1998,23
,שדה ורבורג,1998,27
,שדי חמד,1998,6
,שוהם,1998,270
,שילת,1998,2
,שעלבים,1998,19
,שער אפרים,1998,187
,שפיים,1998,20
,תל יצחק,1998,20
,תל מונד,1998,243
,תנובות,1998,11
,אביגדור,1998,5
,אביחיל,1998,3
,אורה,1998,12
,אורות,1998,2
,אחווה,1998,1
,אחוזם,1998,1
,אירוס,1998,2
,אמונים,1998,4
,באר טוביה,1998,11
,בטחה,1998,2
,ביצרון,1998,11
,בית חנן,1998,8
,בית עובד,1998,3
,בית שקמה,1998,9
,"בני עי""ש",1998,90
,ברורים,1998,1
,ברכיה,1998,2
,ברקת,1998,1
,גאליה,1998,1
,גבעולים,1998,14
,גבעת ברנר,1998,1
,גבעתי,1998,2
,גזר,1998,10
,גיבתון,1998,2
,גמזו,1998,2
,גן יבנה,1998,195
,גן שורק,1998,2
,גן שלמה,1998,4
,זבדיאל,1998,6
,זוהר,1998,5
,זרחיה,1998,6
,חצב,1998,1
,חשמונאים,1998,1
,יד נתן,1998,4
,יזרעם,1998,3
,ינון,1998,5
,כפר אחים,1998,29
,"כפר ביל""ו",1998,12
,כפר דניאל,1998,1
,כפר ורבורג,1998,17
,כפר מימון,1998,12
,כפר סירקין,1998,8
,כפר עקב,1998,2
,מ. א. באר טוביה,1998,8
,מ. א. ברנר,1998,3
,מ. א. גזר,1998,1
,מ. א. גן רוה,1998,2
,מ. א. חבל יבנה,1998,8
,מ. א. לכיש,1998,1
,מ. א. עמק לוד,1998,2
,מסלול,1998,8
,מרכז שפירא,1998,34
,משען,1998,2
,נגבה,1998,3
,נהורה,1998,21
,נוגה,1998,35
,נחלת יהודה,1998,9
,נטעים,1998,4
,ניסנית,1998,6
,ניצנים,1998,2
,ניר בנים,1998,4
,ניר גלים,1998,10
,"ניר ח""ן",1998,5
,ניר ישראל,1998,17
,ניר עקיבא,1998,1
,נען,1998,1
,עוזה,1998,1
,עוצם,1998,1
,עזר,1998,1
,עזריקם,1998,1
,ערוגות,1998,12
,פטיש,1998,1
,צלפון,1998,3
,קוממיות,1998,1
,קריית מלאכי,1998,186
,קרית חיים,1998,276
,שדה דוד,1998,1
,שדה עוזיהו,1998,3
,שחר,1998,27
,שער הנגב,1998,1
,שפיר,1998,18
,שתולים,1998,41
,תימורים,1998,23
,תל יוסף,1998,1
,תלמי יחיאל,1998,6
,,1999,133
,אבו ג'ווייעד )שבט(,1999,1
,אבו גוש,1999,13
,אבו סנאן,1999,34
,אבטליון,1999,6
,אביעזר,1999,5
,אבן מנחם,1999,1
,אדורה,1999,1
,אדמית,1999,2
,אדרת,1999,2
,אום אל-פחם,1999,142
,אחיהוד,1999,2
,אילות,1999,1
,אפק,1999,5
,אשחר,1999,10
,אשלים,1999,10
,אשתאול,1999,15
,בוסתן הגליל,1999,6
,בית ג'ן,1999,56
,בית השיטה,1999,14
,בית זית,1999,15
,בית חנניה,1999,3
,בית יוסף,1999,1
,בית מאיר,1999,6
,בית נקופה,1999,6
,בית שאן,1999,171
,בני יהודה,1999,4
,בענה,1999,31
,בצת,1999,1
,בר גיורא,1999,4
,ג'דיידה-מכר,1999,20
,ג'ולס,1999,58
,גבעת יואב,1999,3
,גבעת יערים,1999,40
,גבעת ישעיהו,1999,3
,גדיידה,1999,12
,גדיש,1999,9
,גדעונה,1999,9
,גורנות הגליל,1999,1
,גילון,1999,14
,גילת,1999,11
,גיתה,1999,1
,גן נר,1999,66
,גשור,1999,1
,גת בגליל,1999,1
,דברת,1999,6
,דייר אל-אסד,1999,13
,דייר חנא,1999,28
,הילה,1999,1
,הררית,1999,2
,זכריה,1999,2
,זלפה,1999,12
,זנוח,1999,2
,חבר,1999,10
,חוסן,1999,4
,חורפיש,1999,12
,חלוץ,1999,8
,חניתה,1999,31
,חספין,1999,29
,חצבה,1999,5
,חרשים,1999,3
,טייבה )בעמק(,1999,3
,טל-אל,1999,6
,טמרה,1999,102
,יאנוח,1999,13
,יאנוח-ג'ת,1999,1
,יובלים,1999,5
,יודפת,1999,3
,יסעור,1999,1
,יעד,1999,1
,יעל,1999,4
,ירדנה,1999,1
,ירוחם,1999,85
,ירכא,1999,53
,כאבול,1999,19
,כאוכב אבו אל-היג'א,1999,10
,כיסרא,1999,19
,כליל,1999,1
,כמון,1999,7
,כנף,1999,1
,כסרא-סמיע,1999,11
,כפר אל עוברה,1999,1
,כפר החורש,1999,9
,"כפר הרי""ף",1999,6
,כפר ורדים,1999,59
,כפר חנניה,1999,2
,כפר יאסיף,1999,45
,כפר יחזקאל,1999,7
,כפר מצר,1999,1
,כפר סמיע,1999,2
,כרמל,1999,1
,לבון,1999,11
,להבים,1999,12
,לוטם,1999,2
,לפידות,1999,3
,לקיה,1999,1
,מ. א. בקעת בית שאן,1999,3
,מ. א. גולן,1999,1
,מ. א. הגליל העליון,1999,14
,מ. א. מטה אשר,1999,3
,מ. א. מטה יהודה,1999,4
,מ. א. משגב,1999,18
,מבוא ביתר,1999,11
,מבועים,1999,8
,מבשרת ציון,1999,432
,מג`ד אל-כרום,1999,113
,מגדל העמק,1999,270
,מדרשת בן גוריון,1999,1
,מולדת,1999,8
,מועאוויה,1999,5
,מוצא עילית,1999,3
,מוצא תחתית,1999,4
,מוצמוץ,1999,1
,מוקייבלה,1999,7
,מושיירפה,1999,1
,מזרעה,1999,3
,מחנה גבעת חנניה,1999,16
,מטע,1999,2
,מיטב,1999,2
,מירב,1999,1
,מירון,1999,5
,מיתר,1999,45
,מכמנים,1999,4
,מכר,1999,11
,מלאה,1999,5
,מנוף,1999,3
,מנות,1999,3
,מסילת ציון,1999,20
,מסלול,1999,9
,מעגלים,1999,3
,מעיליא,1999,97
,מעלה עירון,1999,4
,מעלות-תרשיחא,1999,322
,מצפה רמון,1999,44
,משגב,1999,4
,משמר העמק,1999,2
,נאות גולן,1999,2
,נאות סמדר,1999,1
,נבטים,1999,2
,"נווה אטי""ב",1999,2
,נווה אילן,1999,1
,נחם,1999,6
,נחף,1999,30
,ניר משה,1999,4
,נצרת,1999,260
,"נתיב הל""ה",1999,1
,נתיב השיירה,1999,1
,סאג'ור,1999,61
,סאלם,1999,4
,סגולה,1999,15
,סח'נין,1999,122
,סלמה,1999,14
,סמר,1999,1
,ספיר,1999,17
,עומר,1999,71
,עין איברהים,1999,1
,עין בוקק,1999,3
,עין המפרץ,1999,27
,עין יהב,1999,4
,עמינדב,1999,1
,עצמון שגב,1999,3
,עראבה,1999,55
,עראמשה,1999,1
,ערערה-בנגב,1999,2
,פסוטה,1999,27
,פקיעין )בוקייעה(,1999,36
,צביה,1999,1
,צהל,1999,5
,צוחר,1999,3
,צור הדסה,1999,163
,צנדלה,1999,1
,צפרירים,1999,2
,קצרין,1999,76
,קריית טבעון,1999,245
,קריית יערים,1999,14
,קרית יערים)מוסד(,1999,9
,ראמה,1999,59
,רביבים,1999,3
,רגבה,1999,1
,רהט,1999,5
,רוויה,1999,1
,רחוב,1999,2
,רם-און,1999,46
,רמת חובב,1999,4
,רמת רזיאל,1999,1
,רנן,1999,1
,רקפת,1999,2
,שבי ציון,1999,8
,שגב-שלום,1999,59
,שדה בוקר,1999,5
,שדה משה,1999,3
,שדי תרומות,1999,6
,שואבה,1999,15
,שורש,1999,23
,שורשים,1999,34
,שייח' דנון,1999,1
,שכניה,1999,50
,שלומי,1999,182
,שמשית,1999,33
,שעב,1999,1
,שעל,1999,1
,שריגים )לי-און(,1999,2
,שרשרת,1999,6
,תובל,1999,2
,תירוש,1999,3
,תל יוסף,1999,2
,"תלמי ביל""ו",1999,11
,תקומה,1999,2
,אבטין,1999,8
,אור עקיבא,1999,171
,אושה,1999,2
,אילניה,1999,6
,אכסאל,1999,23
,אלון הגליל,1999,1
,אלוני אבא,1999,13
,אליפלט,1999,1
,אליקים,1999,8
,אמירים,1999,20
,אמנון,1999,1
,אעבלין,1999,147
,ארבל,1999,1
,אשרת,1999,4
,בועיינה-נוג'ידאת,1999,8
,ביר אל-מכסור,1999,15
,ביריה,1999,5
,בית אורן,1999,4
,בית לחם הגלילית,1999,2
,בית רימון,1999,1
,בלפוריה,1999,5
,בר יוחאי,1999,6
,ברקאי,1999,1
,בת שלמה,1999,14
,ג'ש )גוש חלב(,1999,33
,גבע כרמל,1999,11
,גבעת אבני,1999,12
,גבעת אלה,1999,2
,"גבעת ניל""י",1999,2
,גבעת עדה,1999,130
,גיניגר,1999,1
,דאלית אל-כרמל,1999,164
,דבוריה,1999,30
,דור,1999,3
,דחי,1999,2
,האון,1999,1
,הושעיה,1999,1
,הזורעים,1999,1
,החותרים,1999,1
,הסוללים,1999,28
,זובידאת )שבט(,1999,1
,זכרון יעקב,1999,486
,זרזיר,1999,20
,חג'אג'רה*,1999,3
,חמאם,1999,9
,חצור הגלילית,1999,49
,חריש,1999,2
,טובא-זנגריה,1999,6
,טורעאן,1999,91
,טירת כרמל,1999,291
,טפחות,1999,7
,יבנאל,1999,150
,יסוד המעלה,1999,22
,יפיע,1999,54
,יקנעם )מושבה(,1999,36
,יקנעם עילית,1999,207
,כדורי,1999,2
,כורזים,1999,3
,כלנית,1999,2
,כנרת )מושבה(,1999,59
,כפר ביאליק,1999,2
,כפר גדעון,1999,1
,כפר גלעדי,1999,1
,כפר הנשיא,1999,2
,כפר חיטים,1999,2
,כפר חסידים א',1999,2
,כפר חסידים ב',1999,1
,כפר כמא,1999,1
,כפר כנא,1999,38
,כפר מנדא,1999,38
,כפר פינס,1999,2
,כפר קיש,1999,6
,כפר קרע,1999,15
,כפר תבור,1999,164
,כרכום,1999,3
,"כרם מהר""ל",1999,8
,לביא,1999,4
,לבנים,1999,3
,מ. א. הגליל התחתון,1999,3
,מ. א. מרום הגליל,1999,10
,מגאר,1999,51
,מגדים,1999,1
,מגדל,1999,52
,מורשת,1999,1
,מזרע,1999,17
,מטולה,1999,25
,מנחמיה,1999,9
,מסד,1999,3
,מעגן מיכאל,1999,1
,מצפה,1999,13
,מרגליות,1999,2
,מרחביה )קיבוץ(,1999,2
,משהד,1999,121
,נאעורה,1999,1
,נהלל,1999,3
,נופית,1999,35
,ניין,1999,9
,ניר עציון,1999,2
,סולם,1999,13
,עוזייר,1999,3
,עיילבון,1999,25
,עילוט,1999,27
,עין איילה,1999,98
,עין הוד,1999,4
,עין זיתים,1999,10
,עין כרמל,1999,2
,עין מאהל,1999,32
,עמיקם,1999,12
,עספיא,1999,117
,ערערה,1999,36
,עתלית,1999,81
,פוריה - כפר עבודה,1999,1
,פוריה - נווה עובד,1999,16
,פוריה עילית,1999,12
,פוריידיס,1999,76
,ציפורי,1999,5
,צפת,1999,452
,צרופה,1999,5
,קורנית,1999,1
,קיסריה,1999,115
,קציר,1999,33
,קריית שמונה,1999,275
,ראש פינה,1999,50
,רגבים,1999,5
,רומאנה,1999,2
,רומת הייב,1999,3
,ריחאניה,1999,3
,ריינה,1999,225
,רכסים,1999,50
,רמת ישי,1999,112
,שבלי - אום אל-גנם,1999,14
,שדה אליעזר,1999,2
,שדה יעקב,1999,3
,שדות ים,1999,39
,שניר,1999,1
,שער העמקים,1999,1
,שפר,1999,1
,שפרעם,1999,223
,שרונה,1999,12
,שריד,1999,4
,תל עדשים,1999,11
,תל קציר,1999,1
,תמרת,1999,2
,אביחיל,1999,44
,אבן יהודה,1999,164
,אודים,1999,1
,אום אל-קוטוף,1999,2
,אזור,1999,201
,אחיטוב,1999,8
,אחיסמך,1999,1
,איבתאן,1999,2
,אליכין,1999,15
,אלישמע,1999,1
,אלעד,1999,1430
,באקה אל-גרביה,1999,48
,בארותיים,1999,2
,בורגתה,1999,1
,ביר א סכה,1999,3
,בית אלעזרי,1999,15
,בית גמליאל,1999,6
,בית דגן,1999,143
,בית חירות,1999,3
,בית ינאי,1999,14
,בית יצחק-שער חפר,1999,4
,בית נחמיה,1999,3
,בית עוזיאל,1999,3
,בית עזרא,1999,1
,ביתן אהרן,1999,1
,בן זכאי,1999,1
,בן שמן )מושב(,1999,4
,בני דרור,1999,9
,בני ציון,1999,66
,בניה,1999,4
,בנימינה-גבעת עדה,1999,264
,בסמת טבעון,1999,7
,בצרה,1999,21
,בת חפר,1999,8
,ג'לג'וליה,1999,8
,ג'סר א-זרקא,1999,31
,ג'ת,1999,60
,גאולים,1999,8
,גבעת השלושה,1999,1
,"גבעת ח""ן",1999,2
,גבעת שמואל,1999,571
,גדרה,1999,360
,גזר,1999,9
,גינתון,1999,1
,גליל ים,1999,12
,גמזו,1999,1
,גן השומרון,1999,44
,גן חיים,1999,11
,גן שורק,1999,2
,גן שמואל,1999,1
,גני הדר,1999,43
,גני יהודה,1999,8
,גני יוחנן,1999,1
,גני עם,1999,17
,גני תקווה,1999,375
,געש,1999,16
,גת רימון,1999,1
,המעפיל,1999,1
,הרדוף,1999,1
,זיתן,1999,11
,זמר,1999,1
,חבצלת השרון,1999,7
,חגור,1999,2
,חגלה,1999,9
,חופית,1999,6
,חיבת ציון,1999,2
,חירות,1999,3
,חלף,1999,1
,חרב לאת,1999,26
,טייבה,1999,54
,טירה,1999,15
,טירת יהודה,1999,38
,טל שחר,1999,1
,יד חנה,1999,103
,"יד רמב""ם",1999,1
,יהוד,1999,452
,ימא,1999,3
,ינוב,1999,3
,יציץ,1999,1
,יקום,1999,1
,ירחיב,1999,42
,ירקונה,1999,8
,ישרש,1999,3
,כוכב יאיר,1999,15
,כעביה-טבאש-חג'אג'רה,1999,5
,כפר אביב,1999,3
,"כפר אז""ר",1999,3
,כפר בן נון,1999,16
,כפר ברא,1999,32
,כפר המכבי,1999,7
,כפר הס,1999,10
,כפר ויתקין,1999,7
,"כפר חב""ד",1999,2
,כפר טרומן,1999,4
,כפר ידידיה,1999,1
,כפר יונה,1999,288
,כפר יעבץ,1999,2
,כפר מונש,1999,1
,"כפר מל""ל",1999,5
,כפר נטר,1999,6
,כפר קאסם,1999,26
,כפר רות,1999,7
,כפר שמואל,1999,2
,כפר שמריהו,1999,37
,כרמי יוסף,1999,4
,לפיד,1999,20
,מ. א. דרום השרון,1999,1
,מ. א. חבל מודיעין,1999,3
,מ. א. עמק יזרעאל,1999,1
,מאור,1999,5
,מגשימים,1999,1
,מזור,1999,3
,מזכרת בתיה,1999,90
,מייסר,1999,7
,מישר,1999,1
,מכבים-רעות,1999,75
,מכמורת,1999,1
,מצליח,1999,1
,מצר,1999,1
,מרגה,1999,1
,משמר השבעה,1999,1
,משמרת,1999,62
,מתן,1999,17
,נווה אפרים,1999,9
,נווה ימין,1999,5
,נווה ירק,1999,6
,נווה מבטח,1999,1
,נוף איילון,1999,1
,נופך,1999,1
,נורדיה,1999,15
,נחלים,1999,3
,ניצני עוז,1999,1
,ניר אליהו,1999,2
,נירית,1999,10
,נצר סרני,1999,1
,סביון*,1999,54
,עדי,1999,4
,עדנים,1999,7
,עולש,1999,3
,עין החורש,1999,5
,עין ורד,1999,3
,עין שמר,1999,1
,עין שריד,1999,18
,עשרת,1999,2
,פורת,1999,3
,פרדסיה,1999,36
,צופית,1999,6
,צור יגאל,1999,63
,צור משה,1999,66
,צורן,1999,92
,צפריה,1999,2
,קדימה-צורן,1999,177
,קדרון,1999,1
,קלנסווה,1999,47
,קריית עקרון,1999,69
,ראס עלי,1999,1
,רמות השבים,1999,9
,רמות מאיר,1999,4
,רמת אפעל,1999,28
,רשפון,1999,32
,שדה ורבורג,1999,14
,שדי חמד,1999,1
,שוהם,1999,425
,שילת,1999,1
,שעלבים,1999,13
,שער אפרים,1999,101
,שפיים,1999,18
,תל יצחק,1999,35
,תל מונד,1999,259
,תלמי אלעזר,1999,1
,תנובות,1999,3
,אביגדור,1999,4
,אורה,1999,4
,אורות,1999,11
,אחווה,1999,1
,אירוס,1999,2
,אמונים,1999,6
,אשבול,1999,1
,באר טוביה,1999,8
,בטחה,1999,10
,ביצרון,1999,16
,בית הגדי,1999,2
,בית חנן,1999,12
,בית חשמונאי,1999,1
,בית עובד,1999,1
,בית שקמה,1999,13
,ביתר עילית,1999,1
,"בני עי""ש",1999,86
,ברורים,1999,1
,גאליה,1999,4
,גבע בנימין,1999,1
,גבעולים,1999,2
,גבעת ברנר,1999,2
,גבעת זאב,1999,1
,גבעתי,1999,2
,גיאה,1999,8
,גן יבנה,1999,285
,גן שלמה,1999,23
,דקל,1999,4
,זוהר,1999,14
,זרועה,1999,1
,זרחיה,1999,4
,חלץ,1999,1
,חצב,1999,8
,יבול,1999,2
,יד נתן,1999,8
,ינון,1999,2
,כפר אחים,1999,9
,"כפר ביל""ו",1999,10
,כפר דניאל,1999,1
,כפר ורבורג,1999,9
,כפר מימון,1999,5
,כפר סירקין,1999,2
,כפר עזה,1999,8
,כפר עקב,1999,2
,לכיש,1999,1
,מ. א. באר טוביה,1999,15
,מ. א. ברנר,1999,5
,מ. א. גזר,1999,8
,מ. א. גן רוה,1999,12
,מ. א. חבל יבנה,1999,1
,מ. א. יואב,1999,6
,מ. א. לכיש,1999,2
,מ. א. עמק לוד,1999,3
,מסמיה,1999,1
,מרכז שפירא,1999,27
,נגבה,1999,2
,נהורה,1999,21
,נחלת יהודה,1999,6
,נטעים,1999,6
,ניסנית,1999,8
,ניר בנים,1999,3
,ניר גלים,1999,16
,"ניר ח""ן",1999,9
,ניר ישראל,1999,5
,ניר צבי,1999,3
,נען,1999,2
,עזר,1999,1
,עזריה,1999,2
,עזריקם,1999,2
,ערוגות,1999,11
,פדיה,1999,1
,צלפון,1999,1
,קלחים,1999,4
,קריית מלאכי,1999,217
,קרית חיים,1999,288
,רבדים,1999,1
,שדה עוזיהו,1999,4
,שדה צבי,1999,1
,שחר,1999,5
,שיבולים,1999,5
,שפיר,1999,13
,שתולים,1999,7
,תאשור,1999,1
,תדהר,1999,2
,תושיה,1999,1
,תימורים,1999,7
,תל שבע,1999,1
,תלמי יחיאל,1999,3
,תלמים,1999,1
,,2000,103
,*מגדל תפן*,2000,1
,אבו גוש,2000,11
,אבו סנאן,2000,34
,אבטליון,2000,3
,אביעזר,2000,1
,אבן מנחם,2000,1
,אדירים,2000,5
,אדמית,2000,3
,אדרת,2000,1
,אום אל-פחם,2000,216
,אחיהוד,2000,3
,אלוני הבשן,2000,1
,אניעם,2000,1
,אפיק,2000,2
,אשחר,2000,8
,אשלים,2000,21
,אשתאול,2000,35
,בוסתן הגליל,2000,12
,בית ג'ן,2000,84
,בית הגדי,2000,5
,בית זית,2000,4
,בית נקופה,2000,5
,בית שאן,2000,175
,ביתר עילית,2000,25
,בן עמי,2000,1
,בני יהודה,2000,5
,בענה,2000,42
,בר גיורא,2000,2
,ברטעה,2000,2
,ג'דיידה-מכר,2000,30
,ג'ולס,2000,29
,גבעת יערים,2000,16
,גבעת ישעיהו,2000,18
,גדיידה,2000,6
,גדיש,2000,1
,גדעונה,2000,3
,גורנות הגליל,2000,2
,גילון,2000,7
,גילת,2000,9
,גיתה,2000,3
,גלאון,2000,1
,גן נר,2000,19
,גת בגליל,2000,1
,דבורה,2000,1
,דברת,2000,5
,דייר אל-אסד,2000,9
,דייר חנא,2000,10
,דקל,2000,3
,הילה,2000,1
,הררית,2000,1
,זכריה,2000,2
,זלפה,2000,2
,זנוח,2000,17
,חבר,2000,5
,חוסן,2000,4
,חורה,2000,2
,חורפיש,2000,14
,חלוץ,2000,6
,חניתה,2000,16
,חספין,2000,10
,חצבה,2000,3
,חריש,2000,7
,חרשים,2000,1
,טייבה )בעמק(,2000,1
,טל-אל,2000,4
,טמרה,2000,86
,יאנוח,2000,7
,יאנוח-ג'ת,2000,2
,יובלים,2000,2
,יונתן,2000,1
,יטבתה,2000,1
,יעל,2000,2
,יערה,2000,3
,ירדנה,2000,2
,ירוחם,2000,84
,ירכא,2000,75
,ישע,2000,2
,כאבול,2000,17
,כאוכב אבו אל-היג'א,2000,11
,כברי,2000,1
,כיסרא,2000,4
,כליל,2000,1
,כפר החורש,2000,18
,"כפר הרי""ף",2000,10
,כפר ורדים,2000,80
,כפר חנניה,2000,2
,כפר יאסיף,2000,23
,כפר מצר,2000,1
,כפר סמיע,2000,7
,לבון,2000,24
,להבים,2000,15
,לוחמי הגיטאות,2000,2
,לקיה,2000,1
,מ. א. בקעת בית שאן,2000,2
,מ. א. הגליל העליון,2000,10
,מ. א. מטה יהודה,2000,9
,מ. א. משגב,2000,9
,מ. א. רמת נגב,2000,4
,מבוא ביתר,2000,9
,מבועים,2000,4
,מבשרת ציון,2000,211
,מג`ד אל-כרום,2000,79
,מגדל העמק,2000,349
,מולדת,2000,15
,מועאוויה,2000,10
,מוצא תחתית,2000,6
,מוקייבלה,2000,8
,מורשת,2000,16
,מושיירפה,2000,4
,מזרעה,2000,3
,מחנה גבעת חנניה,2000,18
,מחנה יבור,2000,2
,מי עמי,2000,2
,מירב,2000,7
,מיתר,2000,22
,מכמנים,2000,1
,מכר,2000,4
,מלאה,2000,7
,מלילות,2000,1
,מנוף,2000,5
,מנות,2000,1
,מסילת ציון,2000,27
,מעגלים,2000,4
,מעיליא,2000,47
,מעלה עירון,2000,1
,מעלות-תרשיחא,2000,231
,מצפה רמון,2000,45
,משגב,2000,2
,משהד,2000,98
,משמר העמק,2000,8
,נאות גולן,2000,3
,נאות הכיכר,2000,1
,נבטים,2000,2
,"נווה אטי""ב",2000,2
,נווה חריף,2000,2
,נחם,2000,6
,נחף,2000,32
,נטור,2000,1
,נטף,2000,1
,ניצני סיני,2000,2
,נס עמים,2000,1
,נצרת,2000,204
,סאג'ור,2000,21
,סאלם,2000,4
,סגולה,2000,6
,סח'נין,2000,90
,סלמה,2000,9
,ספיר,2000,34
,עומר,2000,72
,עין איברהים,2000,3
,עין אל-אסד,2000,8
,עין בוקק,2000,1
,עין המפרץ,2000,21
,עין יהב,2000,3
,עין נקובא,2000,1
,עמינדב,2000,2
,עצמון שגב,2000,12
,עראבה,2000,35
,עראמשה,2000,1
,פארן,2000,1
,פסוטה,2000,22
,פקיעין )בוקייעה(,2000,8
,צביה,2000,2
,צהל,2000,1
,צוחר,2000,1
,צור הדסה,2000,66
,צורית,2000,7
,צנדלה,2000,3
,צפרירים,2000,2
,קציר,2000,34
,קצרין,2000,61
,קריית יערים,2000,13
,קרית יערים)מוסד(,2000,4
,ראמה,2000,58
,רביבים,2000,1
,רגבה,2000,1
,רהט,2000,4
,רוויה,2000,1
,רם-און,2000,38
,רמות,2000,1
,רמת חובב,2000,3
,רמת רזיאל,2000,2
,רקפת,2000,2
,שבי ציון,2000,2
,שגב-שלום,2000,34
,שדה בוקר,2000,17
,שדה משה,2000,6
,שדה נחום,2000,6
,שדי תרומות,2000,2
,שואבה,2000,8
,שומרה,2000,1
,שורש,2000,39
,שורשים,2000,1
,שייח' דנון,2000,1
,שלומי,2000,87
,שמשית,2000,19
,שעב,2000,22
,שריגים )לי-און(,2000,11
,שרשרת,2000,1
,תובל,2000,4
,תירוש,2000,1
,תל עדשים,2000,6
,תל שבע,2000,1
,תל תאומים,2000,3
,"תלמי ביל""ו",2000,3
,אביאל,2000,1
,אור עקיבא,2000,189
,אילניה,2000,2
,אכסאל,2000,22
,אלומות,2000,2
,אלון הגליל,2000,2
,אלוני אבא,2000,7
,אליקים,2000,1
,אמירים,2000,1
,אמנון,2000,1
,אעבלין,2000,228
,אפק,2000,2
,אשרת,2000,5
,בועיינה-נוג'ידאת,2000,6
,ביר אל-מכסור,2000,14
,ביריה,2000,3
,בית אורן,2000,2
,בית זרע,2000,4
,בית לחם הגלילית,2000,1
,בית רימון,2000,5
,בלפוריה,2000,2
,בר יוחאי,2000,4
,ברקאי,2000,1
,בת שלמה,2000,22
,ג'ש )גוש חלב(,2000,28
,גבע כרמל,2000,4
,גבעת אבני,2000,26
,גבעת אלה,2000,3
,"גבעת ניל""י",2000,8
,גבעת עדה,2000,89
,דאלית אל-כרמל,2000,120
,דבוריה,2000,39
,דור,2000,2
,דחי,2000,3
,דישון,2000,2
,הבונים,2000,32
,הזורע,2000,1
,הסוללים,2000,44
,זכרון יעקב,2000,381
,זרזיר,2000,23
,חג'אג'רה*,2000,2
,חזון,2000,1
,חמאם,2000,6
,חנתון,2000,1
,חצור הגלילית,2000,57
,טובא-זנגריה,2000,5
,טורעאן,2000,50
,טירת כרמל,2000,318
,טפחות,2000,7
,יבנאל,2000,89
,יובל,2000,1
,יזרעאל,2000,1
,יסוד המעלה,2000,9
,יפיע,2000,58
,יקנעם )מושבה(,2000,27
,יקנעם עילית,2000,157
,כורזים,2000,3
,כנרת )מושבה(,2000,11
,כפר ביאליק,2000,2
,כפר גדעון,2000,2
,כפר המכבי,2000,7
,כפר הנשיא,2000,4
,כפר זיתים,2000,1
,כפר חיטים,2000,4
,כפר חסידים א',2000,1
,כפר יהושע,2000,8
,כפר כמא,2000,22
,כפר כנא,2000,52
,כפר מנדא,2000,38
,כפר פינס,2000,2
,כפר קיש,2000,2
,כפר קרע,2000,8
,כפר תבור,2000,114
,"כרם מהר""ל",2000,7
,לביא,2000,2
,לבנים,2000,1
,מ. א. הגליל התחתון,2000,5
,מ. א. מרום הגליל,2000,5
,מגאר,2000,30
,מגדים,2000,17
,מגדל,2000,34
,מזרע,2000,2
,מטולה,2000,7
,מנחמיה,2000,2
,מסד,2000,5
,מעין ברוך,2000,1
,מצפה,2000,2
,מרגליות,2000,2
,מרחביה )מושב(,2000,5
,מרחביה )קיבוץ(,2000,7
,משמר הירדן,2000,3
,נאעורה,2000,4
,נופית,2000,79
,ניין,2000,8
,סולם,2000,12
,עארה,2000,3
,עדי,2000,10
,עוזייר,2000,9
,עופר,2000,2
,עיילבון,2000,48
,עילוט,2000,41
,עין איילה,2000,17
,עין הוד,2000,3
,עין העמק,2000,1
,עין זיתים,2000,2
,עין כרמל,2000,1
,עין מאהל,2000,49
,עמיקם,2000,4
,עספיא,2000,101
,ערערה,2000,35
,עתלית,2000,61
,פוריה - כפר עבודה,2000,1
,פוריה - נווה עובד,2000,7
,פוריה עילית,2000,13
,פוריידיס,2000,11
,ציפורי,2000,19
,צמח,2000,1
,צפת,2000,338
,צרופה,2000,4
,קורנית,2000,1
,קיסריה,2000,81
,קריית טבעון,2000,197
,קריית שמונה,2000,187
,קרית חיים,2000,243
,ראש פינה,2000,88
,רגבים,2000,1
,רומת הייב,2000,2
,ריחאניה,2000,2
,ריינה,2000,109
,רכסים,2000,69
,רמת השופט,2000,1
,רמת ישי,2000,74
,שבלי - אום אל-גנם,2000,10
,שדות ים,2000,27
,שדמות דבורה,2000,1
,שכניה,2000,5
,שניר,2000,17
,שער העמקים,2000,1
,שפר,2000,1
,שפרעם,2000,127
,שרונה,2000,57
,שריד,2000,3
,תל קציר,2000,1
,תמרת,2000,1
,אבטין,2000,10
,אביחיל,2000,6
,אבן יהודה,2000,155
,אודים,2000,2
,אזור,2000,163
,אחיטוב,2000,2
,אחיסמך,2000,1
,איבתאן,2000,3
,אליכין,2000,17
,אלישיב,2000,1
,אלישמע,2000,2
,אלעד,2000,581
,ארסוף,2000,2
,באקה אל-גרביה,2000,31
,בארות יצחק,2000,1
,בארותיים,2000,2
,בורגתה,2000,2
,ביר א סכה,2000,2
,בית אלעזרי,2000,7
,בית גמליאל,2000,1
,בית דגן,2000,52
,בית חירות,2000,1
,בית חלקיה,2000,1
,בית חנניה,2000,2
,בית חשמונאי,2000,2
,בית יהושע,2000,2
,בית ינאי,2000,3
,בית יצחק-שער חפר,2000,12
,בית נחמיה,2000,3
,בית עזרא,2000,3
,בית עריף,2000,1
,בן שמן )מושב(,2000,1
,בני דרור,2000,79
,בני ציון,2000,44
,בני ראם,2000,11
,בניה,2000,1
,בנימינה-גבעת עדה,2000,173
,בסמת טבעון,2000,2
,בצרה,2000,24
,בת חפר,2000,5
,ג'לג'וליה,2000,11
,ג'סר א-זרקא,2000,33
,ג'ת,2000,24
,"גבעת ח""ן",2000,1
,גבעת שמואל,2000,590
,גדרה,2000,434
,גליל ים,2000,6
,גן השומרון,2000,3
,גן חיים,2000,18
,גן יאשיה,2000,1
,גנות הדר,2000,7
,גני הדר,2000,46
,גני יהודה,2000,12
,גני יוחנן,2000,1
,גני עם,2000,5
,גני תקווה,2000,236
,געש,2000,6
,העוגן,2000,1
,זיתא,2000,2
,זיתן,2000,7
,ח'ואלד )שבט(,2000,4
,חבצלת השרון,2000,2
,חגור,2000,2
,חגלה,2000,20
,חופית,2000,16
,חיבת ציון,2000,6
,חירות,2000,2
,חלף,2000,1
,חניאל,2000,1
,חרב לאת,2000,13
,חרוצים,2000,3
,טייבה,2000,48
,טירה,2000,22
,טירת יהודה,2000,10
,טל שחר,2000,1
,יד חנה,2000,51
,"יד רמב""ם",2000,17
,יהוד,2000,354
,ימא,2000,11
,ינוב,2000,4
,יעף,2000,2
,יציץ,2000,2
,יקום,2000,2
,ירחיב,2000,4
,ישרש,2000,12
,כוכב יאיר,2000,19
,כעביה-טבאש-חג'אג'רה,2000,3
,"כפר אז""ר",2000,3
,כפר בן נון,2000,4
,כפר ברא,2000,2
,כפר הס,2000,11
,כפר ויתקין,2000,3
,"כפר חב""ד",2000,1
,כפר חיים,2000,2
,כפר טרומן,2000,6
,כפר ידידיה,2000,1
,כפר יונה,2000,280
,כפר יעבץ,2000,3
,כפר מונש,2000,1
,"כפר מל""ל",2000,4
,כפר נטר,2000,12
,כפר קאסם,2000,30
,כפר רות,2000,2
,כפר שמואל,2000,2
,כפר שמריהו,2000,31
,לפיד,2000,19
,מ. א. דרום השרון,2000,2
,מאור,2000,1
,מזור,2000,2
,מזכרת בתיה,2000,94
,מייסר,2000,9
,מכבים-רעות,2000,47
,מכמורת,2000,3
,מענית,2000,1
,מעש,2000,1
,מצליח,2000,4
,משמר השרון,2000,1
,משמרות,2000,1
,משמרת,2000,29
,מתן,2000,22
,נווה אפרים,2000,7
,נווה ימין,2000,5
,נווה ירק,2000,2
,נווה מבטח,2000,1
,נורדיה,2000,8
,נחלים,2000,4
,ניצני עוז,2000,3
,נירית,2000,2
,סביון*,2000,158
,סתריה,2000,1
,עדנים,2000,6
,עולש,2000,1
,עזריאל,2000,2
,עין החורש,2000,1
,עין ורד,2000,2
,עין שריד,2000,11
,עשרת,2000,7
,פורת,2000,2
,פרדסיה,2000,28
,פתחיה,2000,1
,צופית,2000,13
,צור יגאל,2000,47
,צור יצחק,2000,1
,צור משה,2000,45
,צורן,2000,70
,צלפון,2000,5
,קדימה-צורן,2000,116
,קדרון,2000,4
,קלנסווה,2000,37
,קריית עקרון,2000,50
,ראס עלי,2000,1
,רמות השבים,2000,34
,רמות מאיר,2000,2
,רמת אפעל,2000,33
,רשפון,2000,83
,שדה ורבורג,2000,9
,שדי חמד,2000,2
,שוהם,2000,358
,שילת,2000,1
,שעלבים,2000,10
,שער אפרים,2000,28
,שפיים,2000,3
,תל יצחק,2000,6
,תל מונד,2000,150
,תנובות,2000,16
,תעוז,2000,2
,אביגדור,2000,2
,אורה,2000,9
,אורות,2000,11
,אחווה,2000,1
,אירוס,2000,5
,אמונים,2000,6
,באר טוביה,2000,4
,בטחה,2000,5
,ביצרון,2000,13
,בית אל,2000,1
,בית חנן,2000,7
,בית שקמה,2000,2
,"בני עי""ש",2000,57
,גאליה,2000,1
,גבעולים,2000,5
,גבעת ברנר,2000,3
,גבעתי,2000,4
,גזר,2000,4
,גיאה,2000,24
,גיבתון,2000,4
,גן יבנה,2000,245
,גן שלמה,2000,21
,ורדון,2000,4
,זבדיאל,2000,6
,זרועה,2000,4
,זרחיה,2000,2
,חדיד,2000,1
,חלץ,2000,1
,חצב,2000,2
,יד נתן,2000,1
,ינון,2000,2
,כפר אביב,2000,1
,כפר אחים,2000,3
,"כפר ביל""ו",2000,11
,כפר דניאל,2000,1
,כפר ורבורג,2000,7
,כפר מימון,2000,6
,כפר סירקין,2000,1
,כפר עזה,2000,6
,כרמי יוסף,2000,2
,מ. א. באר טוביה,2000,2
,מ. א. ברנר,2000,1
,מ. א. גזר,2000,2
,מ. א. גן רוה,2000,6
,מ. א. חבל מודיעין,2000,1
,מ. א. עמק לוד,2000,1
,מסלול,2000,3
,מסמיה,2000,2
,מרכז שפירא,2000,16
,משען,2000,26
,נהורה,2000,57
,נוגה,2000,6
,נחלת יהודה,2000,17
,נטעים,2000,3
,ניסנית,2000,3
,ניר בנים,2000,2
,ניר גלים,2000,11
,"ניר ח""ן",2000,3
,ניר ישראל,2000,8
,ניר צבי,2000,3
,נס הרים,2000,1
,ערוגות,2000,14
,פטיש,2000,4
,קלחים,2000,2
,קריית מלאכי,2000,192
,שחר,2000,1
,שיבולים,2000,3
,שפיר,2000,12
,שתולים,2000,7
,תושיה,2000,9
,תימורים,2000,11
,תלמי יחיאל,2000,5
,תלמים,2000,2
,תקומה,2000,1
,,2001,135
,אבו גוש,2001,2
,אבו סנאן,2001,26
,אבטליון,2001,8
,אביעזר,2001,1
,אבן מנחם,2001,3
,אדמית,2001,6
,אדרת,2001,1
,אוהד,2001,4
,אום אל-פחם,2001,154
,אחיהוד,2001,3
,אילות,2001,1
,אלקוש,2001,1
,אפיק,2001,1
,ארבל,2001,36
,אשחר,2001,7
,אשלים,2001,21
,אשתאול,2001,17
,בוסתן הגליל,2001,57
,בית ג'ן,2001,88
,בית הגדי,2001,30
,בית זית,2001,5
,בית יוסף,2001,3
,בית ניר,2001,2
,בית נקופה,2001,6
,בית שאן,2001,128
,בן עמי,2001,5
,בני יהודה,2001,5
,"בסמ""ה",2001,3
,בענה,2001,44
,ברטעה,2001,4
,ברק,2001,6
,ג'דיידה-מכר,2001,29
,ג'ולס,2001,24
,גבעת אלה,2001,2
,גבעת יואב,2001,2
,גבעת יערים,2001,9
,גבעת ישעיהו,2001,2
,גדיידה,2001,9
,גדיש,2001,3
,גורנות הגליל,2001,2
,גילון,2001,2
,גילת,2001,7
,גיתה,2001,2
,גן נר,2001,12
,גפן,2001,5
,גשר הזיו,2001,3
,גת בגליל,2001,4
,דברת,2001,3
,דייר אל-אסד,2001,19
,דייר חנא,2001,51
,דקל,2001,5
,הושעיה,2001,23
,הררית,2001,1
,זכריה,2001,3
,זלפה,2001,3
,זרועה,2001,13
,חבר,2001,3
,חוסן,2001,30
,חורפיש,2001,17
,חלוץ,2001,3
,חניתה,2001,30
,חספין,2001,10
,חריש,2001,4
,טייבה )בעמק(,2001,1
,טל-אל,2001,3
,טמרה,2001,179
,יאנוח,2001,11
,יובלים,2001,3
,יודפת,2001,7
,יזרעאל,2001,3
,יעד,2001,2
,יעל,2001,1
,יערה,2001,1
,ירוחם,2001,75
,ירכא,2001,41
,ישע,2001,4
,כאבול,2001,25
,כאוכב אבו אל-היג'א,2001,64
,כיסרא,2001,2
,כמון,2001,2
,כסיפה,2001,1
,כסלון,2001,2
,כסרא-סמיע,2001,26
,כפר אל עוברה,2001,3
,כפר החורש,2001,42
,"כפר הרי""ף",2001,6
,כפר ורדים,2001,110
,כפר יאסיף,2001,31
,כפר יחזקאל,2001,19
,כפר סמיע,2001,5
,כפר ראש הנקרה,2001,8
,כפר רופין,2001,2
,לבון,2001,7
,להבים,2001,9
,ליבנה,2001,1
,לקיה,2001,1
,מ. א. בקעת בית שאן,2001,10
,מ. א. הגליל העליון,2001,16
,מ. א. חבל אילות,2001,2
,מ. א. מטה יהודה,2001,11
,מ. א. משגב,2001,45
,מ. א. רמת נגב,2001,3
,מבוא ביתר,2001,1
,מבועים,2001,48
,מבשרת ציון,2001,186
,מג`ד אל-כרום,2001,72
,מגדל העמק,2001,378
,מגן שאול,2001,8
,מולדת,2001,4
,מועאוויה,2001,14
,מוצא תחתית,2001,3
,מוצמוץ,2001,1
,מוקייבלה,2001,6
,מושיירפה,2001,1
,מזרעה,2001,4
,מחנה גבעת חנניה,2001,1
,מטע,2001,3
,מירון,2001,7
,מיתר,2001,14
,מכמנים,2001,6
,מכר,2001,12
,מלאה,2001,7
,מנוף,2001,1
,מסילת ציון,2001,12
,מסלול,2001,6
,מעגלים,2001,2
,מעיליא,2001,35
,מעלה עירון,2001,5
,מעלות-תרשיחא,2001,280
,מצפה רמון,2001,61
,משגב,2001,1
,משמר העמק,2001,4
,נבטים,2001,7
,"נווה אטי""ב",2001,1
,נווה חריף,2001,1
,נחם,2001,5
,נחף,2001,43
,נטועה,2001,2
,ניר יפה,2001,20
,נצרת,2001,315
,נתיב השיירה,2001,2
,סאג'ור,2001,37
,סגולה,2001,22
,סח'נין,2001,88
,סלמה,2001,11
,סמר,2001,6
,ספיר,2001,8
,עגור,2001,5
,עומר,2001,57
,עידן,2001,1
,עין אל-אסד,2001,5
,עין הבשור,2001,8
,עין המפרץ,2001,16
,עין יהב,2001,4
,עין יעקב,2001,16
,"עין כרם-בי""ס חקלאי",2001,1
,עצמון שגב,2001,3
,עראבה,2001,44
,עראמשה,2001,7
,פדויים,2001,10
,פטיש,2001,22
,פסוטה,2001,40
,פקיעין )בוקייעה(,2001,21
,פקיעין חדשה,2001,5
,פרזון,2001,1
,צביה,2001,6
,צוחר,2001,3
,צור הדסה,2001,27
,צנדלה,2001,1
,קורנית,2001,2
,קלחים,2001,14
,קציר,2001,15
,קצרין,2001,83
,קריית יערים,2001,14
,קרית יערים)מוסד(,2001,1
,ראמה,2001,50
,רביבים,2001,1
,רהט,2001,1
,רוויה,2001,20
,רם-און,2001,9
,רמת חובב,2001,1
,רמת רזיאל,2001,4
,רמת רחל,2001,1
,רנן,2001,3
,רקפת,2001,1
,רתמים,2001,1
,שבי ציון,2001,4
,שגב-שלום,2001,18
,שדה בוקר,2001,7
,שדה משה,2001,10
,שדה נחום,2001,3
,שדה צבי,2001,1
,שדי תרומות,2001,1
,שואבה,2001,4
,שורש,2001,30
,שורשים,2001,13
,שייח' דנון,2001,3
,שכניה,2001,6
,שלומי,2001,86
,שמרת,2001,3
,שני,2001,1
,שעב,2001,4
,שריגים )לי-און(,2001,10
,שרשרת,2001,9
,תאשור,2001,1
,תירוש,2001,2
,"תלמי ביל""ו",2001,1
,אביאל,2001,8
,אור עקיבא,2001,224
,אושה,2001,1
,אילניה,2001,3
,אכסאל,2001,32
,אלון הגליל,2001,2
,אליקים,2001,6
,אמירים,2001,2
,אעבלין,2001,257
,אפק,2001,1
,בועיינה-נוג'ידאת,2001,9
,ביר אל-מכסור,2001,35
,בית אורן,2001,2
,בית לחם הגלילית,2001,50
,בית שערים,2001,4
,בלפוריה,2001,3
,בר יוחאי,2001,3
,ברקאי,2001,2
,בת שלמה,2001,6
,ג'ש )גוש חלב(,2001,19
,גבע כרמל,2001,13
,גבעת אבני,2001,13
,"גבעת ניל""י",2001,4
,גבעת עדה,2001,103
,דאלית אל-כרמל,2001,165
,דבוריה,2001,44
,דור,2001,1
,דחי,2001,1
,הבונים,2001,20
,החותרים,2001,1
,הסוללים,2001,19
,זובידאת )שבט(,2001,1
,זכרון יעקב,2001,292
,זרזיר,2001,12
,חזון,2001,2
,חצור הגלילית,2001,104
,חרוצים,2001,5
,טבאש,2001,13
,טובא-זנגריה,2001,9
,טורעאן,2001,79
,טירת כרמל,2001,309
,טפחות,2001,5
,יבנאל,2001,64
,יסוד המעלה,2001,9
,יפיע,2001,56
,יקנעם )מושבה(,2001,26
,יקנעם עילית,2001,142
,כורזים,2001,2
,כנרת )מושבה(,2001,15
,כפר ביאליק,2001,4
,כפר גלעדי,2001,1
,כפר זיתים,2001,1
,כפר חושן,2001,4
,כפר חיטים,2001,1
,כפר חסידים א',2001,1
,כפר יהושע,2001,4
,כפר כמא,2001,14
,כפר כנא,2001,34
,כפר מנדא,2001,39
,כפר קיש,2001,4
,כפר קרע,2001,19
,כפר תבור,2001,56
,"כרם מהר""ל",2001,2
,לביא,2001,3
,מ. א. הגליל התחתון,2001,10
,מ. א. מרום הגליל,2001,4
,מגאר,2001,35
,מגדים,2001,5
,מגדל,2001,41
,מורשת,2001,4
,מזרע,2001,1
,מטולה,2001,21
,מנחמיה,2001,5
,מסד,2001,12
,מרגליות,2001,2
,מרחביה )מושב(,2001,4
,מרחביה )קיבוץ(,2001,2
,משגב עם,2001,1
,משהד,2001,90
,משמר הירדן,2001,4
,נאעורה,2001,4
,נהלל,2001,2
,נופית,2001,26
,ניין,2001,17
,סולם,2001,9
,עארה,2001,6
,עדי,2001,4
,עוזייר,2001,1
,עיילבון,2001,37
,עילוט,2001,33
,עין איילה,2001,21
,עין מאהל,2001,18
,עמיעד,2001,1
,עמיקם,2001,8
,עספיא,2001,81
,ערערה,2001,25
,עתלית,2001,48
,פוריה - כפר עבודה,2001,7
,פוריה - נווה עובד,2001,12
,פוריה עילית,2001,22
,פוריידיס,2001,14
,ציפורי,2001,68
,צפת,2001,338
,צרופה,2001,2
,קיסריה,2001,118
,קריית טבעון,2001,165
,קריית שמונה,2001,391
,ראש פינה,2001,45
,רגבים,2001,3
,ריחאניה,2001,2
,ריינה,2001,101
,רכסים,2001,56
,רמת השופט,2001,2
,רמת יוחנן,2001,3
,רמת ישי,2001,51
,רמת צבי,2001,2
,שדה אילן,2001,6
,שדה יעקב,2001,3
,שדות ים,2001,25
,שדמות דבורה,2001,1
,שמשית,2001,6
,שניר,2001,7
,שפר,2001,1
,שפרעם,2001,156
,שרונה,2001,16
,שריד,2001,2
,תל עדשים,2001,20
,תמרת,2001,2
,אבטין,2001,5
,אביחיל,2001,5
,אבן יהודה,2001,111
,אודים,2001,3
,אזור,2001,162
,אחיטוב,2001,4
,אחיעזר,2001,3
,איבתאן,2001,3
,אייל,2001,1
,אליכין,2001,8
,אלישיב,2001,1
,אלישמע,2001,2
,אלעד,2001,597
,ארסוף,2001,11
,באקה אל-גרביה,2001,46
,בורגתה,2001,2
,ביר א סכה,2001,2
,בית אלעזרי,2001,32
,בית גמליאל,2001,3
,בית דגן,2001,67
,בית חירות,2001,2
,בית חלקיה,2001,20
,בית חנניה,2001,10
,בית חשמונאי,2001,3
,בית ינאי,2001,6
,בית יצחק-שער חפר,2001,5
,בית עוזיאל,2001,1
,בית עריף,2001,14
,ביתן אהרן,2001,1
,בן שמן )מושב(,2001,2
,בני דרור,2001,16
,בני עטרות,2001,2
,בני ציון,2001,20
,בני ראם,2001,15
,בניה,2001,3
,בנימינה-גבעת עדה,2001,123
,בסמת טבעון,2001,3
,בצרה,2001,8
,בת חפר,2001,1
,ג'לג'וליה,2001,15
,ג'סר א-זרקא,2001,31
,ג'ת,2001,32
,גאולים,2001,4
,גבעת השלושה,2001,1
,"גבעת ח""ן",2001,2
,גבעת שמואל,2001,357
,גדרה,2001,440
,גזר,2001,10
,גליל ים,2001,10
,גן השומרון,2001,7
,גן חיים,2001,33
,גן יאשיה,2001,18
,גן שורק,2001,1
,גן שמואל,2001,1
,גנות הדר,2001,10
,גני הדר,2001,28
,גני יהודה,2001,12
,גני יוחנן,2001,7
,גני עם,2001,6
,גני תקווה,2001,149
,געש,2001,2
,הדר עם,2001,2
,זיתא,2001,2
,זיתן,2001,10
,זמר,2001,3
,ח'ואלד )שבט(,2001,2
,חבצלת השרון,2001,5
,חגור,2001,3
,חגלה,2001,14
,חופית,2001,7
,חיבת ציון,2001,1
,חירות,2001,5
,חרב לאת,2001,8
,טייבה,2001,69
,טירה,2001,21
,טירת יהודה,2001,4
,יגל,2001,1
,יד חנה,2001,17
,"יד רמב""ם",2001,6
,יהוד,2001,350
,ימא,2001,3
,ינוב,2001,3
,יציץ,2001,1
,יקום,2001,3
,ירחיב,2001,1
,ירקונה,2001,5
,ישרש,2001,2
,כוכב יאיר,2001,8
,כעביה-טבאש-חג'אג'רה,2001,4
,"כפר אז""ר",2001,1
,כפר בן נון,2001,10
,כפר ברא,2001,3
,כפר המכבי,2001,5
,כפר הס,2001,10
,כפר ויתקין,2001,8
,"כפר חב""ד",2001,3
,כפר טרומן,2001,9
,כפר ידידיה,2001,1
,כפר יונה,2001,255
,כפר יעבץ,2001,3
,כפר מונש,2001,4
,"כפר מל""ל",2001,3
,כפר מרדכי,2001,4
,כפר נטר,2001,66
,כפר קאסם,2001,30
,כפר רות,2001,2
,כפר שמואל,2001,1
,כפר שמריהו,2001,30
,כרמי יוסף,2001,1
,לפיד,2001,13
,מ. א. דרום השרון,2001,2
,מ. א. חבל מודיעין,2001,1
,מאור,2001,3
,מזור,2001,1
,מזכרת בתיה,2001,107
,מייסר,2001,4
,מישר,2001,8
,מכבים-רעות,2001,37
,מכמורת,2001,3
,מענית,2001,1
,מעש,2001,1
,מצליח,2001,6
,מצר,2001,1
,מרגה,2001,2
,משגב דב,2001,1
,משמרת,2001,34
,מתן,2001,11
,נווה אפרים,2001,7
,נווה ימין,2001,1
,נווה ירק,2001,11
,נורדיה,2001,15
,נחלים,2001,4
,ניצני עוז,2001,2
,נירית,2001,3
,סביון*,2001,33
,סתריה,2001,3
,עזריאל,2001,2
,עין ורד,2001,4
,עין שמר,2001,2
,עין שריד,2001,5
,עשרת,2001,13
,פארק תעשיות עמק חפר,2001,1
,פורת,2001,1
,פרדסיה,2001,31
,פתחיה,2001,1
,צופית,2001,7
,צור יגאל,2001,26
,צור משה,2001,38
,צורן,2001,41
,צפריה,2001,2
,קדימה-צורן,2001,132
,קדרון,2001,17
,קלנסווה,2001,27
,קריית עקרון,2001,72
,רמות השבים,2001,12
,רמות מאיר,2001,3
,רמת אפעל,2001,14
,רשפון,2001,28
,שדה ורבורג,2001,1
,שדי חמד,2001,1
,שדמה,2001,1
,שוהם,2001,228
,שילת,2001,2
,שעלבים,2001,10
,שער אפרים,2001,3
,שפיים,2001,5
,תל יצחק,2001,5
,תל מונד,2001,185
,תלמי אלעזר,2001,1
,תנובות,2001,6
,אביגדור,2001,2
,אורה,2001,6
,אורות,2001,3
,אחוזם,2001,1
,אירוס,2001,1
,אמונים,2001,1
,באר טוביה,2001,8
,בטחה,2001,2
,ביצרון,2001,13
,בית חנן,2001,6
,בית עזרא,2001,2
,בית שקמה,2001,9
,ביתר עילית,2001,6
,בני דרום,2001,10
,"בני עי""ש",2001,70
,ברוש,2001,5
,בת הדר,2001,1
,גאליה,2001,18
,גבעולים,2001,13
,גבעת ברנר,2001,26
,גבעתי,2001,8
,גיאה,2001,4
,גמזו,2001,2
,גן יבנה,2001,263
,גן שלמה,2001,17
,"דרום השרון מ""א 02",2001,1
,הודיה,2001,3
,זרחיה,2001,6
,חצב,2001,4
,ינון,2001,7
,כפר אחים,2001,11
,"כפר ביל""ו",2001,5
,כפר ורבורג,2001,5
,כפר מימון,2001,4
,כפר סירקין,2001,7
,כפר עזה,2001,4
,לכיש,2001,1
,מ. א. ברנר,2001,3
,מלילות,2001,4
,מעלה אדומים,2001,1
,מרכז שפירא,2001,8
,משען,2001,2
,נהורה,2001,15
,נחלת יהודה,2001,10
,נטעים,2001,6
,ניסנית,2001,6
,ניר בנים,2001,2
,ניר גלים,2001,94
,"ניר ח""ן",2001,3
,ניר ישראל,2001,4
,ניר צבי,2001,3
,עזריה,2001,5
,עזריקם,2001,1
,עיינות,2001,1
,ערוגות,2001,5
,פרי גן,2001,4
,צלפון,2001,1
,קריית מלאכי,2001,283
,קרית חיים,2001,242
,שדה יואב,2001,1
,שחר,2001,2
,שיבולים,2001,3
,שפיר,2001,14
,שתולים,2001,10
,תדהר,2001,2
,תושיה,2001,11
,תימורים,2001,15
,תל יוסף,2001,1
,תלמי יחיאל,2001,10
,תלמי יפה,2001,6
,,2002,182
,אבו גוש,2002,9
,אבו סנאן,2002,43
,אבטליון,2002,6
,אביטל,2002,1
,אביעזר,2002,1
,אבן מנחם,2002,1
,אבן ספיר,2002,1
,אדמית,2002,2
,אדרת,2002,2
,אוהד,2002,4
,אום אל-פחם,2002,153
,אורה,2002,11
,אחיהוד,2002,19
,אילון,2002,1
,אילות,2002,1
,אלון הגליל,2002,26
,ארבל,2002,44
,אשחר,2002,12
,אשלים,2002,7
,אשרת,2002,7
,אשתאול,2002,27
,באר אורה,2002,3
,בוסתן הגליל,2002,38
,בטחה,2002,8
,בית ג'ן,2002,67
,בית הגדי,2002,13
,בית זית,2002,7
,בית ניר,2002,1
,בית נקופה,2002,12
,בית שאן,2002,83
,ביתר עילית,2002,19
,בן עמי,2002,7
,בני יהודה,2002,3
,בענה,2002,37
,בר גיורא,2002,1
,ברק,2002,1
,ג'דיידה-מכר,2002,29
,ג'ולס,2002,47
,גבעת יואב,2002,2
,גבעת יערים,2002,10
,גבעת ישעיהו,2002,3
,גדיידה,2002,11
,גדיש,2002,1
,גדעונה,2002,1
,גורנות הגליל,2002,1
,גילון,2002,2
,גילת,2002,26
,גיתה,2002,1
,גן נר,2002,12
,גפן,2002,5
,גשר הזיו,2002,12
,גת בגליל,2002,5
,דבורה,2002,4
,דברת,2002,1
,דייר אל-אסד,2002,9
,דייר חנא,2002,27
,הושעיה,2002,16
,הילה,2002,5
,זכריה,2002,5
,זלפה,2002,12
,חבר,2002,4
,חוסן,2002,30
,חורה,2002,2
,חורפיש,2002,31
,חלוץ,2002,2
,חניתה,2002,8
,חספין,2002,42
,חרשים,2002,1
,טייבה )בעמק(,2002,4
,טל-אל,2002,5
,טמרה,2002,100
,יאנוח,2002,6
,יאנוח-ג'ת,2002,1
,יובלים,2002,2
,יודפת,2002,4
,יזרעאל,2002,4
,יטבתה,2002,2
,יסעור,2002,5
,יערה,2002,2
,ירוחם,2002,52
,ירכא,2002,45
,ישע,2002,1
,כאבול,2002,29
,כברי,2002,1
,כיסרא,2002,3
,כליל,2002,1
,כמון,2002,3
,כסרא-סמיע,2002,5
,כפר החורש,2002,25
,"כפר הרי""ף",2002,5
,כפר ורדים,2002,68
,כפר חנניה,2002,16
,כפר יאסיף,2002,29
,כפר יחזקאל,2002,7
,כפר מימון,2002,8
,כפר מסריק,2002,1
,כפר מצר,2002,1
,כפר סמיע,2002,6
,כפר ראש הנקרה,2002,17
,כפר רוזנואלד )זרעית(,2002,2
,לבון,2002,7
,להבים,2002,13
,ליבנה,2002,1
,לימן,2002,1
,מ. א. בקעת בית שאן,2002,2
,מ. א. מטה אשר,2002,1
,מ. א. מטה יהודה,2002,9
,מ. א. משגב,2002,5
,מבוא ביתר,2002,3
,מבועים,2002,22
,מבשרת ציון,2002,299
,מג'דל שמס,2002,1
,מג`ד אל-כרום,2002,86
,מגדל העמק,2002,175
,מולדת,2002,15
,מועאוויה,2002,10
,מוצא תחתית,2002,11
,מוקייבלה,2002,4
,מזרעה,2002,2
,מחנה גבעת חנניה,2002,3
,מטע,2002,1
,מי עמי,2002,9
,מיתר,2002,27
,מכמנים,2002,4
,מכר,2002,28
,מלאה,2002,3
,מלילות,2002,6
,מנוף,2002,2
,מנות,2002,1
,מסילת ציון,2002,8
,מעגלים,2002,5
,מעונה,2002,5
,מעיליא,2002,57
,מעלה גלבוע,2002,3
,מעלה עירון,2002,9
,מעלות-תרשיחא,2002,174
,"מצפה אבי""ב",2002,3
,מצפה רמון,2002,28
,מרום גולן,2002,1
,משגב,2002,6
,נאות גולן,2002,1
,"נווה אטי""ב",2002,2
,נווה חריף,2002,1
,נווה מיכאל,2002,8
,נחלה,2002,4
,נחם,2002,3
,נחף,2002,65
,ניר יפה,2002,15
,נצרת,2002,195
,נתיב השיירה,2002,2
,סאג'ור,2002,37
,סאלם,2002,1
,סגולה,2002,12
,סח'נין,2002,104
,סלמה,2002,16
,סמר,2002,10
,סער,2002,1
,ספיר,2002,8
,עגור,2002,1
,עומר,2002,98
,עין איברהים,2002,1
,עין אל-אסד,2002,1
,עין הבשור,2002,40
,עין המפרץ,2002,6
,עין יהב,2002,9
,עין יעקב,2002,11
,עמינדב,2002,25
,עצמון שגב,2002,2
,עראבה,2002,62
,עראמשה,2002,1
,ערערה-בנגב,2002,1
,פדויים,2002,13
,פטיש,2002,16
,פסוטה,2002,42
,"פעמי תש""ז",2002,2
,פקיעין )בוקייעה(,2002,9
,פרזון,2002,1
,צביה,2002,1
,צהל,2002,1
,צוחר,2002,2
,צור הדסה,2002,34
,צורית,2002,8
,קטורה,2002,1
,קלחים,2002,19
,קצרין,2002,55
,קריית יערים,2002,18
,קרית יערים)מוסד(,2002,2
,ראמה,2002,56
,רביבים,2002,3
,רגבה,2002,261
,רהט,2002,3
,רוויה,2002,5
,רם-און,2002,6
,רמות,2002,1
,רמת רזיאל,2002,2
,רמת רחל,2002,1
,רנן,2002,3
,רקפת,2002,19
,שבי ציון,2002,2
,שגב-שלום,2002,24
,שדה בוקר,2002,28
,שדה משה,2002,11
,שדה נחום,2002,1
,שדה צבי,2002,3
,שדי תרומות,2002,2
,שואבה,2002,1
,שורש,2002,7
,שורשים,2002,2
,שזור,2002,1
,שיבולים,2002,6
,שייח' דנון,2002,1
,שכניה,2002,18
,שלומי,2002,70
,שמרת,2002,3
,שמשית,2002,15
,שעב,2002,12
,שריגים )לי-און(,2002,7
,שרשרת,2002,5
,תירוש,2002,2
,תל עדשים,2002,10
,תל שבע,2002,1
,"תלמי ביל""ו",2002,4
,אביאל,2002,43
,אור הגנוז,2002,2
,אור עקיבא,2002,151
,אושה,2002,8
,אילניה,2002,5
,אכסאל,2002,45
,אלוני אבא,2002,11
,אליקים,2002,2
,אמירים,2002,23
,אמנון,2002,1
,אעבלין,2002,292
,אפיקים,2002,3
,אפק,2002,2
,בועיינה-נוג'ידאת,2002,9
,ביר אל-מכסור,2002,14
,ביריה,2002,3
,בית זרע,2002,2
,בית לחם הגלילית,2002,6
,בית שערים,2002,1
,בלפוריה,2002,1
,בנימינה-גבעת עדה,2002,153
,בסמת טבעון,2002,6
,בר יוחאי,2002,6
,בת שלמה,2002,9
,ג'ש )גוש חלב(,2002,17
,גבע כרמל,2002,9
,גבעת אבני,2002,19
,גבעת אלה,2002,4
,"גבעת ניל""י",2002,10
,גבעת עדה,2002,68
,גיניגר,2002,2
,דאלית אל-כרמל,2002,132
,דבוריה,2002,40
,"דוב""ב",2002,7
,דור,2002,2
,דחי,2002,2
,דישון,2002,2
,דמיידה,2002,1
,הבונים,2002,14
,הזורעים,2002,1
,הסוללים,2002,5
,זכרון יעקב,2002,252
,זרזיר,2002,25
,חג'אג'רה*,2002,1
,חזון,2002,1
,חלף,2002,3
,חצור הגלילית,2002,44
,חרוצים,2002,5
,חריש,2002,7
,טבאש,2002,1
,טובא-זנגריה,2002,37
,טורעאן,2002,97
,טירת כרמל,2002,208
,טפחות,2002,4
,יבנאל,2002,70
,יסוד המעלה,2002,8
,יפיע,2002,69
,יקנעם )מושבה(,2002,32
,יקנעם עילית,2002,155
,כאוכב אבו אל-היג'א,2002,12
,כורזים,2002,3
,כלנית,2002,1
,כנרת )מושבה(,2002,7
,כפר ביאליק,2002,3
,כפר ברוך,2002,1
,כפר גדעון,2002,1
,כפר גלעדי,2002,6
,כפר המכבי,2002,7
,כפר זיתים,2002,1
,כפר חיטים,2002,10
,כפר חסידים א',2002,11
,כפר יהושע,2002,31
,כפר כמא,2002,9
,כפר כנא,2002,62
,כפר מנדא,2002,45
,כפר קיש,2002,1
,כפר קרע,2002,5
,כפר שמאי,2002,1
,כפר תבור,2002,74
,"כרם מהר""ל",2002,10
,לבנים,2002,1
,מ. א. הגליל העליון,2002,13
,מ. א. הגליל התחתון,2002,8
,מגאר,2002,46
,מגדים,2002,5
,מגדל,2002,34
,מורשת,2002,23
,מזרע,2002,3
,מטולה,2002,19
,מירון,2002,2
,מלכיה,2002,10
,מנחמיה,2002,6
,מסד,2002,8
,מצפה נטופה,2002,1
,מרגליות,2002,1
,מרחביה )מושב(,2002,3
,מרחביה )קיבוץ(,2002,4
,משהד,2002,35
,משמר הירדן,2002,2
,משמר העמק,2002,1
,נאעורה,2002,5
,נהלל,2002,2
,נווה ים,2002,1
,נופית,2002,21
,ניין,2002,10
,סולם,2002,8
,עארה,2002,4
,עדי,2002,18
,עופר,2002,1
,עיילבון,2002,66
,עילוט,2002,10
,עין איילה,2002,9
,עין דור,2002,1
,עין הוד,2002,2
,עין העמק,2002,3
,עין זיתים,2002,1
,עין מאהל,2002,33
,עין עירון,2002,1
,עכברה,2002,1
,עלמה,2002,2
,עמיקם,2002,16
,עספיא,2002,109
,ערערה,2002,36
,עתלית,2002,47
,פוריה - כפר עבודה,2002,3
,פוריה - נווה עובד,2002,4
,פוריה עילית,2002,18
,פוריידיס,2002,27
,ציפורי,2002,10
,צמח,2002,1
,צפת,2002,274
,צרופה,2002,3
,קדרים,2002,1
,קורנית,2002,5
,קיסריה,2002,131
,קציר,2002,8
,קריית טבעון,2002,173
,קריית שמונה,2002,220
,ראש פינה,2002,35
,רגבים,2002,11
,ריחאניה,2002,1
,ריינה,2002,79
,רכסים,2002,58
,רמות נפתלי,2002,1
,רמת השופט,2002,2
,רמת ישי,2002,53
,רמת צבי,2002,2
,שאר ישוב,2002,8
,שבלי - אום אל-גנם,2002,12
,שדה אילן,2002,4
,שדה יעקב,2002,6
,שדות ים,2002,30
,שניר,2002,12
,שפרעם,2002,181
,שרונה,2002,6
,שריד,2002,1
,תל קציר,2002,1
,תמרת,2002,1
,אבטין,2002,3
,אביחיל,2002,8
,אבן יהודה,2002,113
,אודים,2002,5
,אומץ,2002,6
,אזור,2002,153
,אחיטוב,2002,17
,אחיעזר,2002,1
,איבתאן,2002,1
,אליכין,2002,6
,אלישמע,2002,8
,אלעד,2002,702
,ארסוף,2002,2
,באקה אל-גרביה,2002,43
,בארותיים,2002,1
,בחן,2002,1
,בית אלעזרי,2002,27
,בית גמליאל,2002,1
,בית דגן,2002,63
,בית חירות,2002,9
,בית חלקיה,2002,7
,בית חנניה,2002,2
,בית חשמונאי,2002,4
,בית יהושע,2002,2
,בית יצחק-שער חפר,2002,12
,בית נחמיה,2002,3
,בית עריף,2002,6
,ביתן אהרן,2002,4
,בן זכאי,2002,3
,בן שמן )מושב(,2002,10
,בני דרור,2002,12
,בני עטרות,2002,28
,בני ציון,2002,30
,בני ראם,2002,5
,בניה,2002,1
,בצרה,2002,10
,בת חפר,2002,3
,ג'לג'וליה,2002,17
,ג'סר א-זרקא,2002,11
,ג'ת,2002,33
,גאולים,2002,4
,"גבעת ח""ן",2002,2
,גבעת חיים )איחוד(,2002,3
,גבעת חיים )מאוחד(,2002,1
,גבעת שמואל,2002,439
,גדרה,2002,525
,גליל ים,2002,21
,גמזו,2002,8
,גן השומרון,2002,2
,גן חיים,2002,10
,גן יאשיה,2002,9
,גנות הדר,2002,5
,גני הדר,2002,24
,גני יהודה,2002,8
,גני יוחנן,2002,5
,גני עם,2002,3
,גני תקווה,2002,241
,גת רימון,2002,1
,הדר עם,2002,1
,זיתן,2002,13
,זמר,2002,2
,ח'ואלד )שבט(,2002,7
,חבצלת השרון,2002,9
,חגור,2002,2
,חגלה,2002,14
,חופית,2002,8
,חיבת ציון,2002,7
,חירות,2002,6
,חניאל,2002,1
,חרב לאת,2002,6
,טייבה,2002,82
,טירה,2002,16
,טירת יהודה,2002,14
,טל שחר,2002,1
,יד חנה,2002,43
,"יד רמב""ם",2002,9
,יהוד,2002,363
,ימא,2002,1
,ינוב,2002,9
,יקום,2002,1
,ירחיב,2002,1
,ישרש,2002,2
,כוכב יאיר,2002,9
,כעביה-טבאש-חג'אג'רה,2002,11
,"כפר אז""ר",2002,27
,כפר בן נון,2002,51
,כפר ברא,2002,6
,כפר הס,2002,8
,"כפר הרא""ה",2002,8
,כפר ויתקין,2002,1
,"כפר חב""ד",2002,2
,כפר טרומן,2002,11
,כפר ידידיה,2002,31
,כפר יונה,2002,312
,כפר יעבץ,2002,2
,כפר מונש,2002,3
,"כפר מל""ל",2002,2
,כפר מרדכי,2002,1
,כפר נטר,2002,11
,כפר קאסם,2002,29
,כפר רות,2002,4
,כפר שמואל,2002,4
,כפר שמריהו,2002,12
,כרמי יוסף,2002,2
,לפיד,2002,9
,מ. א. נחל שורק,2002,3
,מ. א. עמק יזרעאל,2002,1
,מ. א. עמק לוד,2002,2
,מאור,2002,71
,מגשימים,2002,4
,מדרשת רופין,2002,1
,מזור,2002,3
,מזכרת בתיה,2002,204
,מחסיה,2002,1
,מייסר,2002,3
,מישר,2002,3
,מכבים-רעות,2002,31
,מכמורת,2002,1
,מעין צבי,2002,1
,מענית,2002,3
,מעש,2002,2
,מצליח,2002,41
,מצר,2002,1
,מרגה,2002,1
,משגב דב,2002,15
,משמרת,2002,15
,מתן,2002,18
,נווה אפרים,2002,2
,נווה ימין,2002,8
,נווה מבטח,2002,1
,נוף איילון,2002,2
,נורדיה,2002,6
,נחלים,2002,4
,ניצני עוז,2002,2
,ניר אליהו,2002,1
,נירית,2002,7
,נצר סרני,2002,30
,סביון*,2002,41
,סתריה,2002,2
,עדנים,2002,4
,עזריאל,2002,1
,עין החורש,2002,4
,עין ורד,2002,66
,עין שמר,2002,2
,עשרת,2002,4
,פדיה,2002,44
,פורת,2002,2
,פלמחים,2002,1
,פרדסיה,2002,34
,פתחיה,2002,2
,צופית,2002,5
,צור יגאל,2002,26
,צור משה,2002,63
,צורן,2002,52
,צפריה,2002,3
,קדימה-צורן,2002,99
,קדרון,2002,14
,קלנסווה,2002,33
,קריית עקרון,2002,61
,ראס עלי,2002,1
,רמות השבים,2002,4
,רמות מאיר,2002,2
,רמת אפעל,2002,17
,רמת הכובש,2002,2
,רשפון,2002,20
,שדה ורבורג,2002,56
,שדי חמד,2002,31
,שדמה,2002,2
,שוהם,2002,180
,שילת,2002,13
,שעלבים,2002,7
,שפיים,2002,18
,תל יצחק,2002,11
,תל מונד,2002,176
,תלמי אלעזר,2002,2
,תנובות,2002,5
,אביגדור,2002,5
,אורות,2002,5
,אחווה,2002,1
,אירוס,2002,1
,אמונים,2002,2
,ארז,2002,2
,באר טוביה,2002,10
,ביצרון,2002,20
,בית חנן,2002,5
,בית עובד,2002,1
,בית עזרא,2002,2
,בני דרום,2002,15
,"בני עי""ש",2002,63
,ברוש,2002,8
,גבעולים,2002,5
,גבעת ברנר,2002,20
,גבעתי,2002,7
,גזר,2002,4
,גיאה,2002,14
,גן הדרום,2002,1
,גן יבנה,2002,268
,גן שורק,2002,3
,גן שלמה,2002,11
,דקל,2002,2
,"דרום השרון מ""א 02",2002,1
,ורדון,2002,1
,זבדיאל,2002,1
,זוהר,2002,3
,זיקים,2002,1
,זרחיה,2002,7
,חלץ,2002,1
,חצב,2002,12
,יד נתן,2002,3
,ינון,2002,4
,יסודות,2002,2
,כפר אחים,2002,14
,"כפר ביל""ו",2002,5
,כפר דניאל,2002,2
,כפר ורבורג,2002,5
,כפר עזה,2002,1
,לכיש,2002,37
,מ. א. באר טוביה,2002,1
,מ. א. ברנר,2002,2
,מ. א. גן רוה,2002,1
,מ. א. חבל מודיעין,2002,10
,מסלול,2002,5
,מסמיה,2002,1
,מרכז שפירא,2002,9
,משען,2002,12
,נהורה,2002,15
,נוגה,2002,1
,נחלת יהודה,2002,4
,נטעים,2002,4
,ניסנית,2002,2
,ניר בנים,2002,7
,ניר גלים,2002,17
,ניר ישראל,2002,13
,נען,2002,1
,נתיב העשרה,2002,6
,עזר,2002,1
,עזריקם,2002,31
,עיינות,2002,2
,ערוגות,2002,7
,צלפון,2002,1
,קוממיות,2002,1
,קריית מלאכי,2002,230
,קרית חיים,2002,213
,שדה עוזיהו,2002,3
,שחר,2002,8
,שער הנגב,2002,4
,שפיר,2002,13
,שקף,2002,1
,שתולים,2002,23
,תאשור,2002,1
,תושיה,2002,4
,תימורים,2002,7
,תל יוסף,2002,1
,תלמי יחיאל,2002,9
,תלמי יפה,2002,2
,תקומה,2002,3
,,2003,169
,אבו גוש,2003,3
,אבו סנאן,2003,30
,אבטליון,2003,10
,אביטל,2003,3
,אביעזר,2003,2
,אבן ספיר,2003,1
,אדירים,2003,2
,אדמית,2003,3
,אדרת,2003,1
,אוהד,2003,4
,אום אל-פחם,2003,141
,אומן,2003,1
,אחיהוד,2003,15
,אילון,2003,10
,אלון הגליל,2003,2
,אניעם,2003,1
,ארבל,2003,16
,אשחר,2003,3
,אשלים,2003,20
,אשתאול,2003,3
,בוסתן הגליל,2003,64
,ביאדה,2003,1
,בית ג'ן,2003,81
,בית הגדי,2003,4
,בית זית,2003,4
,בית יוסף,2003,1
,בית ניר,2003,2
,בית נקופה,2003,15
,בית שאן,2003,148
,בן עמי,2003,8
,בני יהודה,2003,5
,"בסמ""ה",2003,3
,בענה,2003,24
,ברוש,2003,9
,ברטעה,2003,2
,ברק,2003,4
,ג'דיידה-מכר,2003,33
,ג'ולס,2003,25
,גבעת יואב,2003,2
,גבעת יערים,2003,16
,גדיידה,2003,18
,גדיש,2003,2
,גדעונה,2003,2
,גילון,2003,2
,גילת,2003,7
,גיתה,2003,4
,גן נר,2003,10
,געתון,2003,1
,גפן,2003,1
,גת בגליל,2003,8
,דבורה,2003,1
,דייר אל-אסד,2003,12
,דייר חנא,2003,21
,דקל,2003,5
,הושעיה,2003,4
,הילה,2003,2
,הררית,2003,3
,זכריה,2003,1
,זלפה,2003,7
,זרועה,2003,7
,חבר,2003,2
,חוסן,2003,10
,חורה,2003,3
,חורפיש,2003,30
,חלוץ,2003,3
,חניתה,2003,1
,חספין,2003,45
,חצבה,2003,3
,חרשים,2003,1
,טל-אל,2003,6
,טמרה,2003,54
,יאנוח,2003,22
,יאנוח-ג'ת,2003,1
,יובלים,2003,24
,יודפת,2003,1
,יטבתה,2003,1
,יסעור,2003,4
,יעד,2003,4
,יערה,2003,3
,ירדנה,2003,1
,ירוחם,2003,44
,ירכא,2003,80
,כאבול,2003,20
,כאוכב אבו אל-היג'א,2003,10
,כברי,2003,1
,כיסרא,2003,2
,כליל,2003,2
,כמון,2003,2
,כנף,2003,1
,כסרא-סמיע,2003,14
,כפר אל עוברה,2003,1
,כפר החורש,2003,16
,"כפר הרי""ף",2003,2
,כפר ורדים,2003,74
,כפר יאסיף,2003,20
,כפר יחזקאל,2003,10
,כפר סמיע,2003,4
,כפר ראש הנקרה,2003,26
,לבון,2003,2
,להבים,2003,14
,לוטם,2003,2
,ליבנה,2003,1
,לכיש,2003,3
,לפידות,2003,1
,מ. א. בקעת בית שאן,2003,5
,מ. א. הגליל העליון,2003,24
,מ. א. מטה אשר,2003,3
,מ. א. מטה יהודה,2003,12
,מ. א. משגב,2003,5
,מ. א. רמת נגב,2003,1
,מ. א. תמר,2003,1
,מבוא ביתר,2003,7
,מבועים,2003,9
,מבשרת ציון,2003,187
,מג`ד אל-כרום,2003,101
,מגדל העמק,2003,198
,מגידו,2003,1
,מגן שאול,2003,2
,מדרשת בן גוריון,2003,1
,מולדת,2003,98
,מועאוויה,2003,11
,מוקייבלה,2003,6
,מורשת,2003,10
,מושיירפה,2003,2
,מזרעה,2003,4
,מחנה גבעת חנניה,2003,6
,מחסיה,2003,1
,מטע,2003,8
,מי עמי,2003,10
,מיטב,2003,4
,מירון,2003,6
,מיתר,2003,24
,מכר,2003,12
,מלאה,2003,10
,מנוחה,2003,8
,מנות,2003,1
,מסילת ציון,2003,7
,מעגלים,2003,2
,מעונה,2003,9
,מעיליא,2003,104
,מעלה גמלא,2003,1
,מעלה עירון,2003,4
,מעלות-תרשיחא,2003,175
,"מצפה אבי""ב",2003,1
,מצפה רמון,2003,82
,מרום גולן,2003,1
,משגב,2003,2
,משמר העמק,2003,25
,נאות גולן,2003,3
,נוב,2003,1
,"נווה אטי""ב",2003,5
,נווה מיכאל,2003,2
,נחלה,2003,4
,נחם,2003,2
,נחף,2003,43
,נטועה,2003,1
,ניצני סיני,2003,4
,ניר יפה,2003,11
,נצרת,2003,233
,"נתיב הל""ה",2003,1
,סאג'ור,2003,25
,סאלם,2003,2
,סח'נין,2003,73
,סלמה,2003,15
,סמר,2003,1
,ספיר,2003,11
,עגור,2003,3
,עומר,2003,67
,עין איברהים,2003,4
,עין הבשור,2003,8
,עין המפרץ,2003,17
,עין זיוון,2003,2
,עין יהב,2003,3
,עין יעקב,2003,20
,עין נקובא,2003,5
,עין תמר,2003,1
,עמינדב,2003,5
,עמקה,2003,3
,עצמון שגב,2003,1
,עראבה,2003,45
,ערערה-בנגב,2003,1
,פסוטה,2003,49
,פקיעין )בוקייעה(,2003,14
,פרזון,2003,2
,צהל,2003,2
,צוחר,2003,1
,צופר,2003,1
,צור הדסה,2003,55
,צוריאל,2003,2
,צורית,2003,13
,צנדלה,2003,3
,קלחים,2003,9
,קציר,2003,13
,קצרין,2003,88
,קריית יערים,2003,22
,קרית יערים)מוסד(,2003,5
,ראמה,2003,36
,רביבים,2003,1
,רגבה,2003,20
,רהט,2003,3
,רוויה,2003,6
,רם-און,2003,4
,רמות,2003,1
,רמת רזיאל,2003,1
,רקפת,2003,12
,שבי ציון,2003,3
,שגב-שלום,2003,36
,שדה אליהו,2003,1
,שדה בוקר,2003,6
,שדה נחום,2003,2
,שדה צבי,2003,5
,שדי תרומות,2003,1
,שואבה,2003,2
,שובל,2003,2
,שורש,2003,8
,שורשים,2003,6
,שיבולים,2003,5
,שייח' דנון,2003,6
,שכניה,2003,1
,שלומי,2003,35
,שמרת,2003,1
,שמשית,2003,9
,שעב,2003,12
,שריגים )לי-און(,2003,8
,שרשרת,2003,2
,תאשור,2003,2
,תירוש,2003,2
,תל עדשים,2003,33
,"תלמי ביל""ו",2003,1
,אביאל,2003,1
,אור עקיבא,2003,138
,אושה,2003,1
,אילניה,2003,7
,אכסאל,2003,26
,אלוני אבא,2003,5
,אליפלט,2003,4
,אליקים,2003,14
,אמירים,2003,4
,אעבלין,2003,167
,אשרת,2003,1
,בועיינה-נוג'ידאת,2003,14
,ביר אל-מכסור,2003,12
,ביריה,2003,7
,בית אורן,2003,8
,בית הלל,2003,1
,בית לחם הגלילית,2003,3
,בית רימון,2003,1
,בית שערים,2003,13
,בלפוריה,2003,5
,בסמת טבעון,2003,42
,בר יוחאי,2003,4
,ברקאי,2003,1
,בת שלמה,2003,13
,ג'ש )גוש חלב(,2003,33
,גבע כרמל,2003,5
,גבעת אבני,2003,3
,גבעת אלה,2003,10
,גבעת עדה,2003,52
,דאלית אל-כרמל,2003,139
,דבוריה,2003,26
,דברת,2003,2
,"דוב""ב",2003,2
,דור,2003,1
,דחי,2003,7
,הבונים,2003,4
,הזורעים,2003,2
,הסוללים,2003,4
,זובידאת )שבט(,2003,8
,זכרון יעקב,2003,294
,זרזיר,2003,69
,חמאם,2003,1
,חצור הגלילית,2003,79
,חריש,2003,4
,טובא-זנגריה,2003,5
,טורעאן,2003,89
,טירת כרמל,2003,139
,טפחות,2003,5
,יבנאל,2003,30
,יסוד המעלה,2003,12
,יפיע,2003,34
,יקנעם )מושבה(,2003,20
,יקנעם עילית,2003,149
,כורזים,2003,2
,כנרת )מושבה(,2003,9
,כפר ביאליק,2003,3
,כפר גליקסון,2003,1
,כפר גלעדי,2003,5
,כפר המכבי,2003,17
,כפר הנשיא,2003,2
,כפר חושן,2003,1
,כפר חיטים,2003,6
,כפר חסידים א',2003,4
,כפר יהושע,2003,13
,כפר כמא,2003,6
,כפר כנא,2003,37
,כפר מנדא,2003,47
,כפר פינס,2003,3
,כפר קיש,2003,1
,כפר קרע,2003,12
,כפר שמאי,2003,4
,כפר תבור,2003,33
,"כרם מהר""ל",2003,4
,לביא,2003,4
,לבנים,2003,2
,מ. א. הגליל התחתון,2003,9
,מ. א. מרום הגליל,2003,4
,מגאר,2003,59
,מגדל,2003,32
,מזרע,2003,1
,מטולה,2003,16
,מנחמיה,2003,13
,מסד,2003,1
,מצפה נטופה,2003,12
,מרחביה )מושב(,2003,1
,מרחביה )קיבוץ(,2003,18
,משהד,2003,34
,משמר הירדן,2003,1
,נאעורה,2003,6
,נווה ים,2003,1
,נופית,2003,25
,ניין,2003,10
,סולם,2003,7
,עארה,2003,6
,עדי,2003,16
,עוזייר,2003,5
,עיילבון,2003,41
,עילוט,2003,21
,עין איילה,2003,2
,עין הוד,2003,1
,עין העמק,2003,1
,עין זיתים,2003,4
,עין כרמל,2003,1
,עין מאהל,2003,27
,עין עירון,2003,3
,עמיקם,2003,7
,עספיא,2003,74
,ערערה,2003,20
,עתלית,2003,49
,פוריה - נווה עובד,2003,6
,פוריה עילית,2003,17
,פוריידיס,2003,30
,ציפורי,2003,24
,צפת,2003,300
,צרופה,2003,3
,קיסריה,2003,98
,קריית טבעון,2003,156
,קריית שמונה,2003,197
,קרית חיים,2003,232
,ראש פינה,2003,42
,רגבים,2003,3
,ריחאניה,2003,3
,ריינה,2003,80
,רכסים,2003,58
,רמות נפתלי,2003,1
,רמת ישי,2003,83
,שאר ישוב,2003,3
,שבלי - אום אל-גנם,2003,26
,שדה אילן,2003,2
,שדה אליעזר,2003,1
,שדה יעקב,2003,2
,שדות ים,2003,49
,שניר,2003,15
,שפרעם,2003,133
,שרונה,2003,2
,תמרת,2003,7
,*קדימה-צורן*,2003,1
,אבטין,2003,1
,אבן יהודה,2003,130
,אודים,2003,1
,אזור,2003,102
,אחיטוב,2003,2
,אחיסמך,2003,2
,אחיעזר,2003,2
,איבתאן,2003,5
,אליכין,2003,3
,אלישמע,2003,2
,אלעד,2003,535
,באקה אל-גרביה,2003,59
,בארותיים,2003,2
,בורגתה,2003,2
,בחן,2003,1
,ביר א סכה,2003,3
,בית אלעזרי,2003,9
,בית גמליאל,2003,1
,בית דגן,2003,43
,בית חירות,2003,2
,בית חנניה,2003,3
,בית יהושע,2003,3
,בית יצחק-שער חפר,2003,2
,בית נחמיה,2003,4
,בית עזרא,2003,3
,בית עמרא,2003,16
,בית עריף,2003,5
,ביתן אהרן,2003,2
,בן שמן )מושב(,2003,4
,בני דרור,2003,7
,בני עטרות,2003,13
,בני ציון,2003,6
,בני ראם,2003,16
,בניה,2003,1
,בנימינה-גבעת עדה,2003,135
,בצרה,2003,27
,בת חפר,2003,10
,ג'לג'וליה,2003,12
,ג'סר א-זרקא,2003,32
,ג'ת,2003,54
,גבעת השלושה,2003,1
,"גבעת ח""ן",2003,1
,גבעת שמואל,2003,389
,גדרה,2003,407
,גינתון,2003,2
,גליל ים,2003,33
,גן השומרון,2003,9
,גן חיים,2003,9
,גן יאשיה,2003,6
,גני הדר,2003,19
,גני יהודה,2003,8
,גני עם,2003,4
,גני תקווה,2003,157
,המעפיל,2003,1
,זיתא,2003,1
,זיתן,2003,3
,זמר,2003,8
,ח'ואלד )שבט(,2003,4
,חבצלת השרון,2003,2
,חגור,2003,5
,חגלה,2003,2
,חופית,2003,21
,חיבת ציון,2003,2
,חירות,2003,13
,חלף,2003,3
,חניאל,2003,1
,חרב לאת,2003,10
,חרוצים,2003,1
,טייבה,2003,89
,טירה,2003,27
,טירת יהודה,2003,5
,טל שחר,2003,5
,יד חנה,2003,21
,"יד רמב""ם",2003,4
,יהוד,2003,265
,ימא,2003,8
,ינוב,2003,1
,יציץ,2003,1
,יקום,2003,2
,ירחיב,2003,5
,ישרש,2003,3
,כוכב יאיר,2003,30
,כפר אביב,2003,12
,"כפר אז""ר",2003,35
,כפר בן נון,2003,2
,כפר ברא,2003,4
,כפר הס,2003,12
,"כפר הרא""ה",2003,4
,כפר ויתקין,2003,1
,כפר חיים,2003,3
,כפר טרומן,2003,10
,כפר ידידיה,2003,4
,כפר יונה,2003,269
,כפר מונש,2003,7
,"כפר מל""ל",2003,9
,כפר נטר,2003,5
,כפר קאסם,2003,33
,כפר רות,2003,1
,כפר שמואל,2003,5
,כפר שמריהו,2003,36
,כרמי יוסף,2003,2
,לפיד,2003,16
,מ. א. עמק לוד,2003,1
,מאור,2003,16
,מגשימים,2003,2
,מזור,2003,2
,מזכרת בתיה,2003,175
,מייסר,2003,2
,מישר,2003,2
,מכבים-רעות,2003,37
,מכמורת,2003,2
,מעש,2003,1
,מצליח,2003,8
,מרגה,2003,10
,משמרות,2003,1
,משמרת,2003,8
,מתן,2003,20
,נווה אפרים,2003,9
,נווה ימין,2003,5
,נווה ירק,2003,1
,נורדיה,2003,11
,נחלים,2003,3
,נחשונים,2003,1
,ניצני עוז,2003,2
,נצר סרני,2003,70
,סביון*,2003,36
,עדנים,2003,4
,עולש,2003,1
,עין החורש,2003,3
,עין ורד,2003,3
,עין שמר,2003,2
,עין שריד,2003,4
,עשרת,2003,5
,פדיה,2003,7
,פורת,2003,2
,פרדסיה,2003,18
,פתחיה,2003,2
,צופית,2003,7
,צור יגאל,2003,31
,צור משה,2003,52
,צור נתן,2003,9
,צורן,2003,50
,צפריה,2003,1
,קדימה-צורן,2003,98
,קדרון,2003,14
,קלנסווה,2003,21
,קריית עקרון,2003,49
,רמות השבים,2003,7
,רמות מאיר,2003,1
,רמת אפעל,2003,9
,רשפון,2003,43
,שדה ורבורג,2003,17
,שדי חמד,2003,8
,שדמה,2003,1
,שוהם,2003,161
,שילת,2003,4
,שעלבים,2003,7
,שער אפרים,2003,5
,שפיים,2003,10
,תל יצחק,2003,9
,תל מונד,2003,148
,תנובות,2003,9
,אביגדור,2003,3
,אביחיל,2003,11
,אורה,2003,2
,אורות,2003,3
,אחווה,2003,1
,אמונים,2003,4
,באר טוביה,2003,10
,ביצרון,2003,6
,בית חנן,2003,4
,בית חשמונאי,2003,1
,בית עובד,2003,5
,בית שקמה,2003,6
,ביתר עילית,2003,21
,בני דרום,2003,5
,"בני עי""ש",2003,45
,גאליה,2003,5
,גבעת ברנר,2003,1
,גבעתי,2003,1
,גזר,2003,12
,גמזו,2003,2
,גן יבנה,2003,247
,גן שורק,2003,2
,גן שלמה,2003,5
,גני יוחנן,2003,1
,הודיה,2003,8
,זוהר,2003,2
,זיקים,2003,1
,זרחיה,2003,10
,חלץ,2003,1
,חצב,2003,3
,חשמונאים,2003,1
,יבול,2003,2
,יד נתן,2003,3
,ינון,2003,2
,יסודות,2003,1
,כפר אחים,2003,7
,"כפר ביל""ו",2003,6
,כפר דניאל,2003,5
,כפר ורבורג,2003,5
,כפר מימון,2003,5
,כפר סירקין,2003,2
,מ. א. חבל יבנה,2003,2
,מ. א. חבל מודיעין,2003,3
,מסלול,2003,5
,מרכז שפירא,2003,7
,משען,2003,4
,נגבה,2003,5
,נהורה,2003,14
,נוגה,2003,1
,נחלת יהודה,2003,5
,נטעים,2003,9
,ניסנית,2003,3
,ניצן,2003,1
,ניצנים,2003,1
,ניר בנים,2003,3
,ניר גלים,2003,9
,"ניר ח""ן",2003,1
,ניר ישראל,2003,9
,ניר עם,2003,1
,ניר עקיבא,2003,1
,נען,2003,1
,עזר,2003,2
,עזריה,2003,1
,עזריקם,2003,13
,ערוגות,2003,5
,פדויים,2003,2
,קוממיות,2003,2
,קריית מלאכי,2003,235
,רבדים,2003,1
,שדה משה,2003,4
,שחר,2003,7
,שער הנגב,2003,1
,שפיר,2003,16
,שקף,2003,4
,שתולים,2003,7
,תושיה,2003,1
,תימורים,2003,1
,תלמי יחיאל,2003,8
,,2004,227
,*קלע*,2004,1
,אבו גוש,2004,6
,אבו סנאן,2004,44
,אבטליון,2004,3
,אביטל,2004,3
,אביעזר,2004,4
,אבשלום,2004,2
,אדירים,2004,5
,אדמית,2004,19
,אוהד,2004,4
,אום אל-פחם,2004,178
,אורה,2004,7
,אחיהוד,2004,1
,אילון,2004,12
,אלי-עד,2004,1
,אלקוש,2004,1
,אניעם,2004,1
,ארבל,2004,11
,אשחר,2004,5
,אשלים,2004,7
,אשרת,2004,3
,אשתאול,2004,12
,באר אורה,2004,10
,בוסתן הגליל,2004,123
,בית ג'ן,2004,80
,בית הגדי,2004,3
,בית זית,2004,5
,בית יוסף,2004,2
,בית נקופה,2004,4
,בית שאן,2004,173
,בן עמי,2004,7
,בני יהודה,2004,5
,בענה,2004,27
,בר גיורא,2004,3
,ברוש,2004,6
,ברטעה,2004,7
,ברק,2004,4
,ג'דיידה-מכר,2004,30
,ג'ולס,2004,44
,גבעת יערים,2004,16
,גבעת ישעיהו,2004,11
,גדיידה,2004,14
,גדעונה,2004,2
,גדרה,2004,433
,גורנות הגליל,2004,1
,גילון,2004,13
,גילת,2004,12
,גיתה,2004,1
,גן נר,2004,14
,גפן,2004,1
,גשר הזיו,2004,3
,גת בגליל,2004,11
,דבורה,2004,1
,דברת,2004,2
,דייר אל-אסד,2004,14
,דייר חנא,2004,29
,דקל,2004,5
,הושעיה,2004,9
,הילה,2004,5
,זכריה,2004,6
,זלפה,2004,5
,זרועה,2004,7
,חבר,2004,4
,חוסן,2004,10
,חורה,2004,1
,חורפיש,2004,18
,חלוץ,2004,6
,חניתה,2004,1
,חנתון,2004,15
,חספין,2004,15
,חצבה,2004,9
,חרשים,2004,2
,טייבה )בעמק(,2004,2
,טל-אל,2004,2
,טמרה,2004,65
,יאנוח,2004,5
,יהל,2004,1
,יובלים,2004,20
,יודפת,2004,8
,יזרעאל,2004,2
,יחיעם,2004,1
,יערה,2004,1
,ירוחם,2004,47
,ירכא,2004,40
,ישע,2004,1
,כאבול,2004,19
,כאוכב אבו אל-היג'א,2004,17
,כברי,2004,1
,כיסרא,2004,8
,כמון,2004,7
,כסיפה,2004,1
,כסרא-סמיע,2004,8
,כפר החורש,2004,32
,"כפר הרי""ף",2004,14
,כפר ורדים,2004,54
,כפר חנניה,2004,2
,כפר חרוב,2004,1
,כפר יאסיף,2004,47
,כפר יחזקאל,2004,8
,כפר סמיע,2004,7
,כפר ראש הנקרה,2004,18
,לבון,2004,9
,להבים,2004,10
,לוחמי הגיטאות,2004,2
,לוטן,2004,1
,מ. א. בקעת בית שאן,2004,1
,מ. א. הגליל העליון,2004,18
,מ. א. יואב,2004,1
,מ. א. מטה אשר,2004,3
,מ. א. מטה יהודה,2004,8
,מ. א. משגב,2004,8
,מבועים,2004,11
,מבשרת ציון,2004,228
,מג`ד אל-כרום,2004,110
,מגדל העמק,2004,149
,מגן שאול,2004,2
,מדרשת בן גוריון,2004,2
,מולדת,2004,24
,מוסמוס,2004,1
,מועאוויה,2004,16
,מוצא עילית,2004,4
,מוצא תחתית,2004,11
,מוצמוץ,2004,2
,מוקייבלה,2004,8
,מורן,2004,1
,מושיירפה,2004,1
,מזרעה,2004,5
,מחנה גבעת חנניה,2004,22
,מטע,2004,6
,מי עמי,2004,23
,מיטב,2004,2
,מירון,2004,4
,מיתר,2004,34
,מכמנים,2004,2
,מכר,2004,20
,מלאה,2004,1
,מנוחה,2004,2
,מנוף,2004,1
,מנות,2004,1
,מסילת ציון,2004,12
,מעגלים,2004,4
,מעונה,2004,4
,מעיליא,2004,60
,מעלה עירון,2004,3
,מעלות-תרשיחא,2004,111
,"מצפה אבי""ב",2004,1
,מצפה רמון,2004,87
,מרום גולן,2004,1
,משגב,2004,2
,משמר העמק,2004,23
,נאות הכיכר,2004,1
,נגבה,2004,4
,"נווה אטי""ב",2004,1
,נווה מיכאל,2004,1
,נחם,2004,4
,נחף,2004,42
,ניר דוד )תל עמל(,2004,2
,ניר יפה,2004,7
,ניר משה,2004,2
,נצרת,2004,167
,סאג'ור,2004,40
,סאלם,2004,1
,סגולה,2004,7
,סח'נין,2004,131
,סלמה,2004,6
,סמר,2004,1
,ספיר,2004,6
,עגור,2004,3
,עומר,2004,97
,עין איברהים,2004,6
,עין אל-אסד,2004,1
,עין הבשור,2004,4
,עין המפרץ,2004,6
,עין זיוון,2004,3
,עין יהב,2004,20
,עין יעקב,2004,19
,"עין כרם-בי""ס חקלאי",2004,2
,עין נקובא,2004,2
,עין תמר,2004,2
,עמינדב,2004,6
,עראבה,2004,47
,פארן,2004,2
,פסוטה,2004,38
,פקיעין )בוקייעה(,2004,12
,צביה,2004,2
,צהל,2004,4
,צוחר,2004,1
,צופר,2004,2
,צור הדסה,2004,55
,צורית,2004,13
,צנדלה,2004,1
,צפרירים,2004,1
,קורנית,2004,4
,קלחים,2004,13
,קציר,2004,21
,קצרין,2004,57
,קריית יערים,2004,19
,קרית יערים)מוסד(,2004,3
,ראמה,2004,61
,רביבים,2004,1
,רגבה,2004,5
,רהט,2004,1
,רוויה,2004,8
,רחוב,2004,1
,רם-און,2004,9
,רמת חובב,2004,2
,רמת מגשימים,2004,1
,רמת צבי,2004,10
,רמת רזיאל,2004,22
,רמת רחל,2004,1
,רנן,2004,2
,רקפת,2004,5
,שבי ציון,2004,1
,שגב-שלום,2004,36
,שדה בוקר,2004,12
,שדה משה,2004,10
,שדי תרומות,2004,1
,שואבה,2004,3
,שובל,2004,1
,שורש,2004,15
,שורשים,2004,2
,שיבולים,2004,4
,שכניה,2004,19
,שלומי,2004,36
,שמשית,2004,13
,שעב,2004,3
,שעל,2004,1
,שריגים )לי-און(,2004,10
,תאשור,2004,2
,תדהר,2004,1
,תירוש,2004,2
,תל יוסף,2004,1
,תל תאומים,2004,3
,תקומה,2004,1
,אביאל,2004,2
,אור עקיבא,2004,155
,אושה,2004,2
,אחוזת ברק,2004,1
,אילניה,2004,47
,אכסאל,2004,36
,אלון הגליל,2004,1
,אלוני אבא,2004,25
,אליקים,2004,5
,אלמגור,2004,1
,אמירים,2004,8
,אמנון,2004,4
,אעבלין,2004,190
,אפק,2004,3
,בועיינה-נוג'ידאת,2004,7
,ביר אל-מכסור,2004,15
,ביריה,2004,2
,בית אורן,2004,4
,בית לחם הגלילית,2004,9
,בית שערים,2004,13
,בלפוריה,2004,10
,בנימינה-גבעת עדה,2004,148
,בר יוחאי,2004,1
,ברקאי,2004,1
,בת שלמה,2004,14
,ג'ש )גוש חלב(,2004,33
,גבע כרמל,2004,3
,גבעת אבני,2004,17
,גבעת אלה,2004,5
,"גבעת ניל""י",2004,3
,גבעת עדה,2004,49
,גונן,2004,1
,גלעד )אבן יצחק(,2004,1
,דאלית אל-כרמל,2004,136
,דבוריה,2004,29
,דגניה ב',2004,7
,דחי,2004,12
,דליה,2004,1
,דמיידה,2004,1
,הבונים,2004,3
,הגושרים,2004,1
,הזורעים,2004,3
,הסוללים,2004,4
,זכרון יעקב,2004,361
,זרזיר,2004,23
,חג'אג'רה*,2004,1
,חוקוק,2004,1
,חזון,2004,85
,חמאם,2004,1
,חצור הגלילית,2004,40
,חריש,2004,2
,טובא-זנגריה,2004,9
,טורעאן,2004,67
,טירת כרמל,2004,168
,טפחות,2004,11
,יבנאל,2004,24
,יסוד המעלה,2004,4
,יפיע,2004,35
,יקנעם )מושבה(,2004,22
,יקנעם עילית,2004,156
,כורזים,2004,1
,כנרת )מושבה(,2004,8
,כפר ביאליק,2004,2
,כפר בלום,2004,1
,כפר ברוך,2004,3
,כפר גדעון,2004,5
,כפר הנשיא,2004,2
,כפר זיתים,2004,4
,כפר חיטים,2004,40
,כפר חסידים א',2004,2
,כפר יהושע,2004,11
,כפר כמא,2004,3
,כפר כנא,2004,64
,כפר מנדא,2004,55
,כפר קיש,2004,3
,כפר קרע,2004,11
,כפר שמאי,2004,2
,כפר תבור,2004,40
,כרכום,2004,1
,"כרם מהר""ל",2004,12
,לביא,2004,3
,מ. א. הגליל התחתון,2004,20
,מ. א. מרום הגליל,2004,5
,מגאר,2004,61
,מגדים,2004,8
,מגדל,2004,38
,מורשת,2004,1
,מטולה,2004,26
,מנחמיה,2004,6
,מסד,2004,1
,מרגליות,2004,1
,מרחביה )מושב(,2004,5
,משגב עם,2004,1
,משהד,2004,24
,נאעורה,2004,4
,נהלל,2004,6
,נופית,2004,18
,ניין,2004,17
,סולם,2004,7
,עארה,2004,4
,עדי,2004,18
,עוזייר,2004,14
,עיילבון,2004,28
,עילוט,2004,22
,עין איילה,2004,5
,עין דור,2004,1
,עין הוד,2004,7
,עין העמק,2004,1
,עין זיתים,2004,14
,עין מאהל,2004,41
,עכברה,2004,2
,עמיקם,2004,3
,עספיא,2004,104
,ערערה,2004,31
,עתלית,2004,111
,פוריה - כפר עבודה,2004,3
,פוריה - נווה עובד,2004,16
,פוריה עילית,2004,11
,פוריידיס,2004,11
,פרוד,2004,1
,ציפורי,2004,40
,צפת,2004,297
,צרופה,2004,2
,קדרים,2004,25
,קיסריה,2004,95
,קריית טבעון,2004,181
,קריית שמונה,2004,186
,קרית חיים,2004,252
,ראש פינה,2004,43
,רגבים,2004,6
,רומאנה,2004,1
,רומת הייב,2004,1
,ריחאניה,2004,5
,ריינה,2004,99
,רכסים,2004,64
,רמות נפתלי,2004,1
,רמת ישי,2004,62
,שאר ישוב,2004,2
,שבלי - אום אל-גנם,2004,9
,שדה אליעזר,2004,2
,שדה יעקב,2004,5
,שדות ים,2004,66
,שדמות דבורה,2004,3
,שניר,2004,5
,שפרעם,2004,133
,שרונה,2004,2
,שריד,2004,3
,תל עדשים,2004,58
,תמרת,2004,5
,אבטין,2004,1
,אביחיל,2004,18
,אבן יהודה,2004,164
,אודים,2004,2
,אום אל-קוטוף,2004,3
,אזור,2004,156
,אחיטוב,2004,8
,אחיעזר,2004,5
,איבתאן,2004,1
,אליכין,2004,5
,אלישמע,2004,2
,אלעד,2004,648
,באקה אל-גרביה,2004,60
,בארותיים,2004,3
,בחן,2004,1
,ביר א סכה,2004,4
,בית אלעזרי,2004,6
,בית גמליאל,2004,2
,בית דגן,2004,87
,בית השיטה,2004,1
,בית חירות,2004,8
,בית חלקיה,2004,5
,בית חנניה,2004,2
,בית חשמונאי,2004,167
,בית ינאי,2004,2
,בית יצחק-שער חפר,2004,9
,בית נחמיה,2004,4
,בית עזרא,2004,10
,בית עמרא,2004,9
,בית עריף,2004,10
,ביתן אהרן,2004,1
,בן שמן )מושב(,2004,9
,בני דרור,2004,14
,בני עטרות,2004,7
,בני ציון,2004,7
,בני ראם,2004,14
,בניה,2004,2
,בסמת טבעון,2004,8
,בצרה,2004,8
,בת חפר,2004,49
,ג'לג'וליה,2004,10
,ג'סר א-זרקא,2004,17
,ג'ת,2004,47
,גבעת השלושה,2004,4
,"גבעת ח""ן",2004,1
,"גבעת כ""ח",2004,8
,גבעת שמואל,2004,335
,גזר,2004,5
,גינתון,2004,2
,גליל ים,2004,23
,גן השומרון,2004,16
,גן חיים,2004,7
,גן יאשיה,2004,20
,גן שורק,2004,6
,גני הדר,2004,32
,גני יהודה,2004,3
,גני יוחנן,2004,2
,גני עם,2004,19
,גני תקווה,2004,172
,גת רימון,2004,1
,הדר עם,2004,2
,המעפיל,2004,1
,זיתן,2004,5
,זמר,2004,1
,ח'ואלד )שבט(,2004,15
,חבצלת השרון,2004,6
,חגור,2004,3
,חגלה,2004,21
,חופית,2004,11
,חיבת ציון,2004,4
,חירות,2004,34
,חלף,2004,1
,חניאל,2004,1
,חרב לאת,2004,13
,טייבה,2004,119
,טירה,2004,35
,טירת יהודה,2004,10
,טל שחר,2004,2
,יגל,2004,1
,יד בנימין,2004,17
,יד חנה,2004,12
,"יד רמב""ם",2004,6
,יהוד,2004,286
,ימא,2004,4
,יקום,2004,1
,ירחיב,2004,13
,ישרש,2004,6
,כוכב יאיר,2004,25
,כעביה-טבאש-חג'אג'רה,2004,3
,כפר אביב,2004,2
,"כפר אז""ר",2004,11
,"כפר ביל""ו",2004,6
,כפר ברא,2004,2
,כפר המכבי,2004,2
,כפר הס,2004,10
,"כפר הרא""ה",2004,5
,כפר ויתקין,2004,10
,"כפר חב""ד",2004,23
,כפר טרומן,2004,11
,כפר ידידיה,2004,14
,כפר יונה,2004,378
,כפר יעבץ,2004,2
,כפר מונש,2004,11
,"כפר מל""ל",2004,26
,כפר נטר,2004,8
,כפר קאסם,2004,48
,כפר שמואל,2004,2
,כפר שמריהו,2004,51
,כרמי יוסף,2004,4
,לפיד,2004,24
,מאור,2004,34
,מזור,2004,3
,מזכרת בתיה,2004,225
,מייסר,2004,2
,מישר,2004,3
,מכבים-רעות,2004,42
,מכמורת,2004,4
,מענית,2004,6
,מצליח,2004,15
,מצר,2004,2
,מרגה,2004,3
,משגב דב,2004,1
,משמר דוד,2004,5
,משמר השרון,2004,1
,משמרות,2004,5
,משמרת,2004,23
,מתן,2004,9
,נווה אפרים,2004,14
,נווה ימין,2004,5
,נווה ירק,2004,1
,נווה מבטח,2004,1
,נוף איילון,2004,2
,נורדיה,2004,11
,נחל שורק,2004,1
,נחלים,2004,5
,ניצני עוז,2004,6
,נירית,2004,9
,נצר סרני,2004,86
,סביון*,2004,53
,עדנים,2004,10
,עולש,2004,13
,עזריאל,2004,5
,עין החורש,2004,1
,עין ורד,2004,9
,עין שמר,2004,3
,עין שריד,2004,10
,עשרת,2004,6
,פדיה,2004,8
,פרדסיה,2004,33
,פתחיה,2004,1
,צופית,2004,16
,צור יגאל,2004,53
,צור משה,2004,51
,צור נתן,2004,31
,צורן,2004,30
,צלפון,2004,1
,קדימה-צורן,2004,147
,קדרון,2004,4
,קלנסווה,2004,32
,קריית עקרון,2004,88
,רמות השבים,2004,9
,רמות מאיר,2004,2
,רמת אפעל,2004,24
,רשפון,2004,61
,שדה ורבורג,2004,30
,שדי חמד,2004,7
,שוהם,2004,175
,שעלבים,2004,10
,שער אפרים,2004,5
,שפיים,2004,2
,תל יצחק,2004,11
,תל מונד,2004,190
,תנובות,2004,9
,תעוז,2004,2
,אביגדור,2004,2
,אורות,2004,8
,אחוזם,2004,2
,אמונים,2004,4
,באר טוביה,2004,10
,בארי,2004,1
,בטחה,2004,1
,ביצרון,2004,11
,בית חנן,2004,5
,בית שקמה,2004,3
,ביתר עילית,2004,3
,בני דרום,2004,6
,"בני עי""ש",2004,37
,ברכיה,2004,1
,ברקת,2004,1
,בת הדר,2004,2
,גאליה,2004,2
,גבעולים,2004,2
,גבעת ברנר,2004,1
,גיאה,2004,2
,גמזו,2004,5
,גן הדרום,2004,3
,גן יבנה,2004,349
,גן שלמה,2004,10
,הודיה,2004,6
,ורדון,2004,3
,זבדיאל,2004,1
,זוהר,2004,6
,זיקים,2004,4
,זרחיה,2004,5
,חצב,2004,5
,יבול,2004,9
,יד נתן,2004,3
,ינון,2004,5
,יסודות,2004,1
,כוכב מיכאל,2004,45
,כפר אחים,2004,13
,כפר דניאל,2004,45
,כפר הנגיד,2004,1
,כפר ורבורג,2004,16
,כפר מימון,2004,6
,כפר עזה,2004,3
,כרמיה,2004,1
,לכיש,2004,4
,מ. א. גזר,2004,2
,מ. א. חוף אשקלון,2004,13
,מ. א. לכיש,2004,1
,מ. א. עמק לוד,2004,2
,מסלול,2004,13
,מסמיה,2004,2
,מעלה אדומים,2004,1
,מרכז שפירא,2004,9
,משען,2004,16
,נהורה,2004,8
,נופך,2004,1
,נחלת יהודה,2004,6
,נטעים,2004,1
,ניסנית,2004,2
,ניר בנים,2004,6
,ניר גלים,2004,17
,"ניר ח""ן",2004,19
,ניר ישראל,2004,9
,ניר עקיבא,2004,5
,ניר צבי,2004,4
,עזר,2004,2
,עזריה,2004,18
,עזריקם,2004,1
,ערוגות,2004,11
,פטיש,2004,6
,קריית מלאכי,2004,156
,שחר,2004,12
,שפיר,2004,10
,שקף,2004,3
,שתולים,2004,6
,תושיה,2004,1
,תימורים,2004,18
,תלמי אלעזר,2004,31
,"תלמי ביל""ו",2004,1
,תלמי יחיאל,2004,4
,תלמי יפה,2004,11
,,2005,238
,אבו גוש,2005,11
,אבו סנאן,2005,53
,אבטליון,2005,13
,אביעזר,2005,5
,אבירים,2005,1
,אדירים,2005,2
,אדמית,2005,4
,אדרת,2005,6
,אום אל-פחם,2005,144
,אומן,2005,7
,אחיהוד,2005,7
,אילון,2005,6
,אלקוש,2005,1
,ארבל,2005,19
,אשחר,2005,4
,אשלים,2005,6
,אשתאול,2005,1
,באר אורה,2005,3
,בוסתן הגליל,2005,105
,בית ג'ן,2005,62
,בית זית,2005,7
,בית ניר,2005,2
,בית נקופה,2005,1
,בית קמה,2005,3
,בית שאן,2005,128
,בן עמי,2005,5
,בני יהודה,2005,3
,בענה,2005,38
,ברטעה,2005,1
,ג'דיידה-מכר,2005,21
,ג'ולס,2005,36
,גבע,2005,1
,גבעות בר,2005,7
,גבעת אלה,2005,7
,גבעת יואב,2005,2
,גבעת יערים,2005,40
,גבעת ישעיהו,2005,15
,גדיידה,2005,12
,גדעונה,2005,9
,גדרה,2005,457
,גורן,2005,3
,גורנות הגליל,2005,1
,גילון,2005,12
,גילת,2005,8
,גיתה,2005,3
,גן נר,2005,18
,גשר הזיו,2005,2
,גת בגליל,2005,32
,דבורה,2005,3
,דייר אל-אסד,2005,10
,דייר חנא,2005,25
,הושעיה,2005,49
,הררית,2005,3
,זכריה,2005,1
,זלפה,2005,5
,זרועה,2005,2
,חבר,2005,3
,חד-נס,2005,13
,חוסן,2005,6
,חורה,2005,3
,חורפיש,2005,19
,חלוץ,2005,2
,חניתה,2005,1
,חנתון,2005,32
,חספין,2005,9
,חצבה,2005,5
,חריש,2005,6
,חרשים,2005,16
,טייבה )בעמק(,2005,1
,טל-אל,2005,5
,טמרה,2005,114
,יאנוח,2005,3
,יובלים,2005,6
,יודפת,2005,2
,יזרעאל,2005,1
,יחיעם,2005,1
,יסעור,2005,1
,יעד,2005,10
,יערה,2005,1
,ירדנה,2005,4
,ירוחם,2005,49
,ירכא,2005,39
,ישע,2005,3
,כאבול,2005,15
,כברי,2005,1
,כיסרא,2005,9
,כליל,2005,4
,כמון,2005,8
,כסרא-סמיע,2005,6
,כפר החורש,2005,26
,"כפר הרי""ף",2005,7
,כפר ורדים,2005,42
,כפר חנניה,2005,1
,כפר יאסיף,2005,37
,כפר יחזקאל,2005,11
,כפר ראש הנקרה,2005,9
,כפר רופין,2005,1
,לבון,2005,11
,להבים,2005,13
,לוזית,2005,2
,לוחמי הגיטאות,2005,1
,לוטם,2005,2
,לימן,2005,1
,מ. א. בקעת בית שאן,2005,5
,מ. א. הגליל העליון,2005,4
,מ. א. מטה יהודה,2005,27
,מ. א. משגב,2005,40
,מבועים,2005,8
,מבשרת ציון,2005,270
,מג`ד אל-כרום,2005,141
,מגדל העמק,2005,236
,מגידו,2005,22
,מגן שאול,2005,39
,מדרשת בן גוריון,2005,7
,מולדת,2005,32
,מועאוויה,2005,18
,מוצא עילית,2005,1
,מוצא תחתית,2005,3
,מוקייבלה,2005,3
,מורן,2005,4
,מורשת,2005,4
,מושיירפה,2005,5
,מזרע,2005,4
,מזרעה,2005,4
,מחנה גבעת חנניה,2005,12
,מטע,2005,5
,מי עמי,2005,35
,מירון,2005,9
,מיתר,2005,32
,מכמנים,2005,3
,מכר,2005,19
,מנוחה,2005,43
,מנוף,2005,16
,מנות,2005,2
,מנחמיה,2005,9
,מסילת ציון,2005,8
,מעגלים,2005,1
,מעונה,2005,3
,מעיליא,2005,81
,מעלה גלבוע,2005,1
,מעלה עירון,2005,2
,מעלות-תרשיחא,2005,147
,מצובה,2005,2
,"מצפה אבי""ב",2005,6
,מצפה רמון,2005,70
,משגב,2005,7
,משמר העמק,2005,101
,נאות גולן,2005,1
,נבטים,2005,2
,נווה אילן,2005,3
,נווה זוהר,2005,2
,נווה זיו,2005,1
,נווה חריף,2005,1
,נווה מיכאל,2005,1
,נחלה,2005,2
,נחם,2005,7
,נחף,2005,74
,ניר יפה,2005,4
,ניר משה,2005,1
,נס הרים,2005,183
,נס עמים,2005,2
,נצרת,2005,213
,סאג'ור,2005,69
,סאלם,2005,1
,סגולה,2005,11
,סדום,2005,1
,סח'נין,2005,163
,סלמה,2005,2
,סמר,2005,3
,סער,2005,2
,ספיר,2005,13
,עומר,2005,88
,עידן,2005,6
,עילוט,2005,25
,עין איברהים,2005,10
,עין אל-אסד,2005,4
,עין הבשור,2005,7
,עין המפרץ,2005,10
,עין זיוון,2005,1
,עין יהב,2005,15
,עין יעקב,2005,7
,"עין כרם-בי""ס חקלאי",2005,2
,עין נקובא,2005,2
,עמינדב,2005,7
,עראבה,2005,53
,עראמשה,2005,1
,ערערה-בנגב,2005,2
,פדויים,2005,2
,פסוטה,2005,30
,"פעמי תש""ז",2005,3
,פקיעין )בוקייעה(,2005,33
,פקיעין חדשה,2005,2
,צביה,2005,4
,צהל,2005,8
,צובה,2005,2
,צור הדסה,2005,54
,צורית,2005,3
,צנדלה,2005,1
,קורנית,2005,2
,קצרין,2005,80
,קריית יערים,2005,58
,קרית יערים)מוסד(,2005,5
,ראמה,2005,86
,רגבה,2005,5
,רהט,2005,5
,רוויה,2005,2
,רם-און,2005,7
,רמות,2005,2
,רמת מגשימים,2005,1
,רמת צבי,2005,3
,רמת רזיאל,2005,19
,רנן,2005,1
,רקפת,2005,6
,שבי ציון,2005,2
,שגב-שלום,2005,36
,שדה בוקר,2005,6
,שדה משה,2005,16
,שדי תרומות,2005,5
,שואבה,2005,3
,שורש,2005,19
,שורשים,2005,6
,שזור,2005,1
,שיבולים,2005,13
,שייח' דנון,2005,1
,שכניה,2005,5
,שלומי,2005,46
,שמשית,2005,13
,שעב,2005,10
,שריגים )לי-און(,2005,4
,תדהר,2005,7
,תובל,2005,1
,תירוש,2005,2
,תל שבע,2005,1
,תל תאומים,2005,3
,"תלמי ביל""ו",2005,8
,תמרת,2005,9
,תקומה,2005,3
,אביאל,2005,26
,אור עקיבא,2005,172
,אושה,2005,4
,איבתאן,2005,2
,אילניה,2005,78
,אכסאל,2005,42
,אלון הגליל,2005,2
,אלוני אבא,2005,66
,אליקים,2005,1
,אמירים,2005,7
,אעבלין,2005,182
,אפק,2005,1
,אשדות יעקב )איחוד(,2005,5
,בועיינה-נוג'ידאת,2005,24
,ביר אל-מכסור,2005,33
,ביריה,2005,2
,בית אורן,2005,3
,בית לחם הגלילית,2005,4
,בית שערים,2005,5
,בלפוריה,2005,15
,בר יוחאי,2005,3
,בת שלמה,2005,13
,ג'ש )גוש חלב(,2005,30
,גבע כרמל,2005,6
,גבעת אבני,2005,20
,"גבעת ניל""י",2005,18
,גבעת עדה,2005,63
,דאלית אל-כרמל,2005,127
,דבוריה,2005,30
,דברת,2005,1
,דגניה ב',2005,7
,דור,2005,3
,דחי,2005,11
,דישון,2005,4
,דליה,2005,1
,דלתון,2005,1
,דמיידה,2005,2
,הבונים,2005,4
,הזורעים,2005,2
,החותרים,2005,1
,הסוללים,2005,6
,זובידאת )שבט(,2005,1
,זכרון יעקב,2005,466
,זרזיר,2005,27
,חוקוק,2005,1
,חזון,2005,4
,חלף,2005,8
,חצור הגלילית,2005,67
,חרוצים,2005,2
,טובא-זנגריה,2005,6
,טורעאן,2005,62
,טירת כרמל,2005,171
,טפחות,2005,12
,יבנאל,2005,29
,יגור,2005,1
,יסוד המעלה,2005,9
,יפיע,2005,52
,יקנעם )מושבה(,2005,13
,יקנעם עילית,2005,154
,כאוכב אבו אל-היג'א,2005,3
,כורזים,2005,3
,כנרת )מושבה(,2005,9
,כפר ביאליק,2005,3
,כפר ברוך,2005,3
,כפר גדעון,2005,5
,כפר גליקסון,2005,1
,כפר הנשיא,2005,6
,כפר זיתים,2005,5
,כפר חיטים,2005,14
,כפר יהושע,2005,16
,כפר כמא,2005,8
,כפר כנא,2005,105
,כפר מנדא,2005,47
,כפר קיש,2005,1
,כפר קרע,2005,13
,כפר תבור,2005,45
,"כרם מהר""ל",2005,19
,לביא,2005,2
,לבנים,2005,3
,מ. א. הגליל התחתון,2005,6
,מ. א. מרום הגליל,2005,1
,מ. א. עמק הירדן,2005,4
,מגאר,2005,38
,מגדים,2005,12
,מגדל,2005,101
,מטולה,2005,16
,מסד,2005,6
,מעין ברוך,2005,34
,מעין צבי,2005,2
,מצפה,2005,1
,מרגליות,2005,2
,מרחביה )מושב(,2005,5
,מרחביה )קיבוץ(,2005,6
,משהד,2005,16
,משמר הירדן,2005,2
,נאעורה,2005,2
,נהלל,2005,1
,נופית,2005,21
,נחשולים,2005,1
,ניין,2005,36
,סולם,2005,7
,עארה,2005,1
,עדי,2005,5
,עופר,2005,4
,עיילבון,2005,26
,עין איילה,2005,14
,עין הוד,2005,1
,עין העמק,2005,3
,עין זיתים,2005,4
,עין מאהל,2005,34
,עמיקם,2005,10
,עספיא,2005,99
,ערערה,2005,28
,עתלית,2005,64
,פוריה - כפר עבודה,2005,2
,פוריה - נווה עובד,2005,10
,פוריה עילית,2005,10
,פוריידיס,2005,36
,ציפורי,2005,10
,צפת,2005,322
,צרופה,2005,1
,קדרים,2005,3
,קיסריה,2005,86
,קציר,2005,17
,קריית טבעון,2005,184
,קריית שמונה,2005,230
,קרית חיים,2005,301
,ראש פינה,2005,88
,רגבים,2005,3
,רומאנה,2005,8
,ריחאניה,2005,1
,ריינה,2005,77
,רכסים,2005,92
,רמת השופט,2005,1
,רמת ישי,2005,107
,שבלי - אום אל-גנם,2005,11
,שדה אילן,2005,3
,שדה אליעזר,2005,8
,שדה יעקב,2005,9
,שדה נחמיה,2005,1
,שדות ים,2005,82
,שדמות דבורה,2005,6
,שפרעם,2005,135
,שרונה,2005,5
,שריד,2005,1
,תל יצחק,2005,11
,תל עדשים,2005,35
,תל קציר,2005,2
,אביחיל,2005,10
,אבן יהודה,2005,162
,אודים,2005,1
,אזור,2005,159
,אחיטוב,2005,7
,אחיעזר,2005,11
,אייל,2005,1
,אליכין,2005,10
,אלישיב,2005,22
,אלישמע,2005,1
,אלעד,2005,604
,באקה אל-גרביה,2005,63
,בארותיים,2005,6
,בחן,2005,1
,ביר א סכה,2005,2
,בית אלעזרי,2005,9
,בית גמליאל,2005,4
,בית דגן,2005,99
,בית השיטה,2005,2
,בית חירות,2005,8
,בית חלקיה,2005,32
,בית חנניה,2005,2
,בית חשמונאי,2005,48
,בית יצחק-שער חפר,2005,25
,בית נחמיה,2005,4
,בית עוזיאל,2005,4
,בית עזרא,2005,4
,בית עמרא,2005,3
,בית עריף,2005,3
,ביתן אהרן,2005,1
,בן זכאי,2005,5
,בן שמן )מושב(,2005,4
,בני דרור,2005,21
,בני עטרות,2005,5
,בני ציון,2005,20
,בני ראם,2005,6
,בניה,2005,4
,בנימינה-גבעת עדה,2005,190
,בסמת טבעון,2005,4
,בצרה,2005,5
,בת חפר,2005,75
,ג'לג'וליה,2005,8
,ג'סר א-זרקא,2005,20
,ג'ת,2005,32
,גאולים,2005,2
,גבעת חיים )איחוד(,2005,1
,גבעת חיים )מאוחד(,2005,5
,"גבעת כ""ח",2005,42
,גבעת שמואל,2005,327
,גזר,2005,5
,גיזו,2005,1
,גינתון,2005,8
,גליל ים,2005,11
,גמזו,2005,3
,גן השומרון,2005,16
,גן חיים,2005,7
,גן יאשיה,2005,25
,גן שמואל,2005,1
,גני הדר,2005,31
,גני יהודה,2005,4
,גני יוחנן,2005,5
,גני עם,2005,9
,גני תקווה,2005,155
,געש,2005,1
,גת רימון,2005,3
,הדר עם,2005,10
,הרדוף,2005,1
,זיתן,2005,24
,זמר,2005,1
,ח'ואלד )שבט(,2005,1
,חבצלת השרון,2005,23
,חגור,2005,10
,חגלה,2005,3
,חופית,2005,15
,חיבת ציון,2005,3
,חירות,2005,8
,חפץ חיים,2005,1
,חרב לאת,2005,19
,טייבה,2005,69
,טירה,2005,37
,טירת יהודה,2005,11
,טל שחר,2005,2
,יגל,2005,1
,יד בנימין,2005,68
,יד חנה,2005,4
,"יד רמב""ם",2005,8
,יהוד,2005,275
,ימא,2005,1
,ינוב,2005,1
,יציץ,2005,1
,יקום,2005,1
,ירחיב,2005,11
,כוכב יאיר,2005,25
,כעביה-טבאש-חג'אג'רה,2005,2
,כפר אביב,2005,1
,כפר אוריה,2005,2
,"כפר אז""ר",2005,29
,כפר בן נון,2005,13
,כפר ברא,2005,5
,כפר המכבי,2005,4
,כפר הנגיד,2005,1
,כפר הס,2005,11
,"כפר הרא""ה",2005,26
,כפר ויתקין,2005,9
,"כפר חב""ד",2005,6
,כפר חיים,2005,2
,כפר טרומן,2005,8
,כפר ידידיה,2005,27
,כפר יונה,2005,385
,כפר מונש,2005,9
,"כפר מל""ל",2005,26
,כפר נטר,2005,12
,כפר קאסם,2005,35
,כפר רות,2005,1
,כפר שמואל,2005,3
,כפר שמריהו,2005,51
,כרמי יוסף,2005,2
,לפיד,2005,21
,מ. א. נחל שורק,2005,1
,מ. א. עמק לוד,2005,3
,מאור,2005,9
,מגשימים,2005,6
,מודיעין עילית,2005,1
,מזור,2005,3
,מזכרת בתיה,2005,176
,מייסר,2005,5
,מישר,2005,1
,מכבים-רעות,2005,55
,מכמורת,2005,6
,מענית,2005,5
,מעש,2005,2
,מצליח,2005,43
,מרגה,2005,1
,משגב דב,2005,6
,משמר השבעה,2005,2
,משמרות,2005,5
,משמרת,2005,22
,מתן,2005,10
,נווה אפרים,2005,11
,נווה ימין,2005,18
,נווה מבטח,2005,1
,נוף איילון,2005,1
,נורדיה,2005,17
,נחלים,2005,5
,נחשונים,2005,1
,נטעים,2005,4
,ניצני עוז,2005,7
,ניר צבי,2005,6
,נירית,2005,2
,נצר סרני,2005,96
,סביון*,2005,48
,סתריה,2005,1
,עדנים,2005,22
,עולש,2005,3
,עזריאל,2005,21
,עין החורש,2005,5
,עין ורד,2005,19
,עין שמר,2005,2
,עין שריד,2005,18
,עשרת,2005,12
,פדיה,2005,35
,פורת,2005,6
,פלמחים,2005,2
,פרדסיה,2005,35
,פתחיה,2005,1
,צופית,2005,15
,צור יגאל,2005,50
,צור משה,2005,20
,צור נתן,2005,25
,צורן,2005,33
,קדימה-צורן,2005,139
,קדרון,2005,10
,קלנסווה,2005,61
,קריית עקרון,2005,70
,ראס עלי,2005,3
,רמות השבים,2005,38
,רמת אפעל,2005,25
,רמת הכובש,2005,2
,רשפון,2005,32
,שדה ורבורג,2005,31
,שדי חמד,2005,9
,שוהם,2005,183
,שילת,2005,10
,שעלבים,2005,5
,שער אפרים,2005,96
,שפיים,2005,5
,תל מונד,2005,182
,תלמי אלעזר,2005,24
,תנובות,2005,5
,תעוז,2005,5
,אביגדור,2005,4
,אור הנר,2005,1
,אורה,2005,4
,אורות,2005,4
,אחווה,2005,1
,אירוס,2005,1
,אמונים,2005,5
,באר טוביה,2005,23
,ביצרון,2005,8
,בית הגדי,2005,2
,בית חנן,2005,10
,בית עובד,2005,1
,בית שקמה,2005,5
,ביתר עילית,2005,8
,בני דרום,2005,3
,"בני עי""ש",2005,51
,ברור חיל,2005,3
,ברוש,2005,6
,ברכיה,2005,2
,ברקת,2005,1
,בת הדר,2005,6
,גאליה,2005,1
,גבעת ברנר,2005,4
,גבעתי,2005,13
,גיאה,2005,2
,גן יבנה,2005,461
,גן שורק,2005,1
,גן שלמה,2005,4
,גפן,2005,2
,דקל,2005,2
,הודיה,2005,3
,זבדיאל,2005,1
,זוהר,2005,1
,זיקים,2005,6
,זרחיה,2005,2
,חלץ,2005,1
,חצב,2005,6
,יבול,2005,11
,יד נתן,2005,7
,ינון,2005,1
,יסודות,2005,2
,כוכב מיכאל,2005,70
,כפר אהרון,2005,1
,כפר אחים,2005,7
,"כפר ביל""ו",2005,2
,כפר דניאל,2005,80
,כפר ורבורג,2005,9
,כפר מימון,2005,8
,כפר מנחם,2005,35
,כפר סירקין,2005,3
,כפר עזה,2005,1
,כרמיה,2005,9
,לכיש,2005,10
,מ. א. באר טוביה,2005,1
,מ. א. ברנר,2005,6
,מ. א. גזר,2005,2
,מ. א. גן רוה,2005,4
,מ. א. חבל יבנה,2005,2
,מ. א. חוף אשקלון,2005,50
,מבקיעים,2005,2
,מסלול,2005,15
,מרכז שפירא,2005,8
,משען,2005,12
,נהורה,2005,7
,נוגה,2005,6
,נחלת יהודה,2005,16
,ניסנית,2005,1
,ניצן,2005,2
,ניצנה )קהילת חינוך(,2005,1
,ניצנים,2005,1
,ניר בנים,2005,1
,ניר גלים,2005,4
,"ניר ח""ן",2005,8
,ניר ישראל,2005,1
,ניר עקיבא,2005,5
,"נתיב הל""ה",2005,1
,עזר,2005,5
,עזריה,2005,10
,עזריקם,2005,10
,ערוגות,2005,7
,פטיש,2005,4
,פרי גן,2005,11
,צלפון,2005,2
,קוממיות,2005,1
,קלחים,2005,7
,קריית מלאכי,2005,141
,רבדים,2005,17
,רמות מאיר,2005,3
,שדה עוזיהו,2005,7
,שחר,2005,3
,שפיר,2005,5
,שקף,2005,2
,שרשרת,2005,1
,שתולים,2005,11
,תושיה,2005,1
,תימורים,2005,18
,תל יוסף,2005,2
,תלמי יחיאל,2005,2
,תלמי יפה,2005,33
,תלמי מנשה,2005,4
,תלמים,2005,9
,,2006,225
,אבו גוש,2006,29
,אבו סנאן,2006,63
,אבו קורינאת )שבט(,2006,1
,אבטליון,2006,9
,אביעזר,2006,42
,אבירים,2006,2
,אבן מנחם,2006,3
,אבן ספיר,2006,5
,אדירים,2006,2
,אדמית,2006,13
,אדרת,2006,8
,אוהד,2006,1
,אום אל-פחם,2006,235
,אומן,2006,4
,אחוזת ברק,2006,4
,אחיהוד,2006,12
,אילון,2006,3
,אילות,2006,2
,אפיק,2006,1
,ארבל,2006,15
,אשבול,2006,9
,אשחר,2006,13
,אשלים,2006,8
,אשרת,2006,2
,אשתאול,2006,9
,באר אורה,2006,4
,בוסתן הגליל,2006,64
,בטחה,2006,1
,ביר הדאג',2006,3
,בית אלפא,2006,1
,בית ג'ן,2006,60
,בית השיטה,2006,3
,בית חנניה,2006,3
,בית יוסף,2006,1
,בית נקופה,2006,6
,בית קמה,2006,1
,בית שאן,2006,161
,בן עמי,2006,1
,בני יהודה,2006,4
,"בסמ""ה",2006,1
,בענה,2006,30
,בצת,2006,6
,בר גיורא,2006,1
,ברוש,2006,12
,ברק,2006,3
,ג'דיידה-מכר,2006,38
,ג'ולס,2006,36
,גבעת אלה,2006,7
,גבעת יואב,2006,1
,גבעת יערים,2006,42
,גבעת ישעיהו,2006,28
,גדיידה,2006,15
,גדעונה,2006,6
,גדרה,2006,473
,גורן,2006,2
,גילון,2006,16
,גיתה,2006,4
,גלאון,2006,1
,גן נר,2006,7
,גשר הזיו,2006,1
,גת בגליל,2006,21
,דבורה,2006,1
,דייר אל-אסד,2006,6
,דייר חנא,2006,31
,דקל,2006,6
,הושעיה,2006,7
,הילה,2006,1
,הר אדר,2006,1
,הררית,2006,12
,זכריה,2006,8
,זלפה,2006,12
,זנוח,2006,1
,חבר,2006,8
,חד-נס,2006,2
,חוסן,2006,14
,חורפיש,2006,20
,חלוץ,2006,2
,חניתה,2006,2
,חנתון,2006,43
,חספין,2006,7
,חצבה,2006,6
,חריש,2006,16
,חרשים,2006,7
,טל-אל,2006,2
,טמרה,2006,68
,יאנוח,2006,4
,יאנוח-ג'ת,2006,2
,יובלים,2006,4
,יודפת,2006,1
,יסעור,2006,2
,יעד,2006,22
,יעל,2006,2
,יערה,2006,2
,ירדנה,2006,2
,ירוחם,2006,55
,ירכא,2006,50
,ישע,2006,3
,כאבול,2006,21
,כאוכב אבו אל-היג'א,2006,29
,כיסרא,2006,8
,כישור,2006,2
,כליל,2006,6
,כמון,2006,6
,כנף,2006,2
,כסלון,2006,4
,כסרא-סמיע,2006,18
,כפר אל עוברה,2006,1
,כפר ברוך,2006,15
,כפר החורש,2006,6
,"כפר הרי""ף",2006,11
,כפר ורדים,2006,55
,כפר חנניה,2006,1
,כפר יאסיף,2006,39
,כפר יחזקאל,2006,19
,כפר מצר,2006,2
,כפר סמיע,2006,4
,כפר ראש הנקרה,2006,41
,כפר רוזנואלד )זרעית(,2006,2
,לבון,2006,5
,להבים,2006,129
,לוזית,2006,43
,לוחמי הגיטאות,2006,1
,לוטם,2006,10
,מ. א. בקעת בית שאן,2006,5
,מ. א. חבל אילות,2006,1
,מ. א. מטה אשר,2006,1
,מ. א. מטה יהודה,2006,68
,מ. א. מעלה יוסף,2006,1
,מ. א. משגב,2006,16
,מ. א. רמת נגב,2006,1
,מבוא ביתר,2006,1
,מבועים,2006,13
,מבשרת ציון,2006,218
,מג`ד אל-כרום,2006,67
,מגדל העמק,2006,184
,מגידו,2006,16
,מגן שאול,2006,1
,מדרשת בן גוריון,2006,4
,מולדת,2006,24
,מועאוויה,2006,12
,מוצא עילית,2006,5
,מוצא תחתית,2006,1
,מוקייבלה,2006,4
,מורן,2006,4
,מורשת,2006,2
,מושיירפה,2006,4
,מזרעה,2006,2
,מחנה גבעת חנניה,2006,12
,מטע,2006,1
,מי עמי,2006,2
,מיטב,2006,1
,מירב,2006,1
,מירון,2006,11
,מיתר,2006,33
,מכמנים,2006,3
,מכר,2006,26
,מלאה,2006,2
,מלילות,2006,2
,מנוחה,2006,47
,מנוף,2006,10
,מנות,2006,2
,מסילת ציון,2006,12
,מסלול,2006,13
,מעגלים,2006,1
,מעונה,2006,4
,מעיליא,2006,71
,מעלות-תרשיחא,2006,116
,מצובה,2006,31
,"מצפה אבי""ב",2006,4
,מצפה רמון,2006,65
,משגב,2006,4
,משמר העמק,2006,133
,מתת,2006,2
,נאות הכיכר,2006,1
,"נווה אטי""ב",2006,1
,נווה אילן,2006,120
,נווה זוהר,2006,1
,נווה זיו,2006,2
,נווה מיכאל,2006,65
,נחלה,2006,4
,נחם,2006,1
,נחף,2006,38
,נטף,2006,1
,ניצני סיני,2006,1
,ניר דוד )תל עמל(,2006,1
,ניר יפה,2006,1
,נס הרים,2006,149
,נס עמים,2006,1
,נצרת,2006,255
,"נתיב הל""ה",2006,1
,נתיב השיירה,2006,3
,סאג'ור,2006,22
,סאלם,2006,2
,סגולה,2006,7
,סח'נין,2006,155
,סלמה,2006,1
,סער,2006,3
,ספיר,2006,14
,עומר,2006,57
,עין איברהים,2006,7
,עין הבשור,2006,4
,עין המפרץ,2006,6
,עין יהב,2006,7
,עין יעקב,2006,6
,עין נקובא,2006,2
,עין עירון,2006,1
,עמינדב,2006,4
,עצמון שגב,2006,3
,עראבה,2006,72
,עראמשה,2006,3
,פדויים,2006,4
,פטיש,2006,7
,פסוטה,2006,64
,"פעמי תש""ז",2006,4
,פקיעין )בוקייעה(,2006,16
,פקיעין חדשה,2006,1
,צביה,2006,5
,צהל,2006,3
,צוחר,2006,1
,צוקים,2006,3
,צור הדסה,2006,43
,צורית,2006,4
,קדמת צבי,2006,1
,קלחים,2006,27
,קציר,2006,23
,קצרין,2006,72
,קריית יערים,2006,56
,קריית ענבים,2006,2
,קרית יערים)מוסד(,2006,8
,ראמה,2006,69
,רביבים,2006,1
,רגבה,2006,8
,רהט,2006,1
,רם-און,2006,7
,רמת חובב,2006,1
,רמת מגשימים,2006,1
,רמת רזיאל,2006,4
,רנן,2006,2
,רקפת,2006,14
,שבי ציון,2006,9
,שגב-שלום,2006,31
,שדה בוקר,2006,13
,שדה משה,2006,16
,שדה ניצן,2006,3
,שדה צבי,2006,1
,שדות מיכה,2006,6
,שדי תרומות,2006,3
,שואבה,2006,4
,שורש,2006,27
,שורשים,2006,2
,שזור,2006,2
,שיבולים,2006,6
,שייח' דנון,2006,8
,שכניה,2006,5
,שלומי,2006,130
,שמשית,2006,9
,שעב,2006,15
,שריגים )לי-און(,2006,6
,שתולה,2006,1
,תדהר,2006,29
,תירוש,2006,7
,תל יוסף,2006,2
,תענך,2006,1
,תקומה,2006,1
,תראבין א-צאנע )שבט(,2006,1
,אבטין,2006,3
,אביאל,2006,4
,אור עקיבא,2006,161
,אושה,2006,1
,איילת השחר,2006,2
,אילניה,2006,12
,אכסאל,2006,45
,אלומות,2006,1
,אלון הגליל,2006,1
,אלוני אבא,2006,91
,אליקים,2006,2
,אמירים,2006,4
,אמנון,2006,1
,אעבלין,2006,189
,אפיקים,2006,2
,אפק,2006,2
,אשדות יעקב )איחוד(,2006,5
,בועיינה-נוג'ידאת,2006,11
,ביר אל-מכסור,2006,10
,ביריה,2006,2
,בית הלל,2006,3
,בית לחם הגלילית,2006,7
,בית שערים,2006,2
,בלפוריה,2006,2
,בנימינה-גבעת עדה,2006,204
,בסמת טבעון,2006,10
,בר יוחאי,2006,3
,ברקאי,2006,1
,בת שלמה,2006,23
,ג'ש )גוש חלב(,2006,57
,גבע כרמל,2006,5
,גבעת אבני,2006,16
,"גבעת ניל""י",2006,5
,גבעת עדה,2006,57
,גפן,2006,5
,דאלית אל-כרמל,2006,164
,דבוריה,2006,25
,דגניה ב',2006,30
,דחי,2006,3
,דליה,2006,1
,דלתון,2006,2
,דמיידה,2006,1
,הבונים,2006,23
,הגושרים,2006,1
,הזורעים,2006,3
,היוגב,2006,5
,הסוללים,2006,3
,זכרון יעקב,2006,469
,זרזיר,2006,14
,חוקוק,2006,6
,חזון,2006,3
,חלף,2006,5
,חצור הגלילית,2006,61
,חרוצים,2006,19
,טובא-זנגריה,2006,17
,טורעאן,2006,84
,טירת כרמל,2006,220
,טפחות,2006,5
,יבנאל,2006,54
,יגור,2006,1
,יובל,2006,2
,יזרעאל,2006,1
,יסוד המעלה,2006,16
,יפיע,2006,47
,יפתח,2006,1
,יקנעם )מושבה(,2006,23
,יקנעם עילית,2006,177
,כנרת )מושבה(,2006,17
,כנרת )קבוצה(,2006,1
,כפר ביאליק,2006,11
,כפר גדעון,2006,3
,כפר גלעדי,2006,1
,כפר הנשיא,2006,8
,כפר זיתים,2006,3
,כפר חיטים,2006,19
,כפר יהושע,2006,7
,כפר כמא,2006,7
,כפר כנא,2006,87
,כפר מנדא,2006,45
,כפר פינס,2006,1
,כפר קיש,2006,24
,כפר קרע,2006,10
,כפר שמאי,2006,9
,כפר תבור,2006,36
,כרכום,2006,3
,"כרם מהר""ל",2006,7
,לביא,2006,5
,לבנים,2006,4
,מ. א. הגליל העליון,2006,8
,מ. א. הגליל התחתון,2006,5
,מ. א. מרום הגליל,2006,3
,מ. א. עמק הירדן,2006,4
,מגאר,2006,45
,מגדים,2006,5
,מגדל,2006,32
,מדרך עוז,2006,32
,מזרע,2006,1
,מטולה,2006,10
,מנחמיה,2006,18
,מנשית זבדה,2006,1
,מסד,2006,4
,מעין ברוך,2006,27
,מעין צבי,2006,3
,מרחביה )מושב(,2006,8
,מרחביה )קיבוץ(,2006,7
,משגב עם,2006,1
,משהד,2006,18
,משמר הירדן,2006,6
,נאעורה,2006,2
,נופית,2006,11
,נחשולים,2006,2
,ניין,2006,9
,סולם,2006,3
,עארה,2006,4
,עדי,2006,39
,עוזייר,2006,3
,עופר,2006,3
,עיילבון,2006,20
,עילוט,2006,31
,עין איילה,2006,10
,עין הוד,2006,3
,עין העמק,2006,6
,עין כרמל,2006,1
,עין מאהל,2006,31
,עמיעד,2006,2
,עמיקם,2006,9
,עספיא,2006,99
,ערערה,2006,36
,עתלית,2006,100
,פוריה - כפר עבודה,2006,2
,פוריה - נווה עובד,2006,4
,פוריה עילית,2006,12
,פוריידיס,2006,9
,ציפורי,2006,9
,צפת,2006,324
,קדרים,2006,1
,קיסריה,2006,94
,קריית טבעון,2006,175
,קריית שמונה,2006,213
,קרית חיים,2006,242
,ראש פינה,2006,60
,רגבים,2006,8
,רומת הייב,2006,2
,ריינה,2006,112
,רכסים,2006,81
,רמות מנשה,2006,11
,רמת השופט,2006,1
,רמת ישי,2006,115
,רמת צבי,2006,16
,שבלי - אום אל-גנם,2006,1
,שדה אילן,2006,1
,שדה אליעזר,2006,6
,שדה יעקב,2006,2
,שדות ים,2006,66
,שדמות דבורה,2006,2
,שפרעם,2006,135
,שרונה,2006,7
,שריד,2006,6
,תל עדשים,2006,30
,תל קציר,2006,13
,תמרת,2006,3
,אביחיל,2006,9
,אבן יהודה,2006,160
,אודים,2006,7
,אום אל-קוטוף,2006,2
,אומץ,2006,49
,אזור,2006,280
,אחיטוב,2006,4
,אחיעזר,2006,7
,איבתאן,2006,1
,אליכין,2006,12
,אלישיב,2006,23
,אלישמע,2006,4
,אלעד,2006,520
,ארסוף,2006,1
,באקה אל-גרביה,2006,75
,בארות יצחק,2006,1
,בארותיים,2006,3
,בורגתה,2006,1
,ביר א סכה,2006,1
,בית אלעזרי,2006,8
,בית גמליאל,2006,8
,בית דגן,2006,96
,בית חירות,2006,4
,בית חלקיה,2006,39
,בית חשמונאי,2006,13
,בית יהושע,2006,3
,בית ינאי,2006,7
,בית יצחק-שער חפר,2006,89
,בית עוזיאל,2006,1
,בית עזרא,2006,6
,בית עמרא,2006,4
,בית עריף,2006,5
,ביתן אהרן,2006,16
,בן זכאי,2006,2
,בן שמן )מושב(,2006,6
,בני דרור,2006,20
,בני עטרות,2006,10
,בני ציון,2006,14
,בני ראם,2006,10
,בניה,2006,2
,בצרה,2006,15
,בקוע,2006,58
,בת חפר,2006,93
,ג'לג'וליה,2006,16
,ג'סר א-זרקא,2006,16
,ג'ת,2006,43
,גאולים,2006,5
,גבעת ברנר,2006,26
,"גבעת ח""ן",2006,1
,גבעת חיים )איחוד(,2006,1
,"גבעת כ""ח",2006,19
,גבעת שמואל,2006,290
,גזר,2006,20
,גינתון,2006,3
,גליל ים,2006,4
,גן השומרון,2006,17
,גן חיים,2006,18
,גן יאשיה,2006,8
,גן שורק,2006,6
,גן שמואל,2006,1
,גנות,2006,3
,גנות הדר,2006,2
,גני הדר,2006,15
,גני יהודה,2006,4
,גני יוחנן,2006,3
,גני עם,2006,9
,גני תקווה,2006,163
,געש,2006,29
,גת רימון,2006,5
,הדר עם,2006,1
,הרדוף,2006,3
,זיתן,2006,27
,זמר,2006,1
,ח'ואלד )שבט(,2006,3
,חבצלת השרון,2006,16
,חג'אג'רה*,2006,2
,חגור,2006,5
,חגלה,2006,4
,חדיד,2006,28
,חופית,2006,6
,חורשים,2006,1
,חיבת ציון,2006,7
,חירות,2006,4
,חניאל,2006,2
,חפץ חיים,2006,2
,חרב לאת,2006,21
,טייבה,2006,85
,טירה,2006,38
,טירת יהודה,2006,11
,יד בנימין,2006,42
,יד חנה,2006,2
,"יד רמב""ם",2006,20
,יהוד,2006,374
,ימא,2006,7
,ינוב,2006,3
,יציץ,2006,8
,יקום,2006,1
,ירחיב,2006,49
,ישרש,2006,4
,כוכב יאיר,2006,35
,כעביה-טבאש-חג'אג'רה,2006,19
,כפר אביב,2006,2
,כפר אוריה,2006,17
,"כפר אז""ר",2006,22
,"כפר ביל""ו",2006,5
,כפר בן נון,2006,11
,כפר ברא,2006,6
,כפר גליקסון,2006,1
,כפר המכבי,2006,5
,כפר הס,2006,8
,"כפר הרא""ה",2006,9
,כפר ויתקין,2006,5
,"כפר חב""ד",2006,1
,כפר חיים,2006,4
,כפר טרומן,2006,1
,כפר ידידיה,2006,4
,כפר יונה,2006,513
,כפר יעבץ,2006,24
,כפר מונש,2006,3
,"כפר מל""ל",2006,6
,כפר מרדכי,2006,28
,כפר נטר,2006,17
,כפר קאסם,2006,51
,כפר רות,2006,4
,כפר שמואל,2006,3
,כפר שמריהו,2006,39
,להבות חביבה,2006,4
,לפיד,2006,17
,מ. א. עמק לוד,2006,3
,מאור,2006,11
,מגל,2006,299
,מגשימים,2006,3
,מזור,2006,6
,מזכרת בתיה,2006,181
,מייסר,2006,3
,מישר,2006,4
,מכבים-רעות,2006,76
,מכמורת,2006,13
,מענית,2006,1
,מעש,2006,1
,מצליח,2006,57
,מרגה,2006,4
,משגב דב,2006,5
,משמר השבעה,2006,1
,משמר השרון,2006,2
,משמרות,2006,2
,משמרת,2006,9
,מתן,2006,21
,נווה אפרים,2006,11
,נווה ימין,2006,12
,נווה ירק,2006,6
,נווה מבטח,2006,3
,נופך,2006,1
,נורדיה,2006,20
,נחלים,2006,15
,ניצני עוז,2006,16
,נירית,2006,6
,נצר סרני,2006,98
,סביון*,2006,53
,סתריה,2006,1
,עדנים,2006,11
,עולש,2006,2
,עזריאל,2006,18
,עין החורש,2006,2
,עין ורד,2006,13
,עין שריד,2006,34
,עשרת,2006,8
,פדיה,2006,5
,פורת,2006,1
,פלמחים,2006,1
,פרדסיה,2006,27
,פתחיה,2006,3
,צופית,2006,11
,צור יגאל,2006,45
,צור משה,2006,18
,צור נתן,2006,16
,צורן,2006,67
,צפריה,2006,10
,צרעה,2006,1
,קדימה-צורן,2006,164
,קדרון,2006,26
,קלנסווה,2006,37
,קריית עקרון,2006,94
,ראס עלי,2006,1
,רביד,2006,1
,רמות השבים,2006,25
,רמות מאיר,2006,5
,רמת אפעל,2006,30
,רשפון,2006,23
,שדה ורבורג,2006,30
,שדה יצחק,2006,13
,שדי חמד,2006,4
,שוהם,2006,229
,שילת,2006,10
,שעלבים,2006,6
,שער אפרים,2006,21
,שפיים,2006,2
,תל יצחק,2006,12
,תל מונד,2006,166
,תלמי אלעזר,2006,2
,תנובות,2006,14
,אביגדור,2006,5
,אבן שמואל,2006,6
,אורה,2006,1
,אורות,2006,11
,אחוזם,2006,2
,אחיסמך,2006,2
,אמונים,2006,14
,באר טוביה,2006,23
,ביצרון,2006,14
,בית אורן,2006,2
,בית הגדי,2006,4
,בית זית,2006,1
,בית חנן,2006,12
,בית שקמה,2006,4
,ביתר עילית,2006,2
,בני דרום,2006,2
,"בני עי""ש",2006,56
,ברור חיל,2006,8
,ברכיה,2006,3
,בת הדר,2006,15
,גאליה,2006,1
,גבעולים,2006,4
,גבעת השלושה,2006,2
,גבעתי,2006,1
,גיבתון,2006,3
,גילת,2006,9
,גן הדרום,2006,4
,גן יבנה,2006,413
,גן שלמה,2006,14
,"דרום השרון מ""א 02",2006,5
,הודיה,2006,36
,ורדון,2006,2
,זבדיאל,2006,2
,זיקים,2006,1
,זרועה,2006,14
,זרחיה,2006,1
,חצב,2006,3
,יבול,2006,9
,יד נתן,2006,7
,ינון,2006,9
,יסודות,2006,1
,כוכב מיכאל,2006,2
,כפר אחים,2006,10
,כפר גבירול,2006,1
,כפר דניאל,2006,33
,כפר הנגיד,2006,1
,כפר ורבורג,2006,5
,כפר מימון,2006,2
,כפר מנחם,2006,37
,כפר סירקין,2006,2
,כפר עזה,2006,2
,כרמיה,2006,1
,לכיש,2006,2
,מ. א. באר טוביה,2006,2
,מ. א. ברנר,2006,2
,מ. א. גן רוה,2006,1
,מ. א. חבל יבנה,2006,1
,מ. א. חוף אשקלון,2006,14
,מרכז שפירא,2006,8
,משואות יצחק,2006,1
,משען,2006,10
,נגבה,2006,6
,נהורה,2006,6
,נוגה,2006,2
,נחל עוז,2006,1
,נחלת יהודה,2006,30
,נטעים,2006,22
,ניצן,2006,3
,ניצנה )קהילת חינוך(,2006,1
,ניר בנים,2006,2
,ניר גלים,2006,25
,"ניר ח""ן",2006,4
,ניר ישראל,2006,2
,ניר עקיבא,2006,4
,ניר צבי,2006,3
,עוצם,2006,1
,עזר,2006,5
,עזריה,2006,10
,עזריקם,2006,28
,עיינות,2006,5
,ערוגות,2006,11
,ערערה-בנגב,2006,1
,פלוגות,2006,1
,פרי גן,2006,1
,צלפון,2006,1
,קריית מלאכי,2006,155
,רווחה,2006,1
,שדה דוד,2006,1
,שדה עוזיהו,2006,10
,שחר,2006,2
,שפיר,2006,1
,שקף,2006,3
,שרשרת,2006,3
,שתולים,2006,14
,תאשור,2006,5
,תושיה,2006,1
,תימורים,2006,10
,"תלמי ביל""ו",2006,6
,תלמי יחיאל,2006,2
,תלמי יפה,2006,19
,תלמי מנשה,2006,2
,תלמים,2006,25
,,2007,69
,אבו ג'ווייעד )שבט(,2007,23
,אבו גוש,2007,27
,אבו סנאן,2007,116
,אבו קורינאת )שבט(,2007,5
,אבטליון,2007,5
,אביטל,2007,1
,אביעזר,2007,78
,אדמית,2007,2
,אדרת,2007,70
,אוהד,2007,1
,אום אל-פחם,2007,161
,אומן,2007,6
,אחוזת ברק,2007,2
,אחיהוד,2007,4
,אילון,2007,5
,אילות,2007,1
,אלון הגליל,2007,4
,אלקוש,2007,3
,ארבל,2007,23
,אשבול,2007,43
,אשחר,2007,24
,אשלים,2007,5
,אשרת,2007,3
,אשתאול,2007,9
,באר אורה,2007,5
,בוסתן הגליל,2007,84
,בטחה,2007,4
,ביאדה,2007,3
,ביר הדאג',2007,1
,בית אלפא,2007,10
,בית ג'ן,2007,65
,בית הגדי,2007,1
,בית השיטה,2007,43
,בית זית,2007,8
,בית יוסף,2007,3
,בית ניר,2007,1
,בית נקופה,2007,3
,בית קמה,2007,5
,בית שאן,2007,173
,ביתר עילית,2007,11
,בן עמי,2007,6
,בני יהודה,2007,3
,"בסמ""ה",2007,4
,בענה,2007,15
,בר גיורא,2007,1
,ברוש,2007,15
,ברטעה,2007,1
,ג'דיידה-מכר,2007,62
,ג'ולס,2007,43
,גבע,2007,1
,גבעות בר,2007,1
,גבעת אלה,2007,6
,גבעת יואב,2007,1
,גבעת יערים,2007,59
,גבעת ישעיהו,2007,38
,גדיידה,2007,10
,גדיש,2007,2
,גדעונה,2007,1
,גדרה,2007,632
,גורן,2007,1
,גורנות הגליל,2007,3
,גילון,2007,35
,גילת,2007,48
,גיתה,2007,6
,גן נר,2007,21
,געתון,2007,1
,גשור,2007,1
,גשר,2007,1
,גשר הזיו,2007,1
,גת בגליל,2007,12
,דבורה,2007,2
,דברת,2007,4
,דייר אל-אסד,2007,19
,דייר חנא,2007,37
,הושעיה,2007,4
,הילה,2007,4
,הררית,2007,14
,זוהר,2007,4
,זכריה,2007,4
,זלפה,2007,10
,זנוח,2007,22
,זרועה,2007,16
,חבר,2007,4
,חד-נס,2007,12
,חוסן,2007,95
,חורה,2007,5
,חורפיש,2007,25
,חלוץ,2007,2
,חניתה,2007,1
,חנתון,2007,16
,חספין,2007,2
,חצבה,2007,2
,חריש,2007,30
,חרשים,2007,8
,טייבה )בעמק(,2007,1
,טל-אל,2007,15
,טמרה,2007,99
,יאנוח,2007,33
,יאנוח-ג'ת,2007,1
,יובלים,2007,2
,יונתן,2007,1
,יושיביה,2007,2
,יזרעאל,2007,4
,יסעור,2007,14
,יעד,2007,5
,יערה,2007,2
,ירוחם,2007,77
,ירכא,2007,59
,ישע,2007,1
,כאבול,2007,23
,כאוכב אבו אל-היג'א,2007,24
,כברי,2007,1
,כיסרא,2007,9
,כליל,2007,3
,כמון,2007,10
,כסלון,2007,5
,כסרא-סמיע,2007,8
,כפר החורש,2007,24
,"כפר הרי""ף",2007,15
,כפר ורדים,2007,47
,כפר חנניה,2007,1
,כפר יאסיף,2007,32
,כפר יחזקאל,2007,10
,כפר מנדא,2007,73
,כפר מצר,2007,2
,כפר סמיע,2007,7
,כפר ראש הנקרה,2007,4
,כפר רוזנואלד )זרעית(,2007,5
,כפר רופין,2007,2
,כרמים,2007,3
,כרמל,2007,1
,לבון,2007,9
,להב,2007,27
,להבים,2007,13
,לוזית,2007,2
,לוחמי הגיטאות,2007,2
,לוטם,2007,11
,מ. א. בקעת בית שאן,2007,3
,מ. א. הגליל העליון,2007,6
,מ. א. מטה יהודה,2007,12
,מ. א. משגב,2007,6
,מבוא ביתר,2007,12
,מבועים,2007,15
,מבשרת ציון,2007,269
,מג'דל שמס,2007,1
,מג`ד אל-כרום,2007,68
,מגדל העמק,2007,244
,מגידו,2007,14
,מגן שאול,2007,6
,מולדת,2007,20
,מועאוויה,2007,16
,מוצא עילית,2007,3
,מוצמוץ,2007,1
,מוקייבלה,2007,43
,מורן,2007,2
,מושיירפה,2007,8
,מזרעה,2007,1
,מחנה גבעת חנניה,2007,3
,מטע,2007,5
,מי עמי,2007,11
,מיטב,2007,3
,מירב,2007,3
,מיתר,2007,45
,מכמנים,2007,1
,מכר,2007,26
,מנוחה,2007,6
,מנוף,2007,1
,מנות,2007,1
,מסילת ציון,2007,3
,מסלול,2007,19
,מעגלים,2007,1
,מעונה,2007,2
,מעיליא,2007,62
,מעלה גלבוע,2007,5
,מעלה עירון,2007,3
,מעלות-תרשיחא,2007,136
,מצובה,2007,29
,"מצפה אבי""ב",2007,8
,מצפה רמון,2007,96
,משגב,2007,8
,משמר העמק,2007,32
,נאות הכיכר,2007,2
,נוב,2007,2
,נווה זיו,2007,3
,נווה מיכאל,2007,62
,נחם,2007,8
,נחף,2007,63
,נטועה,2007,2
,ניצני סיני,2007,1
,ניר דוד )תל עמל(,2007,22
,ניר יפה,2007,7
,ניר משה,2007,1
,נצרת,2007,255
,נתיב השיירה,2007,4
,סאג'ור,2007,35
,סאלם,2007,1
,סגולה,2007,6
,סח'נין,2007,175
,סלמה,2007,2
,סמר,2007,3
,ספיר,2007,6
,עגור,2007,6
,עומר,2007,109
,עופר,2007,5
,עילוט,2007,36
,עין איברהים,2007,22
,עין הבשור,2007,7
,עין המפרץ,2007,6
,עין חרוד )איחוד(,2007,3
,עין חרוד )מאוחד(,2007,1
,עין יהב,2007,14
,עין יעקב,2007,3
,עין נקובא,2007,4
,עמינדב,2007,4
,עצמון שגב,2007,2
,עראבה,2007,80
,ערערה-בנגב,2007,1
,פדויים,2007,5
,פטיש,2007,31
,פסוטה,2007,57
,"פעמי תש""ז",2007,2
,פקיעין )בוקייעה(,2007,35
,פרזון,2007,1
,פרי גן,2007,6
,צביה,2007,6
,צהל,2007,8
,צובה,2007,1
,צוחר,2007,3
,צופר,2007,1
,צוקים,2007,3
,צור הדסה,2007,95
,צוריאל,2007,2
,צורית,2007,13
,צנדלה,2007,1
,צפרירים,2007,1
,קטורה,2007,1
,קלחים,2007,25
,קציר,2007,20
,קצרין,2007,99
,קריית יערים,2007,48
,קרית יערים)מוסד(,2007,6
,קשת,2007,1
,ראמה,2007,54
,רביבים,2007,3
,רגבה,2007,13
,רהט,2007,14
,רחוב,2007,1
,רם-און,2007,10
,רמת רזיאל,2007,4
,רנן,2007,4
,רקפת,2007,7
,שבי ציון,2007,72
,שגב-שלום,2007,43
,שדה בוקר,2007,12
,שדה דוד,2007,8
,שדה משה,2007,21
,שדה נחום,2007,1
,שדה צבי,2007,17
,שדי תרומות,2007,2
,שואבה,2007,4
,שובל,2007,1
,שורש,2007,4
,שורשים,2007,8
,שחרות,2007,1
,שיבולים,2007,7
,שייח' דנון,2007,12
,שכניה,2007,52
,שלומי,2007,49
,שעב,2007,8
,שריגים )לי-און(,2007,13
,שרשרת,2007,7
,שתולה,2007,1
,תדהר,2007,36
,תירוש,2007,4
,תל תאומים,2007,3
,"תלמי ביל""ו",2007,2
,אביאל,2007,12
,אור עקיבא,2007,165
,אושה,2007,1
,איילת השחר,2007,13
,אילניה,2007,10
,אכסאל,2007,48
,אלוני אבא,2007,14
,אלונים,2007,1
,אליקים,2007,6
,אמירים,2007,1
,אמנון,2007,7
,אעבלין,2007,187
,אפק,2007,2
,אשדות יעקב )איחוד(,2007,13
,בועיינה-נוג'ידאת,2007,6
,ביר אל-מכסור,2007,15
,ביריה,2007,5
,בית הלל,2007,1
,בית לחם הגלילית,2007,3
,בית רימון,2007,1
,בית שערים,2007,4
,בנימינה-גבעת עדה,2007,199
,בר יוחאי,2007,6
,בת שלמה,2007,13
,ג'ש )גוש חלב(,2007,51
,גבע כרמל,2007,3
,גבעת אבני,2007,24
,"גבעת ניל""י",2007,1
,גבעת עדה,2007,85
,גונן,2007,1
,גיניגר,2007,31
,גפן,2007,5
,דאלית אל-כרמל,2007,173
,דבוריה,2007,39
,דגניה ב',2007,6
,"דוב""ב",2007,5
,דחי,2007,2
,דליה,2007,2
,דלתון,2007,2
,דפנה,2007,3
,האון,2007,2
,הבונים,2007,2
,הזורעים,2007,8
,היוגב,2007,6
,הסוללים,2007,36
,זובידאת )שבט(,2007,1
,זכרון יעקב,2007,481
,זרזיר,2007,15
,חוקוק,2007,10
,חזון,2007,6
,חצור הגלילית,2007,69
,חרוצים,2007,12
,טובא-זנגריה,2007,7
,טורעאן,2007,55
,טירת כרמל,2007,198
,טפחות,2007,6
,יבנאל,2007,53
,יובל,2007,29
,יודפת,2007,1
,יסוד המעלה,2007,21
,יפיע,2007,72
,יפתח,2007,3
,יקנעם )מושבה(,2007,17
,יקנעם עילית,2007,205
,כדורי,2007,2
,כחל,2007,13
,כנרת )מושבה(,2007,14
,כפר ביאליק,2007,1
,כפר בלום,2007,9
,כפר ברוך,2007,2
,כפר גדעון,2007,5
,כפר גלים,2007,1
,כפר גליקסון,2007,1
,כפר הנשיא,2007,14
,כפר חיטים,2007,11
,כפר יהושע,2007,12
,כפר כמא,2007,6
,כפר כנא,2007,75
,כפר פינס,2007,3
,כפר קיש,2007,17
,כפר קרע,2007,36
,כפר שמאי,2007,13
,כפר תבור,2007,61
,כרכום,2007,2
,כרם בן זמרה,2007,6
,"כרם מהר""ל",2007,9
,לביא,2007,10
,לבנים,2007,9
,להבות הבשן,2007,4
,מ. א. מרום הגליל,2007,15
,מגאר,2007,40
,מגדים,2007,6
,מגדל,2007,42
,מזרע,2007,6
,מחניים,2007,1
,מטולה,2007,25
,מירון,2007,4
,מלכיה,2007,1
,מנחמיה,2007,22
,מסד,2007,5
,מעגן מיכאל,2007,3
,מעין ברוך,2007,8
,מצפה,2007,5
,מרגליות,2007,1
,מרחביה )מושב(,2007,3
,מרחביה )קיבוץ(,2007,27
,משהד,2007,11
,משמר הירדן,2007,12
,נאעורה,2007,2
,נהלל,2007,2
,נופית,2007,28
,ניין,2007,13
,סולם,2007,6
,עארה,2007,4
,עדי,2007,28
,עוזייר,2007,3
,עיילבון,2007,39
,עין איילה,2007,12
,עין הוד,2007,1
,עין העמק,2007,1
,עין זיתים,2007,2
,עין מאהל,2007,39
,עכברה,2007,4
,עלמה,2007,1
,עמיקם,2007,10
,עספיא,2007,107
,ערערה,2007,44
,עתלית,2007,184
,פוריה - כפר עבודה,2007,1
,פוריה - נווה עובד,2007,10
,פוריה עילית,2007,14
,פוריידיס,2007,10
,פרוד,2007,1
,ציפורי,2007,8
,צפת,2007,363
,צרופה,2007,8
,קדרים,2007,1
,קורנית,2007,3
,קיסריה,2007,125
,קריית טבעון,2007,248
,קריית שמונה,2007,244
,ראש פינה,2007,115
,רגבים,2007,3
,רומאנה,2007,2
,ריחאניה,2007,6
,ריינה,2007,105
,רכסים,2007,60
,רמות מנשה,2007,45
,רמת השופט,2007,1
,רמת ישי,2007,233
,רמת צבי,2007,4
,שאר ישוב,2007,12
,שבלי - אום אל-גנם,2007,4
,שדה אילן,2007,5
,שדה אליעזר,2007,9
,שדה יעקב,2007,16
,שדה נחמיה,2007,6
,שדות ים,2007,93
,שדמות דבורה,2007,5
,שמיר,2007,11
,שמשית,2007,7
,שניר,2007,1
,שער העמקים,2007,1
,שפר,2007,12
,שפרעם,2007,170
,שרונה,2007,4
,שריד,2007,6
,תל עדשים,2007,31
,תל קציר,2007,3
,תמרת,2007,9
,אבן יהודה,2007,237
,אודים,2007,8
,אומץ,2007,16
,אזור,2007,281
,אחיטוב,2007,11
,אחיסמך,2007,5
,אחיעזר,2007,1
,איבתאן,2007,3
,אליכין,2007,18
,אלישיב,2007,4
,אלישמע,2007,6
,אלעד,2007,611
,באקה אל-גרביה,2007,72
,בארותיים,2007,3
,בורגתה,2007,25
,בחן,2007,6
,ביר א סכה,2007,24
,בית אלעזרי,2007,12
,בית גמליאל,2007,2
,בית דגן,2007,71
,בית חירות,2007,1
,בית חלקיה,2007,99
,בית חנניה,2007,20
,בית חשמונאי,2007,12
,בית יהושע,2007,8
,בית ינאי,2007,21
,בית יצחק-שער חפר,2007,24
,בית נחמיה,2007,5
,בית עוזיאל,2007,2
,בית עמרא,2007,4
,בית עריף,2007,12
,ביתן אהרן,2007,7
,בן זכאי,2007,3
,בן שמן )מושב(,2007,7
,בני דרור,2007,7
,בני עטרות,2007,5
,בני ציון,2007,21
,בני ראם,2007,7
,בניה,2007,1
,בסמת טבעון,2007,4
,בצרה,2007,12
,בת חפר,2007,203
,ג'לג'וליה,2007,12
,ג'סר א-זרקא,2007,11
,ג'ת,2007,52
,גבעת ברנר,2007,99
,"גבעת ח""ן",2007,1
,גבעת חיים )איחוד(,2007,1
,"גבעת כ""ח",2007,6
,גבעת שמואל,2007,308
,גזר,2007,18
,גינתון,2007,10
,גליל ים,2007,7
,גמזו,2007,3
,גן השומרון,2007,17
,גן חיים,2007,11
,גן יאשיה,2007,10
,גן יבנה,2007,538
,גן שמואל,2007,1
,גנות,2007,3
,גנות הדר,2007,6
,גני הדר,2007,7
,גני יהודה,2007,18
,גני יוחנן,2007,4
,גני עם,2007,7
,גני תקווה,2007,168
,געש,2007,13
,גת רימון,2007,2
,הדר עם,2007,4
,המעפיל,2007,2
,העוגן,2007,1
,הרדוף,2007,1
,זיתן,2007,18
,זמר,2007,7
,ח'ואלד )שבט(,2007,6
,חבצלת השרון,2007,22
,חגור,2007,6
,חגלה,2007,1
,חופית,2007,7
,חיבת ציון,2007,2
,חירות,2007,2
,חלף,2007,2
,חמד,2007,1
,חניאל,2007,2
,חרב לאת,2007,33
,טייבה,2007,78
,טירה,2007,30
,טירת יהודה,2007,13
,טל שחר,2007,4
,יגל,2007,3
,יד בנימין,2007,145
,יד חנה,2007,71
,"יד רמב""ם",2007,3
,יהוד,2007,562
,ימא,2007,11
,יציץ,2007,2
,יקום,2007,2
,ירחיב,2007,23
,ירקונה,2007,4
,ישרש,2007,1
,כוכב יאיר,2007,128
,כעביה-טבאש-חג'אג'רה,2007,3
,כפר אביב,2007,6
,כפר אוריה,2007,1
,"כפר אז""ר",2007,22
,כפר בן נון,2007,6
,כפר ברא,2007,8
,כפר המכבי,2007,3
,כפר הס,2007,2
,"כפר הרא""ה",2007,15
,כפר ויתקין,2007,13
,"כפר חב""ד",2007,10
,כפר חיים,2007,1
,כפר טרומן,2007,5
,כפר ידידיה,2007,5
,כפר יונה,2007,660
,כפר יעבץ,2007,29
,כפר מונש,2007,8
,"כפר מל""ל",2007,5
,כפר מרדכי,2007,2
,כפר נטר,2007,9
,כפר קאסם,2007,101
,כפר רות,2007,1
,כפר שמואל,2007,7
,כפר שמריהו,2007,47
,כרמי יוסף,2007,13
,להבות חביבה,2007,1
,לפיד,2007,19
,מ. א. עמק לוד,2007,2
,מאור,2007,16
,מגל,2007,57
,מגשימים,2007,9
,מזור,2007,11
,מזכרת בתיה,2007,218
,מישר,2007,5
,מכבים-רעות,2007,69
,מכמורת,2007,7
,מענית,2007,3
,מעש,2007,13
,מצליח,2007,48
,מרגה,2007,18
,משגב דב,2007,5
,משמר איילון,2007,2
,משמר השבעה,2007,1
,משמר השרון,2007,1
,משמרות,2007,5
,משמרת,2007,4
,מתן,2007,15
,נווה אפרים,2007,15
,נווה ימין,2007,6
,נווה ירק,2007,8
,נווה מבטח,2007,3
,נוף איילון,2007,1
,נורדיה,2007,15
,נחלים,2007,4
,נטעים,2007,22
,ניצני עוז,2007,7
,ניר צבי,2007,8
,נירית,2007,4
,נצר סרני,2007,94
,סביון*,2007,83
,סתריה,2007,4
,עדנים,2007,16
,עולש,2007,13
,עזריאל,2007,2
,עין החורש,2007,2
,עין ורד,2007,9
,עין שמר,2007,4
,עין שריד,2007,34
,עינת,2007,5
,עשרת,2007,13
,פדיה,2007,12
,פורת,2007,6
,פלמחים,2007,3
,פרדסיה,2007,46
,פתחיה,2007,1
,צופית,2007,5
,צור יגאל,2007,73
,צור משה,2007,13
,צור נתן,2007,22
,צורן,2007,88
,צלפון,2007,3
,צפריה,2007,38
,קדימה-צורן,2007,229
,קדרון,2007,16
,קלנסווה,2007,27
,קריית מלאכי,2007,180
,קריית עקרון,2007,114
,רינתיה,2007,1
,רמות השבים,2007,42
,רמות מאיר,2007,4
,רמת אפעל,2007,32
,רמת הכובש,2007,1
,רשפון,2007,34
,שדה ורבורג,2007,25
,שדה יצחק,2007,7
,שדי חמד,2007,8
,שדמה,2007,5
,שוהם,2007,312
,שילת,2007,9
,שעלבים,2007,8
,שער אפרים,2007,24
,שפיים,2007,7
,תל יצחק,2007,13
,תל מונד,2007,178
,תלמי אלעזר,2007,3
,תנובות,2007,6
,אביגדור,2007,4
,אביחיל,2007,6
,אבן שמואל,2007,25
,אורה,2007,3
,אורות,2007,31
,אחווה,2007,1
,אמונים,2007,7
,אריאל,2007,1
,באר גנים,2007,2
,באר טוביה,2007,17
,ביצרון,2007,15
,בית חנן,2007,15
,בית עזרא,2007,2
,בית שקמה,2007,10
,בני דרום,2007,3
,"בני עי""ש",2007,83
,ברור חיל,2007,9
,ברורים,2007,2
,ברקת,2007,1
,גאליה,2007,2
,גבעולים,2007,5
,גבעתי,2007,4
,גיאה,2007,5
,גן הדרום,2007,2
,גן שורק,2007,5
,גן שלמה,2007,11
,ורדון,2007,2
,זבדיאל,2007,1
,זיקים,2007,9
,זרחיה,2007,3
,חלץ,2007,5
,חצב,2007,6
,יבול,2007,2
,יד נתן,2007,8
,ינון,2007,4
,יסודות,2007,7
,כוכב מיכאל,2007,1
,כפר אהרון,2007,2
,כפר אחים,2007,10
,"כפר ביל""ו",2007,6
,כפר גבירול,2007,3
,כפר דניאל,2007,30
,כפר ורבורג,2007,1
,כפר מימון,2007,2
,כפר מנחם,2007,81
,כפר סירקין,2007,2
,לכיש,2007,3
,מ. א. באר טוביה,2007,6
,מ. א. ברנר,2007,2
,מ. א. גן רוה,2007,7
,מבקיעים,2007,167
,מלילות,2007,3
,מרכז שפירא,2007,10
,נגבה,2007,1
,נהורה,2007,18
,נוגה,2007,11
,נופך,2007,1
,נחל עוז,2007,1
,נחלת יהודה,2007,40
,ניצן,2007,25
,ניצנים,2007,3
,ניר בנים,2007,7
,ניר גלים,2007,13
,"ניר ח""ן",2007,1
,ניר ישראל,2007,2
,ניר עקיבא,2007,5
,נס הרים,2007,3
,נען,2007,2
,סעד,2007,8
,עזר,2007,7
,עזריה,2007,2
,עזריקם,2007,4
,עין צורים,2007,1
,ערוגות,2007,5
,קרית חיים,2007,419
,רבדים,2007,1
,שדה עוזיהו,2007,3
,שחר,2007,6
,שפיר,2007,8
,שקף,2007,9
,שתולים,2007,13
,תושיה,2007,2
,תימורים,2007,11
,תל יוסף,2007,4
,תלמי יחיאל,2007,17
,תלמי יפה,2007,2
,תלמי מנשה,2007,5
,תלמים,2007,2
,,2008,32
,*מגדל תפן*,2008,3
,*צוקים*,2008,1
,אבו ג'ווייעד )שבט(,2008,24
,אבו גוש,2008,14
,אבו סנאן,2008,91
,אבטליון,2008,10
,אביטל,2008,1
,אביעזר,2008,13
,אבן מנחם,2008,5
,אדורה,2008,2
,אדירים,2008,4
,אדמית,2008,3
,אדרת,2008,13
,אום אל-פחם,2008,220
,אומן,2008,12
,אורה,2008,8
,אחוזת ברק,2008,8
,אחיהוד,2008,1
,אילון,2008,2
,ארבל,2008,27
,אשבול,2008,7
,אשחר,2008,11
,אשלים,2008,3
,אשרת,2008,3
,אשתאול,2008,7
,באר אורה,2008,39
,בוסתן הגליל,2008,177
,בטחה,2008,4
,ביכורה,2008,1
,ביר הדאג',2008,1
,בית אלפא,2008,1
,בית ג'ן,2008,50
,בית השיטה,2008,12
,בית זית,2008,3
,בית יוסף,2008,5
,בית מאיר,2008,6
,בית ניר,2008,20
,בית נקופה,2008,3
,בית שאן,2008,169
,ביתר עילית,2008,15
,בן עמי,2008,3
,בני יהודה,2008,3
,"בסמ""ה",2008,2
,בענה,2008,38
,בר גיורא,2008,2
,ברוש,2008,20
,ברק,2008,4
,ג'דיידה-מכר,2008,43
,ג'ולס,2008,29
,גבעת אלה,2008,33
,גבעת יערים,2008,52
,גבעת ישעיהו,2008,6
,גדיידה,2008,8
,גדעונה,2008,14
,גורנות הגליל,2008,1
,גילון,2008,3
,גילת,2008,19
,גיתה,2008,6
,גן נר,2008,21
,גן שמואל,2008,1
,גפן,2008,3
,גשור,2008,2
,גשר הזיו,2008,2
,גת בגליל,2008,52
,דבורה,2008,3
,דברת,2008,3
,דייר אל-אסד,2008,27
,דייר חנא,2008,38
,הילה,2008,5
,הררית,2008,4
,זכריה,2008,4
,זלפה,2008,14
,זנוח,2008,38
,זרועה,2008,4
,חבר,2008,7
,חד-נס,2008,8
,חוסן,2008,25
,חופית,2008,4
,חורה,2008,2
,חורפיש,2008,21
,חלוץ,2008,10
,חניתה,2008,3
,חנתון,2008,24
,חספין,2008,7
,חצבה,2008,1
,חריש,2008,40
,חרשים,2008,2
,טל-אל,2008,6
,טמרה,2008,66
,יאנוח,2008,20
,יאנוח-ג'ת,2008,1
,יובלים,2008,27
,יונתן,2008,1
,יושיביה,2008,3
,יזרעאל,2008,5
,יסעור,2008,77
,יעד,2008,4
,יערה,2008,11
,ירדנה,2008,2
,ירוחם,2008,94
,ירכא,2008,59
,ישע,2008,1
,כאבול,2008,23
,כאוכב אבו אל-היג'א,2008,29
,כברי,2008,1
,כיסרא,2008,4
,כמון,2008,15
,כסרא-סמיע,2008,15
,כפר אוריה,2008,1
,כפר אל עוברה,2008,1
,כפר החורש,2008,28
,"כפר הרי""ף",2008,15
,כפר ורדים,2008,69
,כפר חנניה,2008,13
,כפר יאסיף,2008,58
,כפר יחזקאל,2008,9
,כפר מנדא,2008,94
,כפר מצר,2008,1
,כפר סמיע,2008,14
,כפר ראש הנקרה,2008,14
,כפר רופין,2008,5
,כרמל,2008,1
,לבון,2008,6
,להב,2008,2
,להבים,2008,102
,לוזית,2008,18
,לוטם,2008,7
,ליבנה,2008,3
,לפידות,2008,2
,מ. א. בקעת בית שאן,2008,3
,מ. א. הגליל העליון,2008,4
,מ. א. מטה יהודה,2008,57
,מ. א. משגב,2008,14
,מבוא ביתר,2008,60
,מבועים,2008,9
,מבשרת ציון,2008,223
,מג`ד אל-כרום,2008,72
,מגדל העמק,2008,322
,מגידו,2008,5
,מגן שאול,2008,2
,מדרשת בן גוריון,2008,1
,מולדת,2008,12
,מועאוויה,2008,12
,מוקייבלה,2008,48
,מורן,2008,24
,מושיירפה,2008,2
,מזרעה,2008,2
,מחנה גבעת חנניה,2008,4
,מחסיה,2008,2
,מטע,2008,3
,מי עמי,2008,20
,מיטב,2008,4
,מירב,2008,4
,מירון,2008,20
,מיתר,2008,39
,מכמנים,2008,10
,מכר,2008,24
,מלאה,2008,2
,מלילות,2008,2
,מנוחה,2008,22
,מנוף,2008,1
,מנות,2008,2
,מסילת ציון,2008,4
,מעגלים,2008,3
,מעונה,2008,8
,מעיליא,2008,97
,מעלה גלבוע,2008,2
,מעלה גמלא,2008,2
,מעלה עירון,2008,1
,מעלות-תרשיחא,2008,180
,מצובה,2008,206
,"מצפה אבי""ב",2008,5
,מצפה רמון,2008,98
,מרום גולן,2008,1
,משגב,2008,7
,משמר הנגב,2008,20
,משמר העמק,2008,30
,נאות גולן,2008,1
,נאות הכיכר,2008,1
,נגבה,2008,6
,נוב,2008,5
,נווה זוהר,2008,4
,נווה מיכאל,2008,8
,נחושה,2008,142
,נחלה,2008,7
,נחם,2008,5
,נחף,2008,64
,ניר דוד )תל עמל(,2008,11
,ניר יפה,2008,6
,ניר משה,2008,3
,נצרת,2008,269
,"נתיב הל""ה",2008,1
,נתיב השיירה,2008,3
,סאג'ור,2008,29
,סאלם,2008,1
,סגולה,2008,6
,סח'נין,2008,158
,סלמה,2008,16
,סמר,2008,1
,סער,2008,2
,ספיר,2008,14
,עבדון,2008,3
,עומר,2008,149
,עידן,2008,2
,עין איברהים,2008,19
,עין המפרץ,2008,10
,עין יהב,2008,5
,עין יעקב,2008,12
,"עין כרם-בי""ס חקלאי",2008,2
,עין נקובא,2008,5
,עמינדב,2008,2
,עצמון שגב,2008,34
,עראבה,2008,72
,עראמשה,2008,1
,ערערה-בנגב,2008,1
,פארן,2008,3
,פטיש,2008,23
,פסוטה,2008,74
,"פעמי תש""ז",2008,5
,פקיעין )בוקייעה(,2008,15
,פרזון,2008,2
,צביה,2008,4
,צהל,2008,6
,צובה,2008,1
,צוחר,2008,1
,צופר,2008,4
,צוקים,2008,2
,צור הדסה,2008,77
,צורית,2008,12
,צנדלה,2008,6
,קדמת צבי,2008,2
,קלחים,2008,25
,קציר,2008,16
,קצרין,2008,91
,קריית יערים,2008,64
,קריית ענבים,2008,2
,קרית יערים)מוסד(,2008,4
,ראמה,2008,41
,רגבה,2008,8
,רהט,2008,37
,רוויה,2008,3
,רם-און,2008,14
,רמת חובב,2008,2
,רמת רזיאל,2008,5
,רמת רחל,2008,3
,רנן,2008,3
,רקפת,2008,5
,שבי ציון,2008,14
,שגב-שלום,2008,15
,שדה אליהו,2008,1
,שדה בוקר,2008,21
,שדה דוד,2008,9
,שדה משה,2008,9
,שדה צבי,2008,6
,שדי תרומות,2008,1
,שואבה,2008,4
,שומרה,2008,8
,שורש,2008,16
,שורשים,2008,7
,שזור,2008,1
,שייח' דנון,2008,8
,שכניה,2008,5
,שלומי,2008,82
,שמרת,2008,1
,שמשית,2008,13
,שעב,2008,11
,שריגים )לי-און(,2008,6
,שרשרת,2008,6
,תאשור,2008,2
,תדהר,2008,5
,תובל,2008,3
,תל תאומים,2008,1
,"תלמי ביל""ו",2008,6
,תרום,2008,6
,אביאל,2008,7
,אום אל-גנם,2008,7
,אור עקיבא,2008,172
,אושה,2008,2
,איילת השחר,2008,11
,אילניה,2008,69
,אכסאל,2008,55
,אלומות,2008,2
,אלוני אבא,2008,11
,אליפלט,2008,1
,אליקים,2008,9
,אמירים,2008,1
,אעבלין,2008,165
,אפיקים,2008,1
,אפק,2008,2
,אשדות יעקב )איחוד(,2008,8
,בועיינה-נוג'ידאת,2008,3
,ביר אל-מכסור,2008,13
,ביריה,2008,13
,בית אורן,2008,1
,בית זרע,2008,1
,בית לחם הגלילית,2008,4
,בית קשת,2008,18
,בית רימון,2008,1
,בית שערים,2008,5
,בלפוריה,2008,9
,בנימינה-גבעת עדה,2008,172
,בסמת טבעון,2008,20
,ברקאי,2008,2
,בת שלמה,2008,6
,ג'ש )גוש חלב(,2008,36
,גבע כרמל,2008,9
,גבעת אבני,2008,18
,"גבעת ניל""י",2008,5
,גבעת עדה,2008,81
,גונן,2008,2
,גיניגר,2008,2
,דאלית אל-כרמל,2008,200
,דבוריה,2008,27
,דגניה ב',2008,19
,"דוב""ב",2008,1
,דור,2008,2
,דחי,2008,3
,דישון,2008,2
,דלתון,2008,2
,דפנה,2008,2
,הבונים,2008,8
,הזורעים,2008,2
,היוגב,2008,1
,הסוללים,2008,1
,הרדוף,2008,2
,זובידאת )שבט(,2008,11
,זכרון יעקב,2008,458
,זרזיר,2008,22
,חג'אג'רה*,2008,1
,חוקוק,2008,9
,חזון,2008,4
,חצור הגלילית,2008,79
,חרוצים,2008,23
,טובא-זנגריה,2008,11
,טורעאן,2008,85
,טירת כרמל,2008,234
,טפחות,2008,4
,יבנאל,2008,60
,יגור,2008,1
,יסוד המעלה,2008,29
,יפיע,2008,65
,יפתח,2008,2
,יקנעם )מושבה(,2008,12
,יקנעם עילית,2008,285
,כדורי,2008,1
,כורזים,2008,2
,כחל,2008,4
,כנרת )מושבה(,2008,27
,כפר ביאליק,2008,6
,כפר ברוך,2008,15
,כפר גליקסון,2008,3
,כפר הנשיא,2008,3
,כפר זיתים,2008,2
,כפר חיטים,2008,13
,כפר חסידים א',2008,2
,כפר יהושע,2008,9
,כפר כמא,2008,5
,כפר כנא,2008,95
,כפר פינס,2008,14
,כפר קיש,2008,8
,כפר קרע,2008,27
,כפר שמאי,2008,15
,כפר תבור,2008,82
,כרכום,2008,2
,כרם בן זמרה,2008,1
,"כרם מהר""ל",2008,4
,לביא,2008,8
,לבנים,2008,8
,להבות הבשן,2008,2
,מ. א. הגליל התחתון,2008,4
,מ. א. מרום הגליל,2008,4
,מגאר,2008,39
,מגדים,2008,8
,מגדל,2008,58
,מדרך עוז,2008,16
,מורשת,2008,3
,מחניים,2008,2
,מטולה,2008,28
,מכמורת,2008,2
,מלכיה,2008,1
,מנחמיה,2008,13
,מסד,2008,5
,מעין ברוך,2008,24
,מצפה,2008,3
,מצפה נטופה,2008,1
,מרגליות,2008,1
,מרחביה )מושב(,2008,32
,מרחביה )קיבוץ(,2008,30
,משהד,2008,33
,משמר הירדן,2008,2
,נאעורה,2008,13
,נהלל,2008,4
,נופית,2008,20
,ניין,2008,14
,סולם,2008,19
,עארה,2008,2
,עדי,2008,17
,עוזייר,2008,1
,עופר,2008,1
,עיילבון,2008,38
,עילוט,2008,53
,עין איילה,2008,4
,עין דור,2008,17
,עין הוד,2008,4
,עין העמק,2008,1
,עין זיתים,2008,2
,עין חוד,2008,1
,עין כרמל,2008,1
,עין מאהל,2008,45
,עין עירון,2008,4
,עלמה,2008,2
,עמיקם,2008,5
,עספיא,2008,133
,ערערה,2008,48
,עתלית,2008,181
,פוריה - כפר עבודה,2008,3
,פוריה - נווה עובד,2008,15
,פוריה עילית,2008,15
,פוריידיס,2008,15
,ציפורי,2008,4
,צמח,2008,1
,צפת,2008,483
,צרופה,2008,8
,קדרים,2008,5
,קורנית,2008,3
,קיסריה,2008,86
,קריית טבעון,2008,284
,קריית שמונה,2008,266
,קרית חיים,2008,516
,ראש פינה,2008,53
,רגבים,2008,7
,רומאנה,2008,1
,ריחאניה,2008,1
,ריינה,2008,98
,רכסים,2008,78
,רמות מנשה,2008,11
,רמות נפתלי,2008,2
,רמת דוד,2008,3
,רמת ישי,2008,253
,רמת צבי,2008,13
,שאר ישוב,2008,6
,שבלי - אום אל-גנם,2008,4
,שדה אילן,2008,2
,שדה אליעזר,2008,9
,שדה יעקב,2008,15
,שדה נחמיה,2008,2
,שדות ים,2008,70
,שדמות דבורה,2008,2
,שמיר,2008,3
,שניר,2008,8
,שער הגולן,2008,1
,שער העמקים,2008,3
,שפר,2008,19
,שפרעם,2008,151
,שרונה,2008,4
,שריד,2008,46
,תל עדשים,2008,34
,תל קציר,2008,6
,תמרת,2008,3
,אביחיל,2008,6
,אבן יהודה,2008,226
,אודים,2008,2
,אומץ,2008,1
,אזור,2008,300
,אחיטוב,2008,7
,אחיסמך,2008,3
,אחיעזר,2008,2
,איבתאן,2008,1
,אייל,2008,2
,אליכין,2008,25
,אלישיב,2008,1
,אלישמע,2008,5
,אלעד,2008,406
,באקה אל-גרביה,2008,59
,בארות יצחק,2008,1
,בארותיים,2008,3
,בורגתה,2008,4
,בחן,2008,35
,ביר א סכה,2008,3
,בית אלעזרי,2008,7
,בית גמליאל,2008,9
,בית דגן,2008,56
,בית חירות,2008,4
,בית חלקיה,2008,24
,בית חנניה,2008,16
,בית חשמונאי,2008,69
,בית יהושע,2008,2
,בית ינאי,2008,3
,בית יצחק-שער חפר,2008,17
,בית נחמיה,2008,5
,בית עוזיאל,2008,4
,בית עמרא,2008,19
,בית עריף,2008,13
,ביתן אהרן,2008,3
,בן זכאי,2008,5
,בן שמן )מושב(,2008,7
,בני דרור,2008,4
,בני עטרות,2008,3
,בני ציון,2008,2
,בני ראם,2008,10
,בניה,2008,10
,בצרה,2008,12
,ברקת,2008,5
,בת חפר,2008,44
,ג'לג'וליה,2008,13
,ג'סר א-זרקא,2008,14
,ג'ת,2008,29
,גבעת ברנר,2008,75
,גבעת חיים )איחוד(,2008,3
,גבעת חיים )מאוחד(,2008,2
,"גבעת כ""ח",2008,7
,גבעת שמואל,2008,336
,גבעת שפירא,2008,4
,גדרה,2008,637
,גזר,2008,6
,גינתון,2008,4
,גליל ים,2008,6
,גמזו,2008,4
,גן השומרון,2008,8
,גן חיים,2008,10
,גן יאשיה,2008,3
,גנות,2008,1
,גנות הדר,2008,2
,גני הדר,2008,15
,גני יהודה,2008,3
,גני יוחנן,2008,8
,גני עם,2008,6
,גני תקווה,2008,142
,געש,2008,3
,הדר עם,2008,5
,זיתן,2008,10
,זמר,2008,2
,ח'ואלד )שבט(,2008,5
,חבצלת השרון,2008,10
,חגור,2008,2
,חגלה,2008,3
,חדיד,2008,11
,חיבת ציון,2008,3
,חירות,2008,1
,חמד,2008,54
,חניאל,2008,2
,חפץ חיים,2008,5
,חרב לאת,2008,13
,טייבה,2008,103
,טירה,2008,31
,טירת יהודה,2008,15
,טל שחר,2008,2
,יגל,2008,3
,יד בנימין,2008,35
,יד חנה,2008,60
,"יד רמב""ם",2008,2
,יהוד,2008,702
,ימא,2008,10
,ינוב,2008,1
,יציץ,2008,5
,יקום,2008,1
,ירחיב,2008,27
,ירקונה,2008,1
,ישרש,2008,8
,כוכב יאיר,2008,102
,כעביה-טבאש-חג'אג'רה,2008,1
,"כפר אז""ר",2008,26
,"כפר ביל""ו",2008,4
,כפר בן נון,2008,8
,כפר ברא,2008,4
,כפר המכבי,2008,4
,כפר הס,2008,4
,"כפר הרא""ה",2008,6
,כפר ויתקין,2008,7
,"כפר חב""ד",2008,7
,כפר חיים,2008,3
,כפר טרומן,2008,7
,כפר ידידיה,2008,5
,כפר יונה,2008,475
,כפר יעבץ,2008,14
,"כפר מל""ל",2008,8
,כפר מרדכי,2008,3
,כפר נטר,2008,7
,כפר קאסם,2008,55
,כפר שמואל,2008,4
,כפר שמריהו,2008,33
,כרמי יוסף,2008,11
,להבות חביבה,2008,3
,לפיד,2008,20
,מ. א. עמק לוד,2008,3
,מאור,2008,11
,מגל,2008,2
,מגשימים,2008,4
,מזור,2008,7
,מזכרת בתיה,2008,179
,מייסר,2008,8
,מישר,2008,11
,מכבים-רעות,2008,43
,מעין צבי,2008,1
,מענית,2008,5
,מעש,2008,6
,מצליח,2008,44
,מרגה,2008,9
,משגב דב,2008,9
,משמר דוד,2008,58
,משמר השבעה,2008,13
,משמרות,2008,6
,משמרת,2008,3
,מתן,2008,11
,נווה אפרים,2008,25
,נווה ימין,2008,5
,נווה ירק,2008,7
,נווה מבטח,2008,7
,נורדיה,2008,14
,נחלים,2008,11
,ניצני עוז,2008,3
,ניר אליהו,2008,1
,נירית,2008,1
,נצר סרני,2008,57
,סביון*,2008,51
,סתריה,2008,3
,עדנים,2008,11
,עולש,2008,5
,עזריאל,2008,3
,עין החורש,2008,1
,עין ורד,2008,4
,עין שריד,2008,15
,עשרת,2008,18
,פדיה,2008,7
,פלמחים,2008,1
,פרדסיה,2008,33
,פתחיה,2008,2
,צופית,2008,8
,צור יגאל,2008,51
,צור יצחק,2008,33
,צור משה,2008,25
,צור נתן,2008,36
,צורן,2008,97
,צפריה,2008,4
,קדימה-צורן,2008,390
,קדרון,2008,10
,קלנסווה,2008,47
,קריית עקרון,2008,144
,רמות השבים,2008,30
,רמת אפעל,2008,31
,רשפון,2008,20
,שדה ורבורג,2008,6
,שדה יצחק,2008,5
,שדי חמד,2008,9
,שדמה,2008,1
,שוהם,2008,285
,שילת,2008,11
,שעלבים,2008,5
,שער אפרים,2008,25
,תל יצחק,2008,6
,תל מונד,2008,130
,תלמי אלעזר,2008,7
,תנובות,2008,1
,אביגדור,2008,2
,אבן שמואל,2008,20
,אורות,2008,9
,אחווה,2008,2
,אחוזם,2008,4
,אמונים,2008,16
,ארז,2008,1
,באר טוביה,2008,15
,ביצרון,2008,4
,בית הגדי,2008,2
,בית חנן,2008,41
,בית עובד,2008,2
,בית עזרא,2008,7
,בית שקמה,2008,6
,בני דרום,2008,8
,בני נצרים,2008,1
,"בני עי""ש",2008,71
,ברור חיל,2008,11
,ברכיה,2008,10
,גאליה,2008,5
,גבעולים,2008,1
,גבעתי,2008,3
,גיאה,2008,3
,גן הדרום,2008,28
,גן יבנה,2008,463
,גן שורק,2008,3
,גן שלמה,2008,17
,דורות,2008,2
,דקל,2008,2
,הודיה,2008,9
,ורדון,2008,3
,זבדיאל,2008,4
,זוהר,2008,8
,זיקים,2008,15
,זרחיה,2008,4
,חלץ,2008,42
,חצב,2008,6
,יד נתן,2008,8
,ינון,2008,15
,יסודות,2008,15
,כוכב מיכאל,2008,4
,כפר אחים,2008,8
,כפר גבירול,2008,5
,כפר דניאל,2008,29
,כפר הנגיד,2008,1
,כפר ורבורג,2008,5
,כפר מימון,2008,7
,כפר מנחם,2008,10
,כפר סירקין,2008,5
,לכיש,2008,4
,מ. א. באר טוביה,2008,3
,מ. א. גזר,2008,1
,מ. א. גן רוה,2008,7
,מ. א. חבל יבנה,2008,1
,מבקיעים,2008,7
,מוצא עילית,2008,1
,מוצא תחתית,2008,1
,מסלול,2008,4
,מרכז שפירא,2008,12
,משען,2008,4
,נהורה,2008,15
,נוגה,2008,12
,נחל עוז,2008,1
,נחלת יהודה,2008,105
,נטעים,2008,8
,ניצן,2008,42
,ניצנים,2008,1
,ניר בנים,2008,4
,ניר גלים,2008,28
,"ניר ח""ן",2008,1
,ניר ישראל,2008,7
,ניר עקיבא,2008,2
,ניר צבי,2008,1
,נס הרים,2008,3
,נען,2008,2
,סעד,2008,1
,עוזה,2008,1
,עזר,2008,9
,עזריה,2008,5
,עזריקם,2008,5
,עטרת,2008,1
,עיינות,2008,4
,ערוגות,2008,15
,פדויים,2008,1
,פרי גן,2008,3
,קוממיות,2008,1
,קריית מלאכי,2008,295
,רבדים,2008,8
,רמות מאיר,2008,7
,שדה עוזיהו,2008,5
,שחר,2008,9
,שיבולים,2008,4
,שפיר,2008,3
,שקף,2008,6
,שתולים,2008,11
,תושיה,2008,2
,תימורים,2008,6
,תל יוסף,2008,1
,תלמי יחיאל,2008,8
,תלמי יפה,2008,19
,תלמי מנשה,2008,6
,*קלע*,2009,1
,אבו ג'ווייעד )שבט(,2009,11
,אבו גוש,2009,11
,אבו סנאן,2009,63
,אבו קורינאת )שבט(,2009,1
,אבטליון,2009,6
,אביעזר,2009,18
,אבני איתן,2009,1
,אדירים,2009,1
,אדמית,2009,1
,אדרת,2009,5
,אום אל-פחם,2009,229
,אומן,2009,3
,אחוזת ברק,2009,6
,אחיהוד,2009,1
,אילון,2009,2
,אילות,2009,1
,אלוני הבשן,2009,4
,אניעם,2009,3
,אפיק,2009,1
,ארבל,2009,14
,אשבול,2009,9
,אשחר,2009,13
,אשלים,2009,17
,אשרת,2009,2
,אשתאול,2009,9
,באר אורה,2009,58
,בוסתן הגליל,2009,86
,בטחה,2009,7
,ביאדה,2009,2
,ביר הדאג',2009,1
,בית ג'ן,2009,63
,בית הגדי,2009,4
,בית השיטה,2009,17
,בית זית,2009,5
,בית חנניה,2009,8
,בית ניר,2009,18
,בית נקופה,2009,2
,בית קמה,2009,2
,בית שאן,2009,153
,ביתר עילית,2009,1
,בן עמי,2009,1
,בני יהודה,2009,14
,"בסמ""ה",2009,1
,בענה,2009,40
,בר גיורא,2009,2
,ברוש,2009,12
,ג'דיידה-מכר,2009,50
,ג'ולס,2009,52
,גבעת אלה,2009,20
,גבעת יערים,2009,38
,גבעת ישעיהו,2009,2
,גדיידה,2009,15
,גדעונה,2009,8
,גדרה,2009,596
,גורן,2009,2
,גורנות הגליל,2009,1
,גילון,2009,26
,גילת,2009,17
,גיתה,2009,14
,גן נר,2009,22
,גשור,2009,1
,גשר הזיו,2009,2
,גת )קיבוץ(,2009,1
,גת בגליל,2009,34
,דבורה,2009,4
,דבירה,2009,6
,דייר אל-אסד,2009,17
,דייר חנא,2009,37
,דקל,2009,17
,הושעיה,2009,24
,הילה,2009,4
,הררית,2009,5
,זכריה,2009,3
,זלפה,2009,19
,זנוח,2009,25
,זרועה,2009,5
,חבר,2009,2
,חד-נס,2009,12
,חוסן,2009,10
,חורה,2009,1
,חורפיש,2009,31
,חלוץ,2009,4
,חמדיה,2009,1
,חניתה,2009,3
,חנתון,2009,7
,חספין,2009,13
,חצבה,2009,5
,חריש,2009,40
,חרשים,2009,2
,טייבה )בעמק(,2009,2
,טירת צבי,2009,8
,טל-אל,2009,4
,טמרה,2009,107
,יאנוח,2009,24
,יאנוח-ג'ת,2009,1
,יובלים,2009,18
,יודפת,2009,1
,יזרעאל,2009,1
,יחיעם,2009,1
,יסעור,2009,8
,יערה,2009,2
,יקנעם עילית,2009,438
,ירדנה,2009,4
,ירוחם,2009,168
,ירכא,2009,52
,ישע,2009,1
,כאבול,2009,26
,כאוכב אבו אל-היג'א,2009,12
,כברי,2009,13
,כיסרא,2009,17
,כמון,2009,4
,כסלון,2009,3
,כסרא-סמיע,2009,8
,כפר החורש,2009,69
,כפר המכבי,2009,16
,"כפר הרי""ף",2009,5
,כפר ורדים,2009,78
,כפר חנניה,2009,9
,כפר חרוב,2009,1
,כפר יאסיף,2009,50
,כפר יחזקאל,2009,12
,כפר מנדא,2009,85
,כפר סמיע,2009,9
,כפר ראש הנקרה,2009,10
,כפר רוזנואלד )זרעית(,2009,2
,כפר רופין,2009,4
,כרמים,2009,5
,לבון,2009,28
,להב,2009,2
,להבים,2009,65
,לוזית,2009,16
,לוטם,2009,2
,ליבנה,2009,1
,לימן,2009,1
,לפידות,2009,2
,מ. א. אשכול,2009,1
,מ. א. בקעת בית שאן,2009,1
,מ. א. הגליל העליון,2009,16
,מ. א. מטה יהודה,2009,35
,מ. א. מרום הגליל,2009,2
,מ. א. משגב,2009,22
,מבוא ביתר,2009,29
,מבועים,2009,5
,מבשרת ציון,2009,245
,מג`ד אל-כרום,2009,94
,מגדל העמק,2009,302
,מגידו,2009,5
,מגן שאול,2009,5
,מולדת,2009,29
,מועאוויה,2009,19
,מוצא תחתית,2009,1
,מוצמוץ,2009,2
,מוקייבלה,2009,13
,מורשת,2009,16
,מושיירפה,2009,6
,מזרעה,2009,16
,מחנה גבעת חנניה,2009,8
,מטע,2009,2
,מי עמי,2009,62
,מיטב,2009,1
,מירב,2009,3
,מירון,2009,11
,מיתר,2009,27
,מכר,2009,23
,מלאה,2009,2
,מנוחה,2009,2
,מנוף,2009,2
,מנות,2009,6
,מסילת ציון,2009,1
,מעגלים,2009,1
,מעונה,2009,5
,מעיליא,2009,101
,מעלה גלבוע,2009,1
,מעלה עירון,2009,6
,מעלות-תרשיחא,2009,257
,מצובה,2009,5
,"מצפה אבי""ב",2009,4
,מצפה רמון,2009,75
,מרום גולן,2009,2
,מרחב עם,2009,1
,משגב,2009,9
,משמר הנגב,2009,4
,משמר העמק,2009,19
,נאות גולן,2009,2
,נבטים,2009,1
,נוב,2009,1
,נוה,2009,46
,נווה אילן,2009,37
,נווה זוהר,2009,5
,נווה זיו,2009,2
,נווה מיכאל,2009,3
,נחושה,2009,4
,נחל עוז,2009,1
,נחלה,2009,7
,נחם,2009,4
,נחף,2009,58
,נטועה,2009,6
,ניצנה )קהילת חינוך(,2009,1
,ניצני סיני,2009,3
,ניר דוד )תל עמל(,2009,3
,ניר יפה,2009,4
,ניר משה,2009,3
,נס הרים,2009,9
,נס עמים,2009,5
,נצרת,2009,252
,נתיב השיירה,2009,2
,סאג'ור,2009,38
,סאלם,2009,3
,סגולה,2009,3
,סח'נין,2009,203
,סלמה,2009,5
,סמר,2009,1
,סעד,2009,2
,סער,2009,1
,ספיר,2009,11
,עבדון,2009,1
,עברון,2009,2
,עומר,2009,96
,עילוט,2009,23
,עין איברהים,2009,16
,עין אל-אסד,2009,1
,עין הבשור,2009,2
,עין המפרץ,2009,9
,עין זיוון,2009,1
,עין יעקב,2009,8
,עין נקובא,2009,3
,עין תמר,2009,1
,עצמון שגב,2009,9
,עראבה,2009,103
,עראמשה,2009,1
,פטיש,2009,15
,פסוטה,2009,46
,"פעמי תש""ז",2009,5
,פקיעין )בוקייעה(,2009,16
,פקיעין חדשה,2009,1
,פרזון,2009,1
,פרי גן,2009,5
,צאלים,2009,1
,צהל,2009,14
,צוחר,2009,3
,צור הדסה,2009,54
,צורית,2009,3
,צפרירים,2009,2
,קלחים,2009,11
,קלע,2009,1
,קציר,2009,31
,קצרין,2009,131
,קריית יערים,2009,47
,קרית יערים)מוסד(,2009,3
,קשת,2009,3
,ראמה,2009,57
,רביבים,2009,2
,רגבה,2009,6
,רהט,2009,9
,רוויה,2009,2
,רוחמה,2009,20
,רחוב,2009,4
,רם-און,2009,11
,רמות,2009,2
,רמת חובב,2009,6
,רמת מגשימים,2009,2
,רמת רזיאל,2009,5
,רמת רחל,2009,2
,רנן,2009,5
,רקפת,2009,4
,רשפים,2009,1
,שבי ציון,2009,10
,שגב-שלום,2009,20
,שדה בוקר,2009,7
,שדה משה,2009,8
,שדה צבי,2009,13
,שואבה,2009,1
,שומרה,2009,3
,שורש,2009,49
,שורשים,2009,4
,שזור,2009,2
,שיבולים,2009,10
,שייח' דנון,2009,5
,שכניה,2009,9
,שלומי,2009,66
,שמשית,2009,12
,שני,2009,2
,שעב,2009,15
,שריגים )לי-און(,2009,8
,שרשרת,2009,7
,שתולה,2009,1
,תדהר,2009,2
,תירוש,2009,2
,תל עדשים,2009,26
,תל תאומים,2009,2
,תלמי אליהו,2009,5
,"תלמי ביל""ו",2009,5
,תמרת,2009,3
,תפרח,2009,1
,,2009,34
,אביאל,2009,5
,אור עקיבא,2009,262
,אושה,2009,4
,אילניה,2009,17
,אכסאל,2009,59
,אלומות,2009,90
,אלון הגליל,2009,4
,אלוני אבא,2009,6
,אמנון,2009,2
,אעבלין,2009,169
,אפק,2009,3
,אשדות יעקב )איחוד(,2009,12
,בועיינה-נוג'ידאת,2009,6
,ביר אל-מכסור,2009,4
,ביריה,2009,8
,בית הלל,2009,1
,בית לחם הגלילית,2009,2
,בית קשת,2009,23
,בית שערים,2009,3
,בלפוריה,2009,39
,בנימינה-גבעת עדה,2009,180
,בסמת טבעון,2009,13
,בר יוחאי,2009,3
,ברעם,2009,1
,בת שלמה,2009,11
,ג'ש )גוש חלב(,2009,33
,גבע כרמל,2009,9
,גבעת אבני,2009,19
,"גבעת ניל""י",2009,1
,גבעת עדה,2009,48
,גבת,2009,26
,גונן,2009,1
,גינוסר,2009,1
,דאלית אל-כרמל,2009,186
,דבוריה,2009,43
,דברת,2009,2
,דגניה ב',2009,4
,"דוב""ב",2009,1
,דור,2009,3
,דחי,2009,6
,דישון,2009,1
,דליה,2009,1
,דלתון,2009,1
,דן,2009,1
,דפנה,2009,1
,הבונים,2009,10
,הזורעים,2009,3
,היוגב,2009,3
,הסוללים,2009,2
,זובידאת )שבט(,2009,1
,זכרון יעקב,2009,537
,זרזיר,2009,21
,חולתה,2009,3
,חוקוק,2009,23
,חזון,2009,8
,חלף,2009,4
,חצור הגלילית,2009,95
,חרוצים,2009,13
,טובא-זנגריה,2009,10
,טורעאן,2009,81
,טירת כרמל,2009,245
,טפחות,2009,1
,יבנאל,2009,53
,יובל,2009,1
,יסוד המעלה,2009,21
,יפיע,2009,51
,יפעת,2009,3
,יפתח,2009,1
,יקנעם )מושבה(,2009,19
,כדורי,2009,1
,כורזים,2009,3
,כלנית,2009,4
,כנרת )מושבה(,2009,41
,כפר ביאליק,2009,6
,כפר בלום,2009,1
,כפר ברוך,2009,13
,כפר גדעון,2009,15
,כפר גליקסון,2009,1
,כפר הנשיא,2009,7
,כפר חושן,2009,2
,כפר חיטים,2009,6
,כפר חסידים א',2009,2
,כפר חסידים ב',2009,2
,כפר יהושע,2009,4
,כפר כמא,2009,7
,כפר כנא,2009,92
,כפר פינס,2009,16
,כפר קיש,2009,9
,כפר קרע,2009,37
,כפר שמאי,2009,10
,כפר תבור,2009,100
,כרכום,2009,3
,כרם בן זמרה,2009,5
,"כרם מהר""ל",2009,5
,לביא,2009,7
,להבות הבשן,2009,3
,מ. א. הגליל התחתון,2009,1
,מגאר,2009,85
,מגדים,2009,10
,מגדל,2009,38
,מדרך עוז,2009,5
,מזרע,2009,2
,מחניים,2009,5
,מטולה,2009,20
,מנחמיה,2009,23
,מנשית זבדה,2009,1
,מסד,2009,16
,מעין ברוך,2009,1
,מצפה,2009,2
,מרחביה )מושב(,2009,47
,מרחביה )קיבוץ(,2009,3
,משהד,2009,25
,משמר הירדן,2009,6
,נאעורה,2009,11
,נהלל,2009,1
,נופית,2009,27
,ניין,2009,11
,סולם,2009,8
,עארה,2009,3
,עדי,2009,23
,עוזייר,2009,3
,עופר,2009,4
,עיילבון,2009,41
,עין איילה,2009,9
,עין דור,2009,10
,עין הוד,2009,20
,עין העמק,2009,7
,עין כרמל,2009,4
,עין מאהל,2009,70
,עין עירון,2009,2
,עמיעד,2009,1
,עספיא,2009,126
,ערב אל היב,2009,1
,ערערה,2009,59
,עתלית,2009,174
,פארק תעשיות רמת דלתון,2009,1
,פוריה - כפר עבודה,2009,3
,פוריה - נווה עובד,2009,9
,פוריה עילית,2009,32
,פוריידיס,2009,18
,ציפורי,2009,8
,צמח,2009,1
,צפת,2009,616
,צרופה,2009,4
,קדרים,2009,2
,קיסריה,2009,58
,קריית טבעון,2009,333
,קריית שמונה,2009,269
,קרית חיים,2009,603
,ראש פינה,2009,68
,רגבים,2009,6
,רומאנה,2009,3
,רומת הייב,2009,1
,ריחאניה,2009,4
,ריינה,2009,98
,רכסים,2009,106
,רמות מנשה,2009,2
,רמת ישי,2009,132
,רמת צבי,2009,1
,שאר ישוב,2009,1
,שבלי - אום אל-גנם,2009,5
,שדה אילן,2009,3
,שדה אליעזר,2009,34
,שדה יעקב,2009,2
,שדה נחמיה,2009,2
,שדות ים,2009,72
,שמיר,2009,6
,שניר,2009,3
,שער העמקים,2009,1
,שפר,2009,5
,שפרעם,2009,209
,שרונה,2009,5
,שריד,2009,12
,תל יצחק,2009,19
,תל קציר,2009,3
,אבטין,2009,1
,אביחיל,2009,6
,אבן יהודה,2009,237
,אודים,2009,1
,אום אל-קוטוף,2009,1
,אומץ,2009,4
,אזור,2009,167
,אחיטוב,2009,13
,אחיסמך,2009,5
,אחיעזר,2009,2
,איבתאן,2009,22
,אליכין,2009,26
,אלישיב,2009,7
,אלעד,2009,532
,באקה אל-גרביה,2009,109
,בורגתה,2009,2
,בחן,2009,207
,ביר א סכה,2009,9
,בית אלעזרי,2009,12
,בית ברל,2009,1
,בית גמליאל,2009,4
,בית דגן,2009,49
,בית חירות,2009,1
,בית חלקיה,2009,40
,בית חשמונאי,2009,20
,בית יהושע,2009,1
,בית יצחק-שער חפר,2009,11
,בית נחמיה,2009,4
,בית עוזיאל,2009,5
,בית עזרא,2009,10
,בית עמרא,2009,21
,בית עריף,2009,2
,ביתן אהרן,2009,7
,בן שמן )מושב(,2009,6
,בני דרור,2009,5
,בני עטרות,2009,3
,בני ציון,2009,7
,בניה,2009,3
,בצרה,2009,16
,בת חפר,2009,40
,ג'לג'וליה,2009,13
,ג'סר א-זרקא,2009,13
,ג'ת,2009,53
,גבעת ברנר,2009,13
,"גבעת ח""ן",2009,4
,גבעת חיים )איחוד(,2009,2
,גבעת חיים )מאוחד(,2009,6
,"גבעת כ""ח",2009,6
,גבעת שמואל,2009,286
,גבעת שפירא,2009,1
,גינתון,2009,5
,גליל ים,2009,7
,גמזו,2009,6
,גן השומרון,2009,15
,גן חיים,2009,7
,גן יאשיה,2009,3
,גנות,2009,4
,גנות הדר,2009,1
,גני הדר,2009,9
,גני יהודה,2009,2
,גני עם,2009,15
,גני תקווה,2009,158
,געש,2009,3
,הדר עם,2009,8
,המעפיל,2009,1
,הרדוף,2009,1
,זיתן,2009,8
,זמר,2009,4
,ח'ואלד )שבט(,2009,1
,חג'אג'רה*,2009,1
,חגור,2009,4
,חגלה,2009,3
,חדיד,2009,7
,חופית,2009,5
,חיבת ציון,2009,4
,חירות,2009,4
,חמד,2009,34
,חניאל,2009,2
,חפץ חיים,2009,98
,חרב לאת,2009,28
,טייבה,2009,94
,טירה,2009,47
,טירת יהודה,2009,4
,טל שחר,2009,3
,יד בנימין,2009,33
,יד חנה,2009,22
,"יד רמב""ם",2009,8
,יהוד,2009,639
,ימא,2009,4
,ינוב,2009,2
,יסודות,2009,154
,יציץ,2009,10
,ירחיב,2009,22
,כוכב יאיר,2009,106
,כעביה-טבאש-חג'אג'רה,2009,2
,כפר אביב,2009,4
,כפר אוריה,2009,3
,"כפר אז""ר",2009,18
,כפר בן נון,2009,4
,כפר ברא,2009,20
,כפר הנגיד,2009,2
,כפר הס,2009,9
,"כפר הרא""ה",2009,6
,כפר ויתקין,2009,2
,"כפר חב""ד",2009,7
,כפר טרומן,2009,13
,כפר ידידיה,2009,7
,כפר יונה,2009,422
,כפר יעבץ,2009,9
,כפר מונש,2009,4
,"כפר מל""ל",2009,6
,כפר מרדכי,2009,1
,כפר נטר,2009,5
,כפר קאסם,2009,61
,כפר רות,2009,1
,כפר שמואל,2009,6
,כפר שמריהו,2009,29
,כרמי יוסף,2009,16
,לפיד,2009,20
,מ. א. עמק לוד,2009,2
,מאור,2009,12
,מגל,2009,2
,מגשימים,2009,8
,מזור,2009,4
,מזכרת בתיה,2009,222
,מייסר,2009,6
,מישר,2009,4
,מכבים-רעות,2009,50
,מכמורת,2009,7
,מענית,2009,2
,מעש,2009,5
,מצליח,2009,109
,מצר,2009,3
,מרגה,2009,19
,משגב דב,2009,3
,משמר איילון,2009,1
,משמר דוד,2009,74
,משמר השבעה,2009,22
,משמרות,2009,31
,משמרת,2009,11
,מתן,2009,22
,נווה אפרים,2009,27
,נווה ימין,2009,5
,נווה ירק,2009,7
,נווה מבטח,2009,2
,נווה שלום,2009,1
,נוף איילון,2009,2
,נורדיה,2009,8
,נחלים,2009,12
,ניצני עוז,2009,5
,ניר גלים,2009,6
,ניר צבי,2009,4
,נירית,2009,2
,נצר סרני,2009,81
,סביון*,2009,151
,עדנים,2009,15
,עולש,2009,7
,עין החורש,2009,1
,עין ורד,2009,51
,עין שריד,2009,27
,עינת,2009,17
,עשרת,2009,5
,פדיה,2009,7
,פורת,2009,1
,פרדסיה,2009,32
,צופיה,2009,1
,צופית,2009,15
,צור יגאל,2009,51
,צור יצחק,2009,112
,צור משה,2009,29
,צור נתן,2009,117
,צורן,2009,104
,צפריה,2009,1
,קדימה-צורן,2009,199
,קדרון,2009,9
,קלנסווה,2009,49
,קריית עקרון,2009,108
,רינתיה,2009,2
,רמות השבים,2009,25
,רמות מאיר,2009,16
,רמת אפעל,2009,62
,רשפון,2009,13
,שדה ורבורג,2009,17
,שדה יצחק,2009,5
,שדי חמד,2009,1
,שדמה,2009,1
,שוהם,2009,341
,שילת,2009,6
,שעלבים,2009,29
,שער אפרים,2009,24
,שפיים,2009,1
,תל מונד,2009,147
,תלמי אלעזר,2009,5
,תנובות,2009,4
,תעוז,2009,2
,אביגדור,2009,11
,אבן ספיר,2009,18
,אבן שמואל,2009,41
,אור הנר,2009,7
,אורה,2009,4
,אורות,2009,1
,אוריאל,2009,1
,אחווה,2009,1
,אחוזם,2009,1
,איתן,2009,1
,אמונים,2009,6
,באר טוביה,2009,12
,ביצרון,2009,8
,בית גוברין,2009,4
,בית חנן,2009,20
,בית עובד,2009,8
,בית שקמה,2009,2
,בני דרום,2009,23
,בני נצרים,2009,2
,"בני עי""ש",2009,56
,ברור חיל,2009,35
,ברכיה,2009,2
,ברקת,2009,4
,גאליה,2009,2
,גבעולים,2009,4
,גבעת השלושה,2009,1
,גבעתי,2009,12
,גברעם,2009,1
,גזר,2009,9
,גיבתון,2009,4
,גן הדרום,2009,4
,גן יבנה,2009,398
,גן שורק,2009,1
,גן שלמה,2009,11
,גני יוחנן,2009,3
,גפן,2009,6
,הודיה,2009,7
,ורדון,2009,1
,זבדיאל,2009,3
,זיקים,2009,9
,זרחיה,2009,3
,חלץ,2009,51
,חצב,2009,9
,יבול,2009,3
,יד נתן,2009,9
,ינון,2009,12
,כוכב מיכאל,2009,4
,כסיפה,2009,1
,כפר אחים,2009,15
,"כפר ביל""ו",2009,6
,כפר גבירול,2009,4
,כפר דניאל,2009,10
,כפר ורבורג,2009,15
,כפר מימון,2009,2
,כפר מנחם,2009,6
,כפר סירקין,2009,11
,לכיש,2009,7
,מ. א. באר טוביה,2009,7
,מ. א. גן רוה,2009,7
,מ. א. חבל יבנה,2009,2
,מ. א. נחל שורק,2009,1
,מבקיעים,2009,1
,מוצא עילית,2009,5
,מסלול,2009,3
,מרכז שפירא,2009,4
,משען,2009,4
,נגבה,2009,16
,נהורה,2009,12
,נוגה,2009,6
,נחלת יהודה,2009,35
,נטעים,2009,13
,ניצן,2009,37
,ניצנים,2009,129
,ניר בנים,2009,4
,"ניר ח""ן",2009,1
,ניר ישראל,2009,4
,ניר עקיבא,2009,7
,נען,2009,3
,עוזה,2009,1
,עזר,2009,4
,עזריה,2009,4
,עזריקם,2009,11
,עין צורים,2009,6
,עמינדב,2009,2
,ערוגות,2009,6
,פדויים,2009,3
,קוממיות,2009,2
,קריית מלאכי,2009,396
,רבדים,2009,7
,שדה ניצן,2009,2
,שדה עוזיהו,2009,6
,שחר,2009,5
,שלווה,2009,1
,שפיר,2009,3
,שקף,2009,4
,שתולים,2009,12
,תושיה,2009,6
,תימורים,2009,4
,תל יוסף,2009,2
,תלמי יחיאל,2009,13
,תלמי יפה,2009,79
,תלמי מנשה,2009,1
,תלמים,2009,4
,,2010,21
,*מגדל תפן*,2010,1
,*צוקים*,2010,2
,אבו ג'ווייעד )שבט(,2010,7
,אבו גוש,2010,23
,אבו סנאן,2010,62
,אבו קורינאת )שבט(,2010,4
,אבטליון,2010,13
,אביטל,2010,2
,אביעזר,2010,6
,אבירים,2010,2
,אדורה,2010,1
,אדירים,2010,7
,אדמית,2010,3
,אדרת,2010,10
,אום אל-פחם,2010,294
,אומן,2010,11
,אחוזת ברק,2010,6
,אחיהוד,2010,8
,אילון,2010,2
,אלוני הבשן,2010,3
,אלי-עד,2010,1
,אניעם,2010,6
,ארבל,2010,8
,אשבול,2010,21
,אשחר,2010,23
,אשלים,2010,7
,אשרת,2010,4
,אשתאול,2010,7
,באר אורה,2010,51
,בוסתן הגליל,2010,68
,בטחה,2010,4
,ביאדה,2010,10
,ביר הדאג',2010,3
,בית ג'ן,2010,75
,בית הגדי,2010,1
,בית השיטה,2010,17
,בית זית,2010,6
,בית יוסף,2010,1
,בית ניר,2010,16
,בית שאן,2010,183
,ביתר עילית,2010,2
,בן עמי,2010,1
,בני יהודה,2010,12
,בני נצרים,2010,7
,"בסמ""ה",2010,2
,בענה,2010,49
,בצת,2010,3
,בר גיורא,2010,1
,ברוש,2010,4
,ברטעה,2010,5
,ג'דיידה-מכר,2010,48
,ג'ולס,2010,43
,גבע,2010,1
,גבעות בר,2010,47
,גבעת אלה,2010,18
,גבעת יואב,2010,2
,גבעת יערים,2010,18
,גבעת ישעיהו,2010,4
,גדיידה,2010,21
,גדיש,2010,2
,גדעונה,2010,14
,גדרה,2010,491
,גורן,2010,3
,גורנות הגליל,2010,1
,גילון,2010,38
,גילת,2010,11
,גיתה,2010,7
,גן נר,2010,43
,גפן,2010,3
,גשור,2010,1
,גשר הזיו,2010,7
,גת בגליל,2010,18
,דבורה,2010,1
,דבירה,2010,42
,דייר אל-אסד,2010,15
,דייר חנא,2010,49
,דקל,2010,5
,הושעיה,2010,5
,הילה,2010,3
,הררית,2010,5
,זכריה,2010,5
,זלפה,2010,8
,זנוח,2010,4
,חבר,2010,8
,חד-נס,2010,9
,חוסן,2010,10
,חורפיש,2010,43
,חלוץ,2010,4
,חמדיה,2010,1
,חניתה,2010,8
,חנתון,2010,7
,חספין,2010,4
,חצבה,2010,2
,חריש,2010,43
,חרשים,2010,2
,טייבה )בעמק(,2010,5
,טירת צבי,2010,7
,טל-אל,2010,4
,טללים,2010,5
,טמרה,2010,101
,יאנוח,2010,11
,יאנוח-ג'ת,2010,1
,יהל,2010,2
,יובלים,2010,8
,יושיביה,2010,3
,יזרעאל,2010,8
,יזרעם,2010,1
,יטבתה,2010,2
,יסעור,2010,16
,יערה,2010,1
,ירוחם,2010,267
,ירכא,2010,53
,ישע,2010,1
,יתד,2010,6
,כאבול,2010,33
,כאוכב אבו אל-היג'א,2010,26
,כברי,2010,142
,כיסרא,2010,8
,כליל,2010,1
,כמון,2010,10
,כנף,2010,3
,כסיפה,2010,1
,כסלון,2010,2
,כסרא-סמיע,2010,5
,כפר החורש,2010,119
,"כפר הרי""ף",2010,8
,כפר ורדים,2010,54
,כפר חנניה,2010,1
,כפר יאסיף,2010,75
,כפר יחזקאל,2010,10
,כפר מצר,2010,1
,כפר סמיע,2010,8
,כפר ראש הנקרה,2010,7
,כפר רופין,2010,4
,כרמים,2010,20
,לבון,2010,44
,להבים,2010,47
,לוזית,2010,36
,לוחמי הגיטאות,2010,2
,לוטם,2010,62
,לימן,2010,3
,מ. א. בקעת בית שאן,2010,1
,מ. א. מטה יהודה,2010,30
,מ. א. משגב,2010,37
,מבוא ביתר,2010,19
,מבועים,2010,11
,מבשרת ציון,2010,205
,מג`ד אל-כרום,2010,103
,מגדל העמק,2010,407
,מגידו,2010,8
,מגן שאול,2010,3
,מולדת,2010,3
,מועאוויה,2010,22
,מוצא תחתית,2010,3
,מוצמוץ,2010,1
,מוקייבלה,2010,11
,מורן,2010,1
,מורשת,2010,9
,מושיירפה,2010,4
,מזרעה,2010,1
,מחנה גבעת חנניה,2010,2
,מטע,2010,2
,מי עמי,2010,9
,מירב,2010,4
,מירון,2010,5
,מיתר,2010,127
,מכמנים,2010,4
,מכר,2010,17
,מלאה,2010,3
,מנוחה,2010,6
,מנוף,2010,3
,מנות,2010,4
,מסילת ציון,2010,2
,מעגלים,2010,5
,מעונה,2010,6
,מעיליא,2010,93
,מעלה גמלא,2010,1
,מעלה החמישה,2010,39
,מעלה עירון,2010,2
,מעלות-תרשיחא,2010,265
,מצובה,2010,3
,"מצפה אבי""ב",2010,3
,מצפה רמון,2010,113
,מרחב עם,2010,13
,משגב,2010,9
,משמר הנגב,2010,4
,משמר העמק,2010,13
,נאות גולן,2010,1
,נאות הכיכר,2010,3
,נבטים,2010,9
,נוב,2010,1
,נווה אילן,2010,7
,נווה זוהר,2010,4
,נווה זיו,2010,3
,נווה מיכאל,2010,9
,נורית,2010,1
,נחושה,2010,2
,נחלה,2010,24
,נחם,2010,2
,נחף,2010,72
,נטועה,2010,1
,נטף,2010,1
,ניצני סיני,2010,1
,ניר דוד )תל עמל(,2010,1
,ניר יפה,2010,3
,ניר יצחק,2010,1
,ניר משה,2010,2
,נס עמים,2010,2
,נצרת,2010,310
,סאג'ור,2010,29
,סגולה,2010,8
,סדום,2010,1
,סח'נין,2010,188
,סלמה,2010,7
,סמר,2010,1
,ספיר,2010,6
,עבדון,2010,2
,עגור,2010,2
,עומר,2010,128
,עילוט,2010,89
,עין איברהים,2010,9
,עין אל-אסד,2010,1
,עין גב,2010,2
,עין הבשור,2010,2
,עין המפרץ,2010,19
,עין זיוון,2010,2
,עין יהב,2010,24
,עין יעקב,2010,12
,"עין כרם-בי""ס חקלאי",2010,2
,עין נקובא,2010,12
,עין ראפה,2010,2
,עין תמר,2010,1
,עמינדב,2010,4
,עמקה,2010,2
,עצמון שגב,2010,10
,עראבה,2010,102
,ערערה-בנגב,2010,4
,פדויים,2010,10
,פטיש,2010,5
,פסוטה,2010,55
,"פעמי תש""ז",2010,1
,פקיעין )בוקייעה(,2010,34
,צאלים,2010,1
,צביה,2010,4
,צהל,2010,57
,צוחר,2010,2
,צוקים,2010,11
,צור הדסה,2010,160
,קדמת צבי,2010,2
,קורנית,2010,35
,קלחים,2010,12
,קלע,2010,1
,קציר,2010,22
,קצרין,2010,116
,קריית יערים,2010,70
,קריית ענבים,2010,1
,קרית יערים)מוסד(,2010,3
,ראמה,2010,50
,רביבים,2010,20
,רגבה,2010,18
,רהט,2010,10
,רוויה,2010,4
,רוחמה,2010,1
,רחוב,2010,1
,רם-און,2010,7
,רמות,2010,5
,רמות מנשה,2010,6
,רמת חובב,2010,1
,רמת רזיאל,2010,1
,רמת רחל,2010,2
,רנן,2010,4
,רעים,2010,1
,רקפת,2010,3
,רתמים,2010,1
,שבי ציון,2010,7
,שגב-שלום,2010,44
,שדה בוקר,2010,100
,שדה דוד,2010,3
,שדה משה,2010,10
,שדה נחום,2010,21
,שדה ניצן,2010,4
,שדה צבי,2010,2
,שדות מיכה,2010,2
,שדי תרומות,2010,9
,שומרה,2010,5
,שורש,2010,21
,שורשים,2010,2
,שיבולים,2010,3
,שייח' דנון,2010,3
,שלוחות,2010,1
,שלומי,2010,71
,שמשית,2010,14
,שעב,2010,35
,שעל,2010,1
,שריגים )לי-און(,2010,7
,שרשרת,2010,7
,תדהר,2010,4
,תומר,2010,1
,תירוש,2010,3
,תל תאומים,2010,6
,"תלמי ביל""ו",2010,2
,תמרת,2010,7
,תקומה,2010,4
,תראבין א-צאנע )שבט(,2010,1
,אביאל,2010,3
,אור עקיבא,2010,267
,אושה,2010,7
,איילת השחר,2010,2
,אילניה,2010,9
,אכסאל,2010,53
,אלומות,2010,11
,אלוני אבא,2010,6
,אליפלט,2010,2
,אליקים,2010,1
,אלמגור,2010,2
,אמירים,2010,8
,אמנון,2010,5
,אעבלין,2010,156
,אפק,2010,3
,אשדות יעקב )איחוד(,2010,17
,בועיינה-נוג'ידאת,2010,24
,ביר אל-מכסור,2010,18
,ביריה,2010,6
,בית אורן,2010,6
,בית הלל,2010,2
,בית לחם הגלילית,2010,1
,בית קשת,2010,5
,בית רימון,2010,5
,בית שערים,2010,4
,בלפוריה,2010,63
,בנימינה-גבעת עדה,2010,159
,בסמת טבעון,2010,23
,בר יוחאי,2010,2
,ברקאי,2010,1
,בת שלמה,2010,15
,ג'ש )גוש חלב(,2010,52
,גבע כרמל,2010,5
,גבעת אבני,2010,12
,"גבעת ניל""י",2010,6
,גבעת עדה,2010,51
,גבת,2010,11
,גיניגר,2010,3
,דאלית אל-כרמל,2010,273
,דבוריה,2010,46
,דברת,2010,2
,דגניה ב',2010,3
,"דוב""ב",2010,1
,דחי,2010,2
,דליה,2010,1
,דלתון,2010,4
,דן,2010,122
,הבונים,2010,4
,הגושרים,2010,68
,הזורעים,2010,5
,היוגב,2010,8
,הסוללים,2010,2
,זובידאת )שבט(,2010,1
,זכרון יעקב,2010,511
,זרזיר,2010,29
,חוקוק,2010,1
,חזון,2010,3
,חצור הגלילית,2010,147
,חרוצים,2010,7
,טובא-זנגריה,2010,4
,טורעאן,2010,56
,טירת כרמל,2010,256
,טפחות,2010,5
,יבנאל,2010,83
,יובל,2010,1
,יסוד המעלה,2010,24
,יפיע,2010,75
,יפעת,2010,10
,יקנעם )מושבה(,2010,25
,יקנעם עילית,2010,448
,כדורי,2010,1
,כורזים,2010,9
,כחל,2010,4
,כלנית,2010,1
,כנרת )מושבה(,2010,25
,כעביה-טבאש-חג'אג'רה,2010,17
,כפר ביאליק,2010,9
,כפר בלום,2010,1
,כפר ברוך,2010,4
,כפר גדעון,2010,2
,כפר גליקסון,2010,1
,כפר המכבי,2010,5
,כפר הנשיא,2010,19
,כפר חושן,2010,7
,כפר חיטים,2010,7
,כפר חסידים א',2010,6
,כפר חסידים ב',2010,3
,כפר יהושע,2010,5
,כפר כמא,2010,26
,כפר כנא,2010,96
,כפר מנדא,2010,98
,כפר פינס,2010,7
,כפר קיש,2010,19
,כפר קרע,2010,18
,כפר שמאי,2010,14
,כפר תבור,2010,138
,כרכום,2010,1
,כרם בן זמרה,2010,2
,"כרם מהר""ל",2010,4
,לביא,2010,18
,לבנים,2010,2
,להבות הבשן,2010,3
,מ. א. הגליל העליון,2010,6
,מ. א. הגליל התחתון,2010,1
,מ. א. מרום הגליל,2010,2
,מגאר,2010,88
,מגדים,2010,8
,מגדל,2010,47
,מדרך עוז,2010,8
,מזרע,2010,1
,מחניים,2010,23
,מטולה,2010,34
,מלכיה,2010,1
,מנחמיה,2010,10
,מסד,2010,5
,מעגן מיכאל,2010,1
,מעין ברוך,2010,10
,מפעלי גליל עליון,2010,1
,מרחביה )מושב(,2010,61
,מרחביה )קיבוץ(,2010,1
,משהד,2010,23
,משמר הירדן,2010,8
,נאעורה,2010,21
,נהלל,2010,2
,נופית,2010,17
,נחשולים,2010,2
,ניין,2010,13
,סולם,2010,6
,עארה,2010,4
,עדי,2010,14
,עוזייר,2010,2
,עופר,2010,2
,עיילבון,2010,49
,עין איילה,2010,21
,עין הוד,2010,1
,עין העמק,2010,3
,עין זיתים,2010,1
,עין כרמל,2010,2
,עין מאהל,2010,69
,עמיקם,2010,2
,עספיא,2010,140
,ערערה,2010,41
,עתלית,2010,185
,פוריה - כפר עבודה,2010,4
,פוריה - נווה עובד,2010,16
,פוריה עילית,2010,20
,פוריידיס,2010,32
,פרוד,2010,18
,ציפורי,2010,4
,צמח,2010,1
,צפת,2010,645
,צרופה,2010,5
,קדרים,2010,3
,קיסריה,2010,70
,קריית טבעון,2010,315
,קריית שמונה,2010,301
,קרית חיים,2010,508
,ראש פינה,2010,53
,רגבים,2010,3
,רומאנה,2010,4
,ריחאניה,2010,5
,ריינה,2010,102
,רכסים,2010,77
,רמות נפתלי,2010,2
,רמת דוד,2010,7
,רמת ישי,2010,153
,רמת צבי,2010,3
,שאר ישוב,2010,5
,שבלי - אום אל-גנם,2010,3
,שדה אילן,2010,13
,שדה אליעזר,2010,64
,שדה יעקב,2010,6
,שדות ים,2010,60
,שדמות דבורה,2010,2
,שכניה,2010,3
,שמיר,2010,1
,שפר,2010,1
,שפרעם,2010,195
,שרונה,2010,7
,שריד,2010,2
,תל עדשים,2010,13
,תל קציר,2010,2
,אביחיל,2010,8
,אבן יהודה,2010,215
,אודים,2010,4
,אומץ,2010,3
,אזור,2010,180
,אחיטוב,2010,12
,אחיסמך,2010,3
,איבתאן,2010,11
,אייל,2010,1
,אליכין,2010,10
,אלישמע,2010,4
,אלעד,2010,411
,באקה אל-גרביה,2010,100
,בארותיים,2010,9
,בחן,2010,41
,ביר א סכה,2010,6
,בית אלעזרי,2010,6
,בית גמליאל,2010,3
,בית דגן,2010,36
,בית חירות,2010,3
,בית חלקיה,2010,20
,בית חנניה,2010,6
,בית חשמונאי,2010,18
,בית יהושע,2010,16
,בית ינאי,2010,4
,בית יצחק-שער חפר,2010,18
,בית נחמיה,2010,1
,בית נקופה,2010,1
,בית עוזיאל,2010,13
,בית עזרא,2010,8
,בית עמרא,2010,29
,בית עריף,2010,8
,ביתן אהרן,2010,1
,בן זכאי,2010,2
,בן שמן )מושב(,2010,10
,בני דרור,2010,9
,בני עטרות,2010,3
,בני ציון,2010,6
,בני ראם,2010,3
,בניה,2010,9
,בצרה,2010,22
,בת חפר,2010,50
,ג'לג'וליה,2010,15
,ג'סר א-זרקא,2010,17
,ג'ת,2010,42
,גאולים,2010,2
,גבעת ברנר,2010,16
,"גבעת ח""ן",2010,2
,גבעת חיים )איחוד(,2010,54
,גבעת שמואל,2010,315
,גבעת שפירא,2010,6
,גזר,2010,79
,גינתון,2010,1
,גליל ים,2010,6
,גן השומרון,2010,7
,גן חיים,2010,15
,גן יאשיה,2010,3
,גנות,2010,2
,גני הדר,2010,27
,גני יהודה,2010,7
,גני יוחנן,2010,3
,גני עם,2010,16
,גני תקווה,2010,135
,געש,2010,3
,המעפיל,2010,1
,הרדוף,2010,2
,זיתן,2010,6
,זמר,2010,4
,חבצלת השרון,2010,6
,חג'אג'רה*,2010,2
,חגור,2010,4
,חגלה,2010,3
,חדיד,2010,13
,חופית,2010,12
,חורשים,2010,1
,חיבת ציון,2010,2
,חירות,2010,2
,חלף,2010,1
,חמד,2010,10
,חניאל,2010,4
,חפץ חיים,2010,70
,חרב לאת,2010,8
,טייבה,2010,125
,טירה,2010,67
,טירת יהודה,2010,12
,טל שחר,2010,1
,יגל,2010,3
,יד בנימין,2010,12
,יד חנה,2010,44
,"יד רמב""ם",2010,1
,יהוד,2010,519
,ימא,2010,3
,יסודות,2010,19
,יעף,2010,1
,יציץ,2010,2
,ירחיב,2010,7
,ישרש,2010,2
,כוכב יאיר,2010,20
,כנות,2010,7
,כפר אביב,2010,2
,"כפר אז""ר",2010,18
,כפר בן נון,2010,2
,כפר ברא,2010,11
,כפר הס,2010,5
,"כפר הרא""ה",2010,10
,כפר ויתקין,2010,3
,"כפר חב""ד",2010,7
,כפר טרומן,2010,4
,כפר ידידיה,2010,21
,כפר יונה,2010,384
,כפר יעבץ,2010,12
,כפר מונש,2010,7
,"כפר מל""ל",2010,6
,כפר מרדכי,2010,2
,כפר נטר,2010,6
,כפר קאסם,2010,74
,כפר רות,2010,3
,כפר שמואל,2010,1
,כפר שמריהו,2010,47
,כרמי יוסף,2010,13
,לפיד,2010,18
,מ. א. עמק לוד,2010,4
,מאור,2010,7
,מגל,2010,2
,מגשימים,2010,9
,מודיעין עילית,2010,1
,מזור,2010,8
,מזכרת בתיה,2010,265
,מייסר,2010,2
,מישר,2010,3
,מכבים-רעות,2010,60
,מכמורת,2010,10
,מעין צבי,2010,6
,מענית,2010,3
,מעש,2010,6
,מצליח,2010,185
,מרגה,2010,12
,משגב דב,2010,2
,משמר דוד,2010,37
,משמר השבעה,2010,3
,משמרות,2010,10
,משמרת,2010,4
,מתן,2010,24
,נווה אפרים,2010,28
,נווה ימין,2010,4
,נווה ירק,2010,6
,נוף איילון,2010,10
,נורדיה,2010,12
,נחלים,2010,99
,ניצני עוז,2010,15
,נירית,2010,1
,נצר סרני,2010,99
,סביון*,2010,57
,סתריה,2010,3
,עדנים,2010,6
,עולש,2010,10
,עזריאל,2010,25
,עין החורש,2010,2
,עין ורד,2010,8
,עין שריד,2010,19
,עינת,2010,1
,עשרת,2010,7
,פדיה,2010,5
,פורת,2010,17
,פרדסיה,2010,37
,פתחיה,2010,1
,צופית,2010,7
,צור יגאל,2010,38
,צור יצחק,2010,61
,צור משה,2010,24
,צור נתן,2010,134
,צורן,2010,83
,צפריה,2010,3
,קדימה-צורן,2010,295
,קדרון,2010,4
,קלנסווה,2010,96
,קריית עקרון,2010,95
,רינתיה,2010,2
,רמות השבים,2010,23
,רמת אפעל,2010,18
,רמת הכובש,2010,1
,רשפון,2010,28
,שדה ורבורג,2010,11
,שדה יצחק,2010,3
,שדמה,2010,14
,שוהם,2010,221
,שילת,2010,24
,שעלבים,2010,53
,שער אפרים,2010,16
,שפיים,2010,4
,תל יצחק,2010,79
,תל מונד,2010,201
,תלמי אלעזר,2010,5
,תנובות,2010,6
,אביגדור,2010,8
,אבן ספיר,2010,3
,אבן שמואל,2010,30
,אור הנר,2010,21
,אורות,2010,6
,אחוזם,2010,5
,אירוס,2010,1
,אמונים,2010,3
,אמציה,2010,112
,באר גנים,2010,1
,באר טוביה,2010,20
,ביצרון,2010,16
,בית גוברין,2010,1
,בית חנן,2010,39
,בית עובד,2010,4
,בית קמה,2010,2
,בית שקמה,2010,15
,בני דרום,2010,9
,"בני עי""ש",2010,59
,ברור חיל,2010,78
,ברקת,2010,11
,גאליה,2010,9
,גבעולים,2010,6
,"גבעת כ""ח",2010,1
,גבעתי,2010,1
,גיאה,2010,3
,גמזו,2010,4
,גן הדרום,2010,2
,גן יבנה,2010,339
,גן שורק,2010,3
,גן שלמה,2010,11
,"דרום השרון מ""א 02",2010,1
,הודיה,2010,14
,הר גילה,2010,1
,ורדון,2010,1
,זבדיאל,2010,6
,זיקים,2010,6
,זמרת,2010,28
,זרועה,2010,2
,זרחיה,2010,3
,חולדה,2010,110
,חורה,2010,1
,חלץ,2010,8
,חצב,2010,7
,יבול,2010,9
,יד נתן,2010,9
,ינון,2010,15
,כוכב מיכאל,2010,6
,כפר אחים,2010,7
,"כפר ביל""ו",2010,4
,כפר גבירול,2010,1
,כפר דניאל,2010,2
,כפר ורבורג,2010,7
,כפר מימון,2010,2
,כפר מנחם,2010,354
,כפר סירקין,2010,10
,כרמיה,2010,4
,לכיש,2010,28
,מ. א. באר טוביה,2010,7
,מ. א. ברנר,2010,15
,מ. א. גן רוה,2010,34
,מ. א. חבל יבנה,2010,1
,מ. א. שער הנגב,2010,1
,מבקיעים,2010,3
,מוצא עילית,2010,35
,מלילות,2010,1
,מסלול,2010,12
,מעלה אדומים,2010,1
,מרכז שפירא,2010,9
,משואות יצחק,2010,2
,נגבה,2010,1
,נהורה,2010,11
,נוגה,2010,5
,נוה,2010,7
,נווה שלום,2010,2
,נופך,2010,3
,נחלת יהודה,2010,57
,נטעים,2010,9
,ניצן,2010,43
,ניצנים,2010,9
,ניר בנים,2010,13
,ניר גלים,2010,11
,"ניר ח""ן",2010,4
,ניר ישראל,2010,1
,ניר עם,2010,2
,ניר עקיבא,2010,9
,ניר צבי,2010,1
,נס הרים,2010,3
,נען,2010,1
,"נתיב הל""ה",2010,1
,נתיב העשרה,2010,4
,סעד,2010,3
,עזר,2010,4
,עזריה,2010,3
,עזריקם,2010,9
,עין צורים,2010,3
,ערוגות,2010,8
,פרי גן,2010,7
,צופר,2010,1
,צלפון,2010,3
,קוממיות,2010,9
,קריית מלאכי,2010,442
,רבדים,2010,1
,רווחה,2010,4
,רמות מאיר,2010,1
,שדה יואב,2010,1
,שדה עוזיהו,2010,8
,שחר,2010,9
,שפיר,2010,23
,שקף,2010,1
,שתולים,2010,9
,תאשור,2010,1
,תושיה,2010,5
,תימורים,2010,6
,תלמי יחיאל,2010,8
,תלמי יפה,2010,19
,תלמי מנשה,2010,3
,תלמים,2010,2
,,2011,33
,*צוקים*,2011,11
,אבו ג'ווייעד )שבט(,2011,5
,אבו גוש,2011,14
,אבו סנאן,2011,89
,אבו קורינאת )שבט(,2011,1
,אבטליון,2011,18
,אביעזר,2011,5
,אבירים,2011,7
,אבני איתן,2011,2
,אבשלום,2011,1
,אדירים,2011,4
,אדמית,2011,8
,אדרת,2011,4
,אוהד,2011,5
,אום אל-פחם,2011,204
,אומן,2011,8
,אחוזת ברק,2011,7
,אחיהוד,2011,5
,אילון,2011,6
,אילות,2011,1
,אלון הגליל,2011,7
,ארבל,2011,7
,אשבול,2011,9
,אשחר,2011,16
,אשלים,2011,7
,אשרת,2011,40
,אשתאול,2011,4
,באר אורה,2011,5
,בוסתן הגליל,2011,66
,בטחה,2011,4
,ביאדה,2011,2
,ביר הדאג',2011,1
,בית אלפא,2011,1
,בית ג'ן,2011,77
,בית הגדי,2011,4
,בית העמק,2011,4
,בית השיטה,2011,8
,בית זית,2011,7
,בית ניר,2011,4
,בית נקופה,2011,4
,בית קמה,2011,1
,בית שאן,2011,198
,ביתר עילית,2011,1
,בן עמי,2011,7
,בני יהודה,2011,8
,בני נצרים,2011,2
,"בסמ""ה",2011,3
,בענה,2011,25
,בר גיורא,2011,7
,ברוש,2011,12
,ברטעה,2011,2
,ג'דיידה-מכר,2011,44
,ג'ולס,2011,56
,גבולות,2011,3
,גבעות בר,2011,59
,גבעת אלה,2011,15
,גבעת יואב,2011,1
,גבעת יערים,2011,18
,גבעת ישעיהו,2011,12
,גדיידה,2011,16
,גדעונה,2011,18
,גדרה,2011,360
,גורנות הגליל,2011,1
,גילון,2011,14
,גילת,2011,5
,גיתה,2011,3
,גלאון,2011,33
,גן נר,2011,37
,געתון,2011,2
,גשר הזיו,2011,4
,גת )קיבוץ(,2011,2
,גת בגליל,2011,14
,דבורה,2011,3
,דבירה,2011,3
,דברת,2011,25
,דייר אל-אסד,2011,4
,דייר חנא,2011,45
,דקל,2011,8
,הושעיה,2011,2
,הילה,2011,3
,הר עמשא,2011,11
,הררית,2011,5
,זכריה,2011,1
,זלפה,2011,11
,חבר,2011,3
,חד-נס,2011,5
,חוסן,2011,22
,חורה,2011,2
,חורפיש,2011,31
,חלוץ,2011,8
,חמדיה,2011,12
,חניתה,2011,97
,חנתון,2011,5
,חספין,2011,4
,חצבה,2011,1
,חריש,2011,53
,חרשים,2011,2
,טייבה )בעמק(,2011,5
,טירת צבי,2011,3
,טל-אל,2011,10
,טללים,2011,5
,טמרה,2011,124
,יאנוח,2011,10
,יאנוח-ג'ת,2011,5
,יהל,2011,25
,יובלים,2011,4
,יודפת,2011,13
,יונתן,2011,1
,יושיביה,2011,16
,יזרעאל,2011,3
,יחיעם,2011,13
,יסעור,2011,15
,יעד,2011,23
,יערה,2011,10
,ירוחם,2011,182
,ירכא,2011,56
,ישע,2011,1
,יתד,2011,1
,כאבול,2011,39
,כאוכב אבו אל-היג'א,2011,18
,כברי,2011,27
,כיסופים,2011,8
,כיסרא,2011,6
,כישור,2011,8
,כליל,2011,2
,כמון,2011,16
,כנות,2011,1
,כסיפה,2011,1
,כסרא-סמיע,2011,1
,כפר החורש,2011,60
,"כפר הרי""ף",2011,5
,כפר ורדים,2011,48
,כפר חנניה,2011,7
,כפר חרוב,2011,1
,כפר יאסיף,2011,91
,כפר יחזקאל,2011,2
,כפר מסריק,2011,2
,כפר מצר,2011,2
,כפר סמיע,2011,3
,כפר ראש הנקרה,2011,131
,כפר רופין,2011,3
,כפר תבור,2011,121
,כרמים,2011,6
,לבון,2011,18
,להבים,2011,36
,לוזית,2011,16
,לוחמי הגיטאות,2011,1
,לוטם,2011,9
,לימן,2011,2
,לפידות,2011,1
,לקיה,2011,1
,מ. א. בקעת בית שאן,2011,15
,מ. א. מטה יהודה,2011,64
,מ. א. מרחבים,2011,1
,מ. א. משגב,2011,19
,מ. א. שדות הנגב,2011,1
,מבוא ביתר,2011,13
,מבועים,2011,10
,מבשרת ציון,2011,155
,מג'דל שמס,2011,2
,מג`ד אל-כרום,2011,74
,מגדל העמק,2011,289
,מגידו,2011,1
,מגן שאול,2011,18
,מולדת,2011,4
,מועאוויה,2011,19
,מוצא תחתית,2011,3
,מוצמוץ,2011,4
,מוקייבלה,2011,9
,מורן,2011,2
,מורשת,2011,25
,מושיירפה,2011,14
,מזרעה,2011,4
,מחנה גבעת חנניה,2011,9
,מחסיה,2011,5
,מטע,2011,1
,מי עמי,2011,11
,מירב,2011,2
,מירון,2011,9
,מיתר,2011,62
,מכמנים,2011,18
,מכר,2011,14
,מלאה,2011,1
,מנות,2011,5
,מסילות,2011,1
,מסילת ציון,2011,3
,מסלול,2011,7
,מעגלים,2011,1
,מעונה,2011,2
,מעיליא,2011,83
,מעלה החמישה,2011,23
,מעלה עירון,2011,3
,מעלות-תרשיחא,2011,246
,מפלסים,2011,1
,מצובה,2011,8
,"מצפה אבי""ב",2011,9
,מצפה רמון,2011,58
,מרום גולן,2011,2
,מרחב עם,2011,15
,משגב,2011,13
,משמר הנגב,2011,3
,משמר העמק,2011,15
,נאות גולן,2011,3
,נאות הכיכר,2011,1
,נאות סמדר,2011,1
,נבטים,2011,30
,נוב,2011,1
,נווה אור,2011,68
,"נווה אטי""ב",2011,1
,נווה אילן,2011,31
,נווה זוהר,2011,4
,נווה זיו,2011,3
,נווה מיכאל,2011,4
,נחלה,2011,10
,נחם,2011,11
,נחף,2011,61
,נטועה,2011,4
,ניצני סיני,2011,1
,ניר יפה,2011,3
,ניר משה,2011,3
,נס הרים,2011,3
,נס עמים,2011,5
,נצרת,2011,282
,נתיב השיירה,2011,1
,סאג'ור,2011,45
,סגולה,2011,5
,סדום,2011,1
,סח'נין,2011,190
,סלמה,2011,10
,סער,2011,4
,ספיר,2011,14
,עבדון,2011,2
,עומר,2011,102
,עין איברהים,2011,4
,עין אל-אסד,2011,3
,עין גב,2011,1
,עין גדי,2011,1
,עין הבשור,2011,1
,עין המפרץ,2011,20
,עין זיוון,2011,3
,עין יהב,2011,7
,עין יעקב,2011,7
,"עין כרם-בי""ס חקלאי",2011,4
,עין נקובא,2011,7
,עין תמר,2011,3
,עמינדב,2011,1
,עמקה,2011,16
,עצמון שגב,2011,1
,עראבה,2011,85
,פארן,2011,1
,פדויים,2011,1
,פטיש,2011,7
,פסוטה,2011,38
,"פעמי תש""ז",2011,9
,פקיעין )בוקייעה(,2011,22
,פרזון,2011,1
,צביה,2011,1
,צהל,2011,83
,צוחר,2011,5
,צוקים,2011,11
,צור הדסה,2011,55
,צורית,2011,8
,צנדלה,2011,1
,צפרירים,2011,4
,קדמת צבי,2011,3
,קורנית,2011,9
,קלחים,2011,12
,קלע,2011,2
,קציר,2011,64
,קצרין,2011,63
,קריית יערים,2011,27
,קריית ענבים,2011,1
,קרית יערים)מוסד(,2011,1
,ראמה,2011,76
,רביבים,2011,14
,רגבה,2011,9
,רהט,2011,11
,רוויה,2011,3
,רחוב,2011,3
,רם-און,2011,4
,רמות,2011,2
,רמת חובב,2011,3
,רמת מגשימים,2011,1
,רנן,2011,2
,רקפת,2011,22
,שבי ציון,2011,4
,שגב-שלום,2011,71
,שדה בוקר,2011,5
,שדה דוד,2011,1
,שדה יואב,2011,1
,שדה משה,2011,4
,שדה נחום,2011,4
,שדה צבי,2011,4
,שדות מיכה,2011,2
,שדי תרומות,2011,2
,שואבה,2011,3
,שומרה,2011,2
,שורש,2011,27
,שורשים,2011,15
,שזור,2011,4
,שיבולים,2011,1
,שלומי,2011,75
,שמרת,2011,5
,שמשית,2011,12
,שעב,2011,12
,שעל,2011,1
,שריגים )לי-און(,2011,2
,תדהר,2011,13
,תובל,2011,10
,תירוש,2011,5
,תל יוסף,2011,1
,תל תאומים,2011,2
,תלמי אליהו,2011,1
,"תלמי ביל""ו",2011,6
,תרום,2011,5
,אבטין,2011,5
,אביאל,2011,3
,אום אל-גנם,2011,3
,אור עקיבא,2011,273
,אושה,2011,4
,איילת השחר,2011,39
,אילניה,2011,15
,אכסאל,2011,47
,אלומות,2011,22
,אלוני אבא,2011,8
,אלונים,2011,1
,אליפלט,2011,1
,אליקים,2011,3
,אמירים,2011,8
,אמנון,2011,1
,אעבלין,2011,190
,אפק,2011,8
,אשדות יעקב )איחוד(,2011,23
,אשדות יעקב )מאוחד(,2011,3
,בועיינה-נוג'ידאת,2011,23
,ביר אל-מכסור,2011,25
,ביריה,2011,4
,בית אורן,2011,1
,בית הלל,2011,2
,בית לחם הגלילית,2011,3
,בית קשת,2011,2
,בית רימון,2011,7
,בית שערים,2011,1
,בלפוריה,2011,42
,בנימינה-גבעת עדה,2011,164
,בסמת טבעון,2011,16
,בר יוחאי,2011,3
,ברעם,2011,1
,ברקאי,2011,2
,בת שלמה,2011,21
,ג'ש )גוש חלב(,2011,36
,גבע כרמל,2011,11
,גבעת אבני,2011,13
,"גבעת ניל""י",2011,1
,גבעת עדה,2011,93
,גונן,2011,1
,גיניגר,2011,7
,גלעד )אבן יצחק(,2011,1
,דאלית אל-כרמל,2011,223
,דבוריה,2011,52
,דגניה ב',2011,3
,"דוב""ב",2011,4
,דור,2011,1
,דחי,2011,2
,דישון,2011,1
,דלתון,2011,1
,דן,2011,1
,דפנה,2011,7
,הבונים,2011,1
,הגושרים,2011,4
,הזורע,2011,2
,הזורעים,2011,10
,היוגב,2011,8
,זכרון יעקב,2011,425
,זרזיר,2011,47
,חוקוק,2011,8
,חזון,2011,9
,חמאם,2011,2
,חצור הגלילית,2011,115
,חרוצים,2011,3
,טובא-זנגריה,2011,12
,טורעאן,2011,103
,טירת כרמל,2011,368
,טפחות,2011,3
,יבנאל,2011,111
,יגור,2011,1
,יסוד המעלה,2011,14
,יפיע,2011,75
,יפעת,2011,5
,יקנעם )מושבה(,2011,50
,יקנעם עילית,2011,356
,כדורי,2011,1
,כחל,2011,8
,כלנית,2011,3
,כנרת )מושבה(,2011,24
,כפר ביאליק,2011,17
,כפר בלום,2011,5
,כפר ברוך,2011,5
,כפר גדעון,2011,5
,כפר גליקסון,2011,3
,כפר המכבי,2011,10
,כפר הנשיא,2011,14
,כפר זיתים,2011,21
,כפר חושן,2011,2
,כפר חיטים,2011,5
,כפר חסידים א',2011,4
,כפר יהושע,2011,2
,כפר כמא,2011,4
,כפר כנא,2011,68
,כפר מנדא,2011,79
,כפר סאלד,2011,10
,כפר פינס,2011,4
,כפר קיש,2011,18
,כפר קרע,2011,22
,כפר שמאי,2011,14
,כרכום,2011,2
,כרם בן זמרה,2011,1
,"כרם מהר""ל",2011,4
,לביא,2011,18
,לבנים,2011,1
,להבות הבשן,2011,3
,מ. א. הגליל העליון,2011,12
,מ. א. הגליל התחתון,2011,1
,מ. א. מרום הגליל,2011,5
,מגאר,2011,106
,מגדים,2011,8
,מגדל,2011,89
,מדרך עוז,2011,4
,מזרע,2011,1
,מחניים,2011,57
,מטולה,2011,48
,מלכיה,2011,4
,מנחמיה,2011,19
,מסד,2011,6
,מעין ברוך,2011,9
,מעין צבי,2011,4
,מצפה,2011,5
,מצפה נטופה,2011,15
,מרחביה )מושב(,2011,7
,מרחביה )קיבוץ(,2011,2
,משהד,2011,28
,משמר הירדן,2011,18
,נאעורה,2011,16
,נגידאת,2011,1
,נהלל,2011,1
,נופית,2011,12
,נחשולים,2011,22
,ניין,2011,11
,סולם,2011,4
,עארה,2011,1
,עדי,2011,20
,עוזייר,2011,8
,עיילבון,2011,47
,עילוט,2011,50
,עין איילה,2011,9
,עין דור,2011,32
,עין הוד,2011,2
,עין העמק,2011,1
,עין כרמל,2011,2
,עין מאהל,2011,68
,עין עירון,2011,3
,עלמה,2011,2
,עמיעד,2011,1
,עספיא,2011,151
,ערערה,2011,74
,עתלית,2011,140
,פוריה - כפר עבודה,2011,3
,פוריה - נווה עובד,2011,17
,פוריה עילית,2011,34
,פוריידיס,2011,13
,פרוד,2011,11
,ציפורי,2011,4
,צמח,2011,3
,צפת,2011,449
,צרופה,2011,4
,קדרים,2011,4
,קיסריה,2011,57
,קריית טבעון,2011,285
,קריית שמונה,2011,263
,קרית חיים,2011,436
,ראש פינה,2011,61
,רגבים,2011,1
,רומאנה,2011,6
,רומת הייב,2011,3
,ריחאניה,2011,8
,ריינה,2011,141
,רכסים,2011,112
,רמות מנשה,2011,2
,רמות נפתלי,2011,8
,רמת דוד,2011,1
,רמת ישי,2011,94
,רמת צבי,2011,2
,שאר ישוב,2011,4
,שבלי - אום אל-גנם,2011,11
,שדה אילן,2011,7
,שדה אליעזר,2011,11
,שדה יעקב,2011,6
,שדה נחמיה,2011,75
,שדות ים,2011,59
,שדמות דבורה,2011,25
,שכניה,2011,4
,שמיר,2011,1
,שניר,2011,2
,שפר,2011,3
,שפרעם,2011,188
,שרונה,2011,5
,שריד,2011,2
,תל עדשים,2011,5
,תמרת,2011,6
,אביחיל,2011,8
,אבן יהודה,2011,147
,אודים,2011,10
,אומץ,2011,3
,אזור,2011,149
,אחיטוב,2011,2
,אחיסמך,2011,8
,איבתאן,2011,1
,אליכין,2011,8
,אלישיב,2011,4
,אלישמע,2011,1
,אלעד,2011,279
,באקה אל-גרביה,2011,100
,בארותיים,2011,1
,בורגתה,2011,4
,בחן,2011,19
,ביר א סכה,2011,5
,בית אלעזרי,2011,7
,בית דגן,2011,44
,בית חלקיה,2011,21
,בית חנניה,2011,8
,בית חשמונאי,2011,24
,בית יהושע,2011,3
,בית ינאי,2011,4
,בית יצחק-שער חפר,2011,15
,בית נחמיה,2011,2
,בית עוזיאל,2011,9
,בית עזרא,2011,1
,בית עמרא,2011,5
,בית עריף,2011,3
,ביתן אהרן,2011,10
,בן זכאי,2011,1
,בן שמן )מושב(,2011,3
,בני דרור,2011,10
,בני עטרות,2011,3
,בני ציון,2011,4
,בני ראם,2011,5
,בצרה,2011,11
,בקוע,2011,2
,בת חפר,2011,40
,ג'לג'וליה,2011,9
,ג'סר א-זרקא,2011,15
,ג'ת,2011,45
,גבעת חיים )איחוד(,2011,29
,גבעת חיים )מאוחד(,2011,1
,גבעת שמואל,2011,300
,גזר,2011,10
,גינתון,2011,1
,גליל ים,2011,6
,גן השומרון,2011,4
,גן חיים,2011,10
,גן יאשיה,2011,5
,גן שורק,2011,2
,גן שמואל,2011,2
,גנות,2011,5
,גנות הדר,2011,3
,גני הדר,2011,19
,גני יהודה,2011,5
,גני יוחנן,2011,2
,גני עם,2011,1
,גני תקווה,2011,110
,געש,2011,9
,גפן,2011,4
,הדר עם,2011,6
,הרדוף,2011,1
,זיתן,2011,3
,זמר,2011,3
,חבצלת השרון,2011,15
,חג'אג'רה*,2011,3
,חגור,2011,4
,חגלה,2011,4
,חדיד,2011,1
,חופית,2011,2
,חיבת ציון,2011,3
,חירות,2011,1
,חמד,2011,14
,חניאל,2011,1
,חפץ חיים,2011,2
,חרב לאת,2011,5
,טייבה,2011,150
,טירה,2011,47
,טירת יהודה,2011,8
,יגל,2011,1
,יד בנימין,2011,6
,יד חנה,2011,22
,"יד רמב""ם",2011,3
,יהוד,2011,356
,ימא,2011,9
,יסודות,2011,63
,יעף,2011,1
,יציץ,2011,9
,יקום,2011,4
,ירחיב,2011,2
,ישרש,2011,1
,כוכב יאיר,2011,34
,"כפר אז""ר",2011,26
,"כפר ביל""ו",2011,1
,כפר בן נון,2011,6
,כפר ברא,2011,18
,כפר הס,2011,8
,"כפר הרא""ה",2011,4
,כפר ויתקין,2011,4
,"כפר חב""ד",2011,3
,כפר טרומן,2011,1
,כפר ידידיה,2011,21
,כפר יונה,2011,299
,כפר יעבץ,2011,5
,כפר מונש,2011,6
,"כפר מל""ל",2011,9
,כפר מרדכי,2011,4
,כפר נטר,2011,9
,כפר קאסם,2011,65
,כפר רות,2011,3
,כפר שמואל,2011,1
,כפר שמריהו,2011,27
,כרמי יוסף,2011,12
,להבות חביבה,2011,10
,לפיד,2011,13
,מ. א. נחל שורק,2011,15
,מ. א. עמק לוד,2011,3
,מאור,2011,10
,מגל,2011,28
,מגשימים,2011,6
,מזור,2011,6
,מזכרת בתיה,2011,208
,מייסר,2011,8
,מישר,2011,4
,מכבים-רעות,2011,46
,מכמורת,2011,3
,מענית,2011,1
,מעש,2011,4
,מצליח,2011,104
,מצר,2011,1
,מרגה,2011,6
,משגב דב,2011,2
,משמר דוד,2011,12
,משמר השבעה,2011,2
,משמר השרון,2011,133
,משמרות,2011,7
,משמרת,2011,6
,מתן,2011,13
,נווה אפרים,2011,34
,נווה ימין,2011,1
,נווה ירק,2011,14
,נווה מבטח,2011,6
,נוף איילון,2011,4
,נופך,2011,2
,נורדיה,2011,24
,נחלים,2011,59
,ניצני עוז,2011,3
,נירית,2011,1
,נצר סרני,2011,102
,סביון*,2011,40
,סתריה,2011,5
,עדנים,2011,11
,עולש,2011,2
,עזריאל,2011,3
,עין החורש,2011,1
,עין ורד,2011,1
,עין שמר,2011,2
,עין שריד,2011,14
,עינת,2011,1
,עשרת,2011,17
,פורת,2011,34
,פרדסיה,2011,31
,פתחיה,2011,1
,צופית,2011,4
,צור יגאל,2011,31
,צור יצחק,2011,24
,צור משה,2011,17
,צור נתן,2011,70
,צורן,2011,65
,צפריה,2011,7
,קדימה-צורן,2011,168
,קלנסווה,2011,160
,קריית עקרון,2011,79
,רינתיה,2011,1
,רמות השבים,2011,17
,רמות מאיר,2011,1
,רמת אפעל,2011,34
,רשפון,2011,29
,שדה ורבורג,2011,7
,שדה יצחק,2011,4
,שדי חמד,2011,1
,שדמה,2011,4
,שוהם,2011,127
,שילת,2011,5
,שעלבים,2011,4
,שער אפרים,2011,10
,שפיים,2011,4
,תל יצחק,2011,10
,תל מונד,2011,130
,תלמי אלעזר,2011,5
,אביגדור,2011,4
,אבן שמואל,2011,10
,אור הנר,2011,10
,אורות,2011,5
,אלומה,2011,1
,אמונים,2011,5
,אמציה,2011,18
,באר טוביה,2011,12
,בארי,2011,1
,ביצרון,2011,2
,בית גוברין,2011,19
,בית חנן,2011,38
,בית עובד,2011,11
,בית שקמה,2011,16
,"בני עי""ש",2011,42
,ברור חיל,2011,12
,ברכיה,2011,3
,ברקת,2011,8
,בת הדר,2011,17
,בת חצור,2011,34
,גאליה,2011,4
,גבעולים,2011,6
,גבעת ברנר,2011,12
,גבעתי,2011,3
,גיאה,2011,4
,גיבתון,2011,33
,גמזו,2011,3
,גן הדרום,2011,1
,גן יבנה,2011,263
,גן שלמה,2011,2
,"דרום השרון מ""א 02",2011,1
,ורדון,2011,2
,זבדיאל,2011,21
,זיקים,2011,11
,זמרת,2011,12
,זרועה,2011,2
,זרחיה,2011,3
,חולדה,2011,4
,חלץ,2011,3
,חצב,2011,1
,יבול,2011,3
,יד נתן,2011,6
,ינון,2011,1
,כוכב מיכאל,2011,4
,כפר אחים,2011,3
,כפר גבירול,2011,1
,כפר דניאל,2011,1
,כפר ורבורג,2011,14
,כפר מימון,2011,6
,כפר מנחם,2011,2
,כפר סירקין,2011,2
,כרמיה,2011,21
,לכיש,2011,2
,מ. א. באר טוביה,2011,10
,מ. א. ברנר,2011,24
,מ. א. גן רוה,2011,46
,מ. א. חבל יבנה,2011,18
,מבקיעים,2011,8
,מוצא עילית,2011,19
,מלילות,2011,1
,מעלה אדומים,2011,1
,מרכז שפירא,2011,3
,משואות יצחק,2011,1
,משען,2011,3
,נגבה,2011,120
,נהורה,2011,12
,נוגה,2011,2
,נוה,2011,2
,נחלת יהודה,2011,20
,נטעים,2011,3
,ניצן,2011,117
,ניצנים,2011,12
,ניר בנים,2011,7
,ניר גלים,2011,22
,"ניר ח""ן",2011,2
,ניר ישראל,2011,2
,ניר עם,2011,5
,ניר עקיבא,2011,7
,ניר צבי,2011,7
,נען,2011,3
,סעד,2011,1
,עד הלום,2011,1
,עזר,2011,2
,עזריה,2011,2
,עזריקם,2011,4
,ערוגות,2011,13
,פדיה,2011,5
,פלמחים,2011,1
,פרי גן,2011,5
,צלפון,2011,6
,קוממיות,2011,5
,קריית מלאכי,2011,274
,שדה עוזיהו,2011,13
,שובה,2011,1
,שומריה,2011,1
,שחר,2011,7
,שער הנגב,2011,1
,שפיר,2011,9
,שקף,2011,1
,שתולים,2011,10
,תושיה,2011,1
,תימורים,2011,9
,תלמי יחיאל,2011,3
,תלמי יפה,2011,4
,תלמים,2011,4
,,2012,20
,*מגדל תפן*,2012,3
,*צוקים*,2012,12
,אבו ג'ווייעד )שבט(,2012,3
,אבו גוש,2012,25
,אבו סנאן,2012,89
,אבו קורינאת )שבט(,2012,1
,אבטליון,2012,16
,אביעזר,2012,2
,אבן ספיר,2012,3
,אבשלום,2012,4
,אדמית,2012,9
,אדרת,2012,2
,אוהד,2012,1
,אום אל-פחם,2012,226
,אומן,2012,11
,אחוזת ברק,2012,13
,אחיהוד,2012,9
,אילון,2012,14
,אלון הגליל,2012,44
,אלוני הבשן,2012,1
,אניעם,2012,3
,ארבל,2012,8
,אשבול,2012,3
,אשחר,2012,14
,אשלים,2012,29
,אשרת,2012,12
,אשתאול,2012,3
,באר אורה,2012,14
,בוסתן הגליל,2012,47
,בטחה,2012,2
,ביאדה,2012,2
,ביכורה,2012,3
,ביר הדאג',2012,1
,בית אלפא,2012,7
,בית ג'ן,2012,82
,בית גוברין,2012,4
,בית השיטה,2012,4
,בית זית,2012,2
,בית חנניה,2012,3
,בית ניר,2012,7
,בית נקופה,2012,2
,בית קמה,2012,1
,בית שאן,2012,245
,בן עמי,2012,7
,בני יהודה,2012,6
,"בסמ""ה",2012,7
,בענה,2012,42
,"בקעת נטופה מ""א 65",2012,1
,בר גיורא,2012,7
,ברוש,2012,2
,ג'דיידה-מכר,2012,48
,ג'ולס,2012,55
,ג'ת,2012,68
,גבולות,2012,6
,גבעות בר,2012,10
,גבעת אלה,2012,21
,גבעת יואב,2012,2
,גבעת יערים,2012,23
,גבעת ישעיהו,2012,1
,גבעת עוז,2012,2
,גדיידה,2012,16
,גדעונה,2012,19
,גורנות הגליל,2012,2
,גילון,2012,12
,גילת,2012,18
,גיתה,2012,6
,גלאון,2012,29
,גן נר,2012,43
,געתון,2012,2
,גפן,2012,7
,גשר הזיו,2012,6
,גת )קיבוץ(,2012,2
,גת בגליל,2012,25
,דבורה,2012,3
,דבירה,2012,42
,דברת,2012,43
,דייר אל-אסד,2012,18
,דייר חנא,2012,57
,דקל,2012,7
,הילה,2012,5
,הררית,2012,7
,זכריה,2012,3
,זלפה,2012,12
,זנוח,2012,1
,זרועה,2012,5
,חבר,2012,3
,חד-נס,2012,5
,חוסן,2012,21
,חורפיש,2012,34
,חלוץ,2012,19
,חמדיה,2012,53
,חניתה,2012,3
,חנתון,2012,14
,חספין,2012,3
,חצבה,2012,1
,חריש,2012,133
,חרשים,2012,1
,טורעאן,2012,95
,טייבה )בעמק(,2012,2
,טירת צבי,2012,1
,טל-אל,2012,24
,טללים,2012,14
,טמרה,2012,102
,יאנוח,2012,19
,יאנוח-ג'ת,2012,5
,יהל,2012,1
,יובלים,2012,5
,יודפת,2012,36
,יושיביה,2012,8
,יזרעאל,2012,7
,יחד,2012,7
,יחיעם,2012,25
,יטבתה,2012,2
,יסעור,2012,10
,יעד,2012,4
,יערה,2012,3
,ירוחם,2012,135
,ירכא,2012,69
,יתד,2012,11
,כאבול,2012,31
,כאוכב אבו אל-היג'א,2012,19
,כברי,2012,30
,כיסופים,2012,2
,כיסרא,2012,9
,כישור,2012,7
,כליל,2012,12
,כמון,2012,14
,כסלון,2012,3
,כסרא-סמיע,2012,11
,כפר אל עוברה,2012,6
,כפר החורש,2012,164
,"כפר הרי""ף",2012,14
,כפר ורדים,2012,42
,כפר חנניה,2012,1
,כפר חרוב,2012,1
,כפר יאסיף,2012,99
,כפר יחזקאל,2012,3
,כפר מנדא,2012,109
,כפר מסריק,2012,1
,כפר מצר,2012,3
,כפר סמיע,2012,2
,כפר ראש הנקרה,2012,32
,כפר רוזנואלד )זרעית(,2012,3
,כפר רופין,2012,1
,כפר תבור,2012,121
,כרמים,2012,4
,לבון,2012,4
,להבים,2012,49
,לוזית,2012,2
,לוטם,2012,19
,לימן,2012,1
,לפידות,2012,2
,לקיה,2012,3
,מ. א. בקעת בית שאן,2012,9
,מ. א. גולן,2012,1
,מ. א. מטה יהודה,2012,50
,מ. א. מרחבים,2012,1
,מ. א. משגב,2012,27
,מ. א. שדות הנגב,2012,2
,מ. א. תמר,2012,2
,מבוא ביתר,2012,24
,מבועים,2012,7
,מבשרת ציון,2012,202
,מג'דל שמס,2012,7
,מג`ד אל-כרום,2012,127
,מגדל העמק,2012,285
,מגידו,2012,1
,מגן שאול,2012,10
,מדרשת בן גוריון,2012,1
,מולדת,2012,4
,מועאוויה,2012,16
,מוצא תחתית,2012,4
,מוצמוץ,2012,1
,מוקייבלה,2012,15
,מורן,2012,1
,מורשת,2012,13
,מושיירפה,2012,11
,מזרעה,2012,4
,מחנה גבעת חנניה,2012,4
,מחסיה,2012,3
,מטע,2012,2
,מי עמי,2012,22
,מיטב,2012,2
,מירב,2012,11
,מירון,2012,4
,מיתר,2012,199
,מכמנים,2012,20
,מכר,2012,17
,מלילות,2012,9
,מנוף,2012,24
,מנות,2012,4
,מסילת ציון,2012,3
,מסלול,2012,1
,מסעדה,2012,3
,מעגלים,2012,4
,מעונה,2012,5
,מעיליא,2012,77
,מעלה גלבוע,2012,1
,מעלה גמלא,2012,1
,מעלה החמישה,2012,3
,מעלה עירון,2012,2
,מעלות-תרשיחא,2012,214
,מצובה,2012,6
,"מצפה אבי""ב",2012,5
,מצפה רמון,2012,52
,מרום גולן,2012,3
,מרחב עם,2012,11
,משגב,2012,8
,משמר הנגב,2012,27
,משמר העמק,2012,16
,נאות גולן,2012,3
,נבטים,2012,28
,נוב,2012,1
,נווה אור,2012,16
,נווה אילן,2012,8
,נווה זוהר,2012,1
,נווה זיו,2012,5
,נורית,2012,17
,נחושה,2012,1
,נחלה,2012,25
,נחם,2012,32
,נחף,2012,53
,נטועה,2012,1
,נטור,2012,1
,נטף,2012,1
,ניצנה )קהילת חינוך(,2012,1
,ניר דוד )תל עמל(,2012,3
,ניר יפה,2012,2
,ניר משה,2012,3
,נס הרים,2012,4
,נס עמים,2012,1
,נצרת,2012,288
,"נתיב הל""ה",2012,70
,נתיב השיירה,2012,1
,סאג'ור,2012,43
,סח'נין,2012,238
,סלמה,2012,16
,סער,2012,8
,ספיר,2012,6
,עבדון,2012,5
,עומר,2012,118
,עילוט,2012,64
,עין איברהים,2012,4
,עין אל-אסד,2012,5
,עין הבשור,2012,1
,עין המפרץ,2012,22
,עין זיוון,2012,1
,עין יהב,2012,2
,עין יעקב,2012,9
,"עין כרם-בי""ס חקלאי",2012,2
,עין נקובא,2012,3
,עין תמר,2012,3
,עמינדב,2012,8
,עמקה,2012,12
,עצמון שגב,2012,25
,עראבה,2012,118
,ערערה,2012,56
,פדויים,2012,2
,פטיש,2012,2
,פסוטה,2012,37
,"פעמי תש""ז",2012,2
,פקיעין )בוקייעה(,2012,33
,פקיעין חדשה,2012,1
,פרזון,2012,1
,צביה,2012,9
,צהל,2012,63
,צוחר,2012,8
,צור הדסה,2012,52
,צורית,2012,44
,צנדלה,2012,2
,צפרירים,2012,5
,קדמת צבי,2012,2
,קלחים,2012,7
,קציר,2012,10
,קצרין,2012,95
,קריית יערים,2012,28
,קרית יערים)מוסד(,2012,18
,קשת,2012,2
,ראמה,2012,46
,רביבים,2012,15
,רגבה,2012,5
,רהט,2012,20
,רוויה,2012,1
,רוחמה,2012,1
,רם-און,2012,4
,רמות,2012,2
,רמת חובב,2012,6
,רמת מגשימים,2012,1
,רמת רזיאל,2012,2
,רמת רחל,2012,2
,רנן,2012,7
,רקפת,2012,3
,שבי ציון,2012,8
,שגב-שלום,2012,69
,שדה בוקר,2012,42
,שדה משה,2012,1
,שדה נחום,2012,23
,שדה צבי,2012,9
,שדי תרומות,2012,5
,שובל,2012,7
,שומרה,2012,1
,שורש,2012,11
,שורשים,2012,9
,שזור,2012,4
,שייח' דנון,2012,2
,שכניה,2012,16
,שלומי,2012,81
,שמרת,2012,33
,שמשית,2012,11
,שעב,2012,9
,שריגים )לי-און(,2012,4
,שרשרת,2012,5
,שתולה,2012,4
,תאשור,2012,1
,תדהר,2012,10
,תובל,2012,13
,תירוש,2012,2
,תל שבע,2012,3
,"תלמי ביל""ו",2012,8
,אבטין,2012,3
,אביאל,2012,3
,אביבים,2012,1
,אור עקיבא,2012,287
,אושה,2012,3
,איילת השחר,2012,18
,אילניה,2012,18
,אכסאל,2012,50
,אלומות,2012,9
,אלוני אבא,2012,6
,אליפלט,2012,1
,אליקים,2012,3
,אמירים,2012,1
,אמנון,2012,7
,אעבלין,2012,220
,אפיקים,2012,1
,אפק,2012,6
,אשדות יעקב )איחוד(,2012,10
,אשדות יעקב )מאוחד(,2012,4
,בועיינה-נוג'ידאת,2012,15
,ביר אל-מכסור,2012,14
,ביריה,2012,1
,בית אורן,2012,1
,בית הלל,2012,3
,בית לחם הגלילית,2012,2
,בית קשת,2012,5
,בית רימון,2012,7
,בית שערים,2012,6
,בלפוריה,2012,24
,בסמת טבעון,2012,9
,בר יוחאי,2012,5
,ברקאי,2012,1
,בת שלמה,2012,12
,ג'ש )גוש חלב(,2012,53
,גבע כרמל,2012,9
,גבעת אבני,2012,8
,"גבעת ניל""י",2012,2
,גבעת עדה,2012,69
,גבת,2012,2
,גונן,2012,1
,גינוסר,2012,155
,גיניגר,2012,2
,דאלית אל-כרמל,2012,225
,דבוריה,2012,24
,דגניה א',2012,2
,"דוב""ב",2012,2
,דישון,2012,5
,דלתון,2012,3
,דן,2012,18
,דפנה,2012,120
,האון,2012,1
,הבונים,2012,1
,הגושרים,2012,10
,הזורעים,2012,15
,החותרים,2012,2
,היוגב,2012,3
,הסוללים,2012,4
,זובידאת )שבט(,2012,5
,זכרון יעקב,2012,367
,זרזיר,2012,28
,חולתה,2012,117
,חוקוק,2012,4
,חזון,2012,2
,חלף,2012,1
,חמאם,2012,1
,חצור הגלילית,2012,86
,חרוצים,2012,2
,טובא-זנגריה,2012,8
,טירת כרמל,2012,410
,יבנאל,2012,88
,יגור,2012,1
,יובל,2012,2
,יסוד המעלה,2012,38
,יפיע,2012,79
,יפעת,2012,3
,יפתח,2012,94
,יקנעם )מושבה(,2012,60
,יקנעם עילית,2012,389
,כחל,2012,8
,כלנית,2012,4
,כנרת )מושבה(,2012,24
,כפר ביאליק,2012,4
,כפר בלום,2012,1
,כפר ברוך,2012,5
,כפר גדעון,2012,2
,כפר המכבי,2012,1
,כפר הנשיא,2012,14
,כפר זיתים,2012,5
,כפר חושן,2012,1
,כפר חיטים,2012,5
,כפר חסידים ב',2012,6
,כפר יהושע,2012,2
,כפר כמא,2012,10
,כפר כנא,2012,91
,כפר סאלד,2012,30
,כפר פינס,2012,3
,כפר קיש,2012,12
,כפר קרע,2012,48
,כפר שמאי,2012,6
,כרכום,2012,2
,כרם בן זמרה,2012,1
,"כרם מהר""ל",2012,1
,לביא,2012,16
,לבנים,2012,4
,להבות הבשן,2012,2
,מ. א. הגליל העליון,2012,95
,מ. א. הגליל התחתון,2012,4
,מגאר,2012,86
,מגדים,2012,6
,מגדל,2012,51
,מדרך עוז,2012,4
,מזרע,2012,1
,מחניים,2012,11
,מטולה,2012,21
,מלכיה,2012,2
,מנחמיה,2012,13
,מסד,2012,7
,מסדה,2012,64
,מעין ברוך,2012,11
,מצפה,2012,17
,מרגליות,2012,4
,מרחביה )מושב(,2012,15
,משגב עם,2012,6
,משהד,2012,18
,משמר הירדן,2012,25
,נאות מרדכי,2012,119
,נאעורה,2012,21
,נהלל,2012,6
,נופית,2012,10
,ניין,2012,14
,ניר עציון,2012,2
,סולם,2012,5
,עארה,2012,4
,עדי,2012,33
,עוזייר,2012,8
,עופר,2012,14
,עיילבון,2012,51
,עין איילה,2012,4
,עין גב,2012,1
,עין דור,2012,29
,עין הוד,2012,5
,עין העמק,2012,3
,עין זיתים,2012,2
,עין מאהל,2012,75
,עין עירון,2012,2
,עמיעד,2012,100
,עספיא,2012,117
,עתלית,2012,139
,פוריה - נווה עובד,2012,12
,פוריה עילית,2012,46
,פוריידיס,2012,22
,פרוד,2012,98
,ציפורי,2012,5
,צפת,2012,446
,צרופה,2012,4
,קדרים,2012,8
,קורנית,2012,1
,קיסריה,2012,34
,קריית טבעון,2012,282
,קריית שמונה,2012,297
,ראש פינה,2012,60
,רומאנה,2012,1
,רומת הייב,2012,3
,ריחאניה,2012,6
,ריינה,2012,162
,רכסים,2012,94
,רמות נפתלי,2012,3
,רמת ישי,2012,129
,רמת צבי,2012,1
,שאר ישוב,2012,3
,שבלי - אום אל-גנם,2012,6
,שדה אילן,2012,5
,שדה אליעזר,2012,9
,שדה יעקב,2012,5
,שדה נחמיה,2012,54
,שדות ים,2012,35
,שדמות דבורה,2012,7
,שמיר,2012,1
,שניר,2012,63
,שער הגולן,2012,1
,שפר,2012,2
,שפרעם,2012,193
,שרונה,2012,4
,שריד,2012,5
,תל עדשים,2012,4
,תמרת,2012,11
,אבן יהודה,2012,145
,אום אל-קוטוף,2012,1
,אומץ,2012,4
,אזור,2012,182
,אחיסמך,2012,6
,אחיעזר,2012,3
,איבתאן,2012,4
,אייל,2012,28
,אליכין,2012,18
,אלישמע,2012,6
,אלעד,2012,298
,באקה אל-גרביה,2012,95
,בארותיים,2012,2
,בורגתה,2012,4
,בחן,2012,2
,ביר א סכה,2012,5
,בית אלעזרי,2012,14
,בית גמליאל,2012,3
,בית דגן,2012,36
,בית חירות,2012,2
,בית חלקיה,2012,16
,בית חשמונאי,2012,10
,בית יהושע,2012,2
,בית ינאי,2012,9
,בית יצחק-שער חפר,2012,11
,בית נחמיה,2012,3
,בית עוזיאל,2012,5
,בית עזרא,2012,2
,בית עמרא,2012,16
,בית עריף,2012,3
,ביתן אהרן,2012,8
,בן זכאי,2012,1
,בן שמן )מושב(,2012,8
,בני דרור,2012,11
,בני עטרות,2012,1
,בני ציון,2012,5
,בניה,2012,1
,בנימינה-גבעת עדה,2012,123
,בצרה,2012,15
,בקוע,2012,21
,ברקת,2012,208
,בת חפר,2012,45
,ג'לג'וליה,2012,8
,ג'סר א-זרקא,2012,16
,גאולים,2012,1
,"גבעת ח""ן",2012,1
,גבעת חיים )איחוד(,2012,24
,גבעת חיים )מאוחד(,2012,8
,גבעת שמואל,2012,311
,גדרה,2012,374
,גזר,2012,57
,גינתון,2012,4
,גן השומרון,2012,7
,גן חיים,2012,3
,גן יאשיה,2012,6
,גן שמואל,2012,1
,גנות,2012,2
,גני הדר,2012,39
,גני יהודה,2012,8
,גני יוחנן,2012,4
,גני עם,2012,7
,גני תקווה,2012,192
,געש,2012,41
,"דרום השרון מ""א 02",2012,2
,המעפיל,2012,1
,העוגן,2012,129
,הרדוף,2012,1
,זיתן,2012,1
,זמר,2012,3
,ח'ואלד )שבט(,2012,2
,חבצלת השרון,2012,4
,חגור,2012,1
,חגלה,2012,7
,חדיד,2012,2
,חופית,2012,4
,חיבת ציון,2012,1
,חירות,2012,3
,חמד,2012,4
,חניאל,2012,2
,חפץ חיים,2012,66
,חרב לאת,2012,3
,טייבה,2012,177
,טירה,2012,37
,טירת יהודה,2012,7
,יגל,2012,6
,יד בנימין,2012,12
,יד חנה,2012,21
,"יד רמב""ם",2012,3
,יהוד,2012,496
,ימא,2012,6
,יסודות,2012,19
,יציץ,2012,1
,ירחיב,2012,6
,ישעי,2012,1
,ישרש,2012,14
,כוכב יאיר,2012,24
,כעביה-טבאש-חג'אג'רה,2012,3
,כפר אביב,2012,2
,"כפר אז""ר",2012,21
,כפר בן נון,2012,5
,כפר ברא,2012,85
,כפר הס,2012,3
,"כפר הרא""ה",2012,13
,כפר ויתקין,2012,8
,"כפר חב""ד",2012,4
,כפר טרומן,2012,5
,כפר ידידיה,2012,10
,כפר יונה,2012,361
,כפר יעבץ,2012,5
,"כפר מל""ל",2012,5
,כפר מרדכי,2012,2
,כפר נטר,2012,8
,כפר קאסם,2012,77
,כפר רות,2012,1
,כפר שמואל,2012,2
,כפר שמריהו,2012,23
,כרמי יוסף,2012,17
,להבות חביבה,2012,11
,לפיד,2012,8
,מאור,2012,11
,מגל,2012,8
,מגשימים,2012,3
,מזור,2012,5
,מזכרת בתיה,2012,237
,מכבים-רעות,2012,53
,מכמורת,2012,7
,מעין צבי,2012,2
,מענית,2012,132
,מעש,2012,4
,מצליח,2012,296
,מצר,2012,2
,מרגה,2012,13
,משגב דב,2012,3
,משמר איילון,2012,3
,משמר דוד,2012,7
,משמר השבעה,2012,13
,משמר השרון,2012,2
,משמרות,2012,11
,משמרת,2012,6
,מתן,2012,9
,נווה אפרים,2012,35
,נווה ימין,2012,3
,נווה ירק,2012,4
,נווה מבטח,2012,2
,נוף איילון,2012,1
,נורדיה,2012,19
,נחלים,2012,219
,ניצני עוז,2012,3
,נירית,2012,2
,נצר סרני,2012,100
,סביון*,2012,51
,סתריה,2012,8
,עדנים,2012,8
,עולש,2012,1
,עזריאל,2012,6
,עין ורד,2012,8
,עין שמר,2012,2
,עין שריד,2012,15
,עשרת,2012,6
,פדיה,2012,4
,פורת,2012,22
,פלמחים,2012,192
,פרדסיה,2012,37
,פתחיה,2012,1
,צופית,2012,3
,צור יגאל,2012,34
,צור יצחק,2012,17
,צור משה,2012,17
,צור נתן,2012,178
,צורן,2012,47
,צפריה,2012,7
,קדימה-צורן,2012,140
,קדרון,2012,2
,קלנסווה,2012,240
,קריית מלאכי,2012,320
,קריית עקרון,2012,88
,ראס עלי,2012,2
,רינתיה,2012,2
,רמות השבים,2012,22
,רמות מאיר,2012,5
,רמת אפעל,2012,15
,רשפון,2012,20
,שדה ורבורג,2012,5
,שדה יצחק,2012,4
,שדי חמד,2012,8
,שדמה,2012,5
,שוהם,2012,218
,שילת,2012,8
,שעלבים,2012,6
,שער אפרים,2012,21
,שפיים,2012,7
,תל יצחק,2012,17
,תל מונד,2012,142
,תלמי אלעזר,2012,8
,תנובות,2012,3
,אביגדור,2012,10
,אביחיל,2012,1
,אבן שמואל,2012,52
,אור הנר,2012,87
,אורה,2012,2
,אורות,2012,5
,אמונים,2012,3
,אמציה,2012,5
,באר גנים,2012,1
,באר טוביה,2012,51
,ביצרון,2012,9
,בית הגדי,2012,13
,בית חנן,2012,39
,בית עובד,2012,11
,בית שקמה,2012,20
,ביתר עילית,2012,4
,"בני עי""ש",2012,60
,ברור חיל,2012,2
,ברכיה,2012,3
,בת הדר,2012,8
,בת חצור,2012,257
,גבים,2012,10
,גבעולים,2012,6
,גבעת ברנר,2012,13
,גיאה,2012,2
,גיבתון,2012,3
,גמזו,2012,2
,גן הדרום,2012,1
,גן יבנה,2012,288
,גן שורק,2012,1
,גן שלמה,2012,5
,הודיה,2012,35
,הר עמשא,2012,3
,הראל,2012,27
,זבדיאל,2012,7
,זוהר,2012,3
,זיקים,2012,5
,זרחיה,2012,2
,חולדה,2012,1
,חורה,2012,1
,חלץ,2012,2
,חצב,2012,9
,יבול,2012,3
,יד נתן,2012,5
,יזרעם,2012,1
,ינון,2012,5
,כוכב מיכאל,2012,4
,כפר אחים,2012,4
,"כפר ביל""ו",2012,2
,כפר גבירול,2012,4
,כפר דניאל,2012,11
,כפר ורבורג,2012,7
,כפר מימון,2012,5
,כפר מנחם,2012,3
,כפר סירקין,2012,10
,כפר עזה,2012,22
,כרמיה,2012,133
,לכיש,2012,5
,מ. א. באר טוביה,2012,2
,מ. א. ברנר,2012,10
,מ. א. גן רוה,2012,4
,מ. א. חבל יבנה,2012,9
,מ. א. לכיש,2012,1
,מ. א. שער הנגב,2012,6
,מבקיעים,2012,4
,מוצא עילית,2012,25
,מנוחה,2012,13
,מרכז שפירא,2012,6
,משואות יצחק,2012,1
,משען,2012,1
,נגבה,2012,1
,נהורה,2012,8
,נוה,2012,1
,נווה שלום,2012,2
,נועם,2012,3
,נחלת יהודה,2012,10
,נטעים,2012,1
,ניצן,2012,71
,ניצנים,2012,114
,ניר בנים,2012,8
,ניר גלים,2012,11
,"ניר ח""ן",2012,8
,ניר ישראל,2012,3
,ניר עקיבא,2012,3
,ניר צבי,2012,3
,נען,2012,8
,"נפת ירדן מ""א 47",2012,1
,סגולה,2012,3
,סעד,2012,2
,עוזה,2012,3
,עזר,2012,3
,עזריה,2012,1
,עזריקם,2012,9
,עין צורים,2012,17
,ערוגות,2012,10
,פרי גן,2012,3
,צלפון,2012,2
,קוממיות,2012,7
,קרית חיים,2012,449
,רבדים,2012,273
,שדה עוזיהו,2012,5
,שחר,2012,2
,שיבולים,2012,4
,שער הנגב,2012,3
,שפיר,2012,7
,שקף,2012,2
,שתולים,2012,8
,תושיה,2012,1
,תימורים,2012,4
,תלמי יחיאל,2012,7
,תלמי יפה,2012,6
,תלמי מנשה,2012,3
,תלמים,2012,4
,תקומה,2012,1
,,2013,12
,*צוקים*,2013,5
,אבו ג'ווייעד )שבט(,2013,2
,אבו גוש,2013,12
,אבו סנאן,2013,93
,אבו קורינאת )שבט(,2013,5
,אבטליון,2013,16
,אביטל,2013,2
,אביעזר,2013,5
,אבן מנחם,2013,2
,אבשלום,2013,7
,אדירים,2013,2
,אדמית,2013,24
,אדרת,2013,4
,אום אל-פחם,2013,218
,אומן,2013,3
,אחוזת ברק,2013,6
,אחיהוד,2013,3
,אילון,2013,138
,אילות,2013,1
,אל סייד,2013,1
,אל-רום,2013,41
,אלון הגליל,2013,9
,אלוני הבשן,2013,1
,אלי-עד,2013,1
,אלקוש,2013,4
,אניעם,2013,4
,ארבל,2013,6
,אשבול,2013,14
,אשחר,2013,12
,אשלים,2013,8
,אשרת,2013,13
,אשתאול,2013,4
,באר אורה,2013,18
,בוסתן הגליל,2013,27
,בטחה,2013,5
,ביאדה,2013,4
,בית ג'ן,2013,71
,בית הגדי,2013,4
,בית העמק,2013,5
,בית השיטה,2013,4
,בית זית,2013,6
,בית מאיר,2013,2
,בית ניר,2013,91
,בית נקופה,2013,24
,בית קמה,2013,2
,בית שאן,2013,307
,בן עמי,2013,1
,בני יהודה,2013,11
,"בסמ""ה",2013,5
,בענה,2013,34
,ברוש,2013,7
,ברטעה,2013,8
,ברק,2013,1
,ג'דיידה-מכר,2013,54
,ג'ולס,2013,70
,גבעולים,2013,3
,גבעות בר,2013,13
,גבעת אלה,2013,6
,גבעת יואב,2013,1
,גבעת יערים,2013,29
,גבעת ישעיהו,2013,3
,גדיידה,2013,9
,גדעונה,2013,7
,גדרה,2013,388
,גורן,2013,1
,גורנות הגליל,2013,2
,גילון,2013,20
,גילת,2013,6
,גיתה,2013,2
,גלאון,2013,9
,גן נר,2013,40
,גנות,2013,4
,געתון,2013,3
,גפן,2013,9
,גשר,2013,1
,גשר הזיו,2013,3
,גת )קיבוץ(,2013,84
,גת בגליל,2013,16
,דבורה,2013,2
,דבירה,2013,2
,דברת,2013,8
,דייר אל-אסד,2013,11
,דייר חנא,2013,38
,הושעיה,2013,2
,הילה,2013,1
,הררית,2013,7
,זכריה,2013,3
,זלפה,2013,32
,זרועה,2013,10
,חבר,2013,12
,חד-נס,2013,10
,חוסן,2013,14
,חורה,2013,4
,חורפיש,2013,24
,חיבת ציון,2013,1
,חלוץ,2013,6
,חמדיה,2013,3
,חניתה,2013,4
,חנתון,2013,18
,חספין,2013,6
,חפצי-בה,2013,159
,חצבה,2013,2
,חריש,2013,529
,חרשים,2013,1
,טייבה,2013,148
,טייבה )בעמק(,2013,11
,טירת צבי,2013,6
,טל-אל,2013,29
,טללים,2013,12
,טמרה,2013,105
,יאנוח,2013,17
,יאנוח-ג'ת,2013,5
,יהל,2013,2
,יובלים,2013,26
,יודפת,2013,6
,יונתן,2013,2
,יושיביה,2013,9
,יזרעאל,2013,4
,יחד,2013,1
,יחיעם,2013,5
,יטבתה,2013,2
,יסעור,2013,20
,יעד,2013,1
,יערה,2013,10
,ירוחם,2013,155
,ירכא,2013,78
,ישע,2013,1
,כאבול,2013,64
,כאוכב אבו אל-היג'א,2013,25
,כברי,2013,20
,כיסופים,2013,51
,כיסרא,2013,6
,כליל,2013,9
,כמהין,2013,4
,כמון,2013,10
,כסיפה,2013,1
,כסרא-סמיע,2013,16
,כפר אל עוברה,2013,1
,כפר החורש,2013,175
,"כפר הרי""ף",2013,3
,כפר ורדים,2013,45
,כפר חנניה,2013,9
,כפר יאסיף,2013,69
,כפר יחזקאל,2013,1
,כפר מנדא,2013,99
,כפר סמיע,2013,4
,כפר ראש הנקרה,2013,8
,כפר רוזנואלד )זרעית(,2013,2
,כפר רופין,2013,2
,כפר תבור,2013,233
,כרמים,2013,80
,לבון,2013,2
,להבים,2013,34
,לוזית,2013,6
,לוחמי הגיטאות,2013,64
,לוטם,2013,21
,ליבנה,2013,1
,לימן,2013,6
,לפידות,2013,2
,מ. א. בקעת בית שאן,2013,10
,מ. א. הגליל העליון,2013,15
,מ. א. מטה יהודה,2013,22
,מ. א. משגב,2013,24
,מ. א. שדות הנגב,2013,1
,מ. א. תמר,2013,1
,מבוא ביתר,2013,11
,מבועים,2013,6
,מבשרת ציון,2013,225
,מג`ד אל-כרום,2013,113
,מגדל העמק,2013,320
,מגידו,2013,8
,מגן שאול,2013,4
,מדרשת בן גוריון,2013,2
,מולדת,2013,9
,מועאוויה,2013,17
,מוצא עילית,2013,8
,מוצא תחתית,2013,1
,מוצמוץ,2013,2
,מוקייבלה,2013,22
,מורן,2013,4
,מורשת,2013,3
,מושיירפה,2013,19
,מזרעה,2013,1
,מחנה גבעת חנניה,2013,3
,מטע,2013,2
,מי עמי,2013,7
,מיטב,2013,2
,מירב,2013,2
,מירון,2013,14
,מיתר,2013,184
,מכמנים,2013,13
,מכר,2013,22
,מלאה,2013,2
,מלילות,2013,7
,מנוף,2013,2
,מנות,2013,7
,מסד,2013,7
,מסילות,2013,1
,מסילת ציון,2013,2
,מסעדה,2013,1
,מעגלים,2013,9
,מעונה,2013,2
,מעיליא,2013,103
,מעלה גלבוע,2013,2
,מעלה החמישה,2013,1
,מעלה עירון,2013,2
,מעלות-תרשיחא,2013,233
,מצובה,2013,13
,"מצפה אבי""ב",2013,11
,מצפה רמון,2013,89
,מרום גולן,2013,2
,מרחב עם,2013,2
,משגב,2013,7
,משמר הנגב,2013,11
,משמר העמק,2013,121
,נאות גולן,2013,5
,נבטים,2013,19
,נוב,2013,2
,נוה,2013,7
,נווה אור,2013,2
,"נווה אטי""ב",2013,1
,נווה אילן,2013,2
,נווה איתן,2013,37
,נווה זוהר,2013,6
,נווה זיו,2013,7
,נווה מיכאל,2013,6
,נורית,2013,30
,נחושה,2013,1
,נחלה,2013,2
,נחם,2013,12
,נחף,2013,78
,נטועה,2013,4
,ניצני סיני,2013,1
,ניר דוד )תל עמל(,2013,4
,ניר יפה,2013,3
,ניר משה,2013,3
,נס הרים,2013,5
,נס עמים,2013,33
,נצרת,2013,295
,"נתיב הל""ה",2013,19
,סאג'ור,2013,42
,סח'נין,2013,201
,סלמה,2013,18
,סנסנה*,2013,1
,ספיר,2013,4
,עבדון,2013,3
,עגור,2013,1
,עומר,2013,101
,עידן,2013,1
,עין איברהים,2013,15
,עין אל-אסד,2013,1
,עין גב,2013,6
,עין גדי,2013,28
,עין הבשור,2013,2
,עין המפרץ,2013,17
,עין זיוון,2013,1
,עין יהב,2013,6
,עין יעקב,2013,16
,"עין כרם-בי""ס חקלאי",2013,30
,עין נקובא,2013,13
,עין תמר,2013,3
,עמינדב,2013,2
,עמקה,2013,3
,עצמון שגב,2013,5
,עראבה,2013,147
,עראמשה,2013,3
,ערערה,2013,61
,פדויים,2013,4
,פטיש,2013,3
,פסוטה,2013,51
,"פעמי תש""ז",2013,4
,פקיעין )בוקייעה(,2013,27
,פרזון,2013,2
,צביה,2013,12
,צהל,2013,50
,צוחר,2013,1
,צופר,2013,2
,צוקים,2013,1
,צור הדסה,2013,85
,צורית,2013,8
,צפרירים,2013,2
,קדמת צבי,2013,3
,קורנית,2013,3
,קלחים,2013,3
,קציר,2013,5
,קצרין,2013,105
,קריית טבעון,2013,317
,קריית יערים,2013,29
,קרית יערים)מוסד(,2013,20
,קשת,2013,1
,ראמה,2013,51
,רביבים,2013,14
,רגבה,2013,24
,רהט,2013,38
,רוויה,2013,3
,רוחמה,2013,127
,רם-און,2013,6
,רמות,2013,5
,רמת חובב,2013,5
,רמת מגשימים,2013,3
,רמת רחל,2013,1
,רנן,2013,5
,רקפת,2013,3
,רשפים,2013,121
,רתמים,2013,2
,שבי ציון,2013,89
,שגב-שלום,2013,120
,שדה בוקר,2013,9
,שדה דוד,2013,10
,שדה יואב,2013,3
,שדה משה,2013,10
,שדה נחום,2013,28
,שדה צבי,2013,8
,שדי תרומות,2013,2
,שואבה,2013,1
,שובל,2013,31
,שורש,2013,13
,שורשים,2013,6
,שזור,2013,1
,שייח' דנון,2013,18
,שלומי,2013,106
,שמרת,2013,221
,שמשית,2013,15
,שני,2013,1
,שעב,2013,115
,שעל,2013,3
,שריגים )לי-און(,2013,10
,שרשרת,2013,2
,שתולה,2013,4
,תדהר,2013,3
,תובל,2013,12
,תירוש,2013,2
,תל שבע,2013,1
,תל תאומים,2013,1
,"תלמי ביל""ו",2013,3
,תמרת,2013,5
,תקומה,2013,2
,אבטין,2013,6
,אביאל,2013,6
,אור עקיבא,2013,362
,אושה,2013,10
,איילת השחר,2013,16
,אילניה,2013,8
,אכסאל,2013,67
,אלומות,2013,6
,אלוני אבא,2013,3
,אלונים,2013,1
,אליפלט,2013,8
,אלמגור,2013,3
,אמירים,2013,4
,אמנון,2013,1
,אעבלין,2013,191
,אפיקים,2013,1
,אפק,2013,6
,אשדות יעקב )איחוד(,2013,6
,אשדות יעקב )מאוחד(,2013,4
,בועיינה-נוג'ידאת,2013,42
,ביר אל-מכסור,2013,11
,ביריה,2013,4
,בית אורן,2013,1
,בית הלל,2013,1
,בית לחם הגלילית,2013,2
,בית רימון,2013,4
,בית שערים,2013,1
,בלפוריה,2013,19
,בנימינה-גבעת עדה,2013,132
,בסמת טבעון,2013,12
,בר יוחאי,2013,5
,בת שלמה,2013,13
,ג'ש )גוש חלב(,2013,60
,גבע כרמל,2013,11
,גבעת אבני,2013,7
,גבעת עדה,2013,74
,גבת,2013,2
,גינוסר,2013,8
,גיניגר,2013,1
,דאלית אל-כרמל,2013,214
,דבוריה,2013,65
,דגניה א',2013,1
,"דוב""ב",2013,1
,דור,2013,1
,דחי,2013,3
,דלתון,2013,2
,דן,2013,6
,דפנה,2013,27
,האון,2013,1
,הבונים,2013,2
,הגושרים,2013,2
,הזורע,2013,3
,החותרים,2013,51
,היוגב,2013,7
,הסוללים,2013,5
,זובידאת )שבט(,2013,2
,זכרון יעקב,2013,468
,זרזיר,2013,38
,חולתה,2013,34
,חוקוק,2013,2
,חזון,2013,1
,חצור הגלילית,2013,81
,חרוצים,2013,2
,טובא-זנגריה,2013,23
,טורעאן,2013,74
,טירת כרמל,2013,491
,טמרה )יזרעאל(,2013,5
,טפחות,2013,2
,יבנאל,2013,97
,יובל,2013,1
,יסוד המעלה,2013,22
,יפיע,2013,82
,יפעת,2013,36
,יפתח,2013,12
,יקנעם )מושבה(,2013,26
,יקנעם עילית,2013,478
,כורזים,2013,3
,כחל,2013,8
,כנרת )מושבה(,2013,14
,כפר ביאליק,2013,10
,כפר בלום,2013,58
,כפר ברוך,2013,3
,כפר גדעון,2013,2
,כפר הנשיא,2013,13
,כפר זיתים,2013,4
,כפר חושן,2013,3
,כפר חיטים,2013,14
,כפר חסידים א',2013,2
,כפר חסידים ב',2013,4
,כפר יהושע,2013,9
,כפר כמא,2013,6
,כפר כנא,2013,87
,כפר סאלד,2013,11
,כפר פינס,2013,1
,כפר קיש,2013,9
,כפר קרע,2013,30
,כפר שמאי,2013,1
,כרכום,2013,2
,כרם בן זמרה,2013,1
,"כרם מהר""ל",2013,2
,לביא,2013,11
,לבנים,2013,1
,להבות הבשן,2013,1
,מ. א. הגליל התחתון,2013,2
,מ. א. מרום הגליל,2013,5
,מגאר,2013,149
,מגדים,2013,12
,מגדל,2013,89
,מדרך עוז,2013,3
,מזרע,2013,1
,מחניים,2013,27
,מטולה,2013,19
,מלכיה,2013,1
,מנחמיה,2013,7
,מעין ברוך,2013,5
,מעין צבי,2013,5
,מצפה,2013,10
,מצפה נטופה,2013,1
,מרחביה )מושב(,2013,27
,מרחביה )קיבוץ(,2013,1
,משגב עם,2013,3
,משהד,2013,41
,משמר הירדן,2013,35
,נאות מרדכי,2013,11
,נאעורה,2013,10
,נהלל,2013,4
,נופית,2013,22
,ניין,2013,11
,סולם,2013,7
,עארה,2013,5
,עדי,2013,85
,עוזייר,2013,1
,עופר,2013,1
,עיילבון,2013,49
,עילוט,2013,32
,עין איילה,2013,11
,עין דור,2013,75
,עין הוד,2013,5
,עין כרמל,2013,126
,עין מאהל,2013,65
,עין עירון,2013,5
,עמיעד,2013,1
,עמיקם,2013,5
,עספיא,2013,163
,ערערה-בנגב,2013,1
,עתלית,2013,198
,פוריה - כפר עבודה,2013,8
,פוריה - נווה עובד,2013,11
,פוריה עילית,2013,16
,פוריידיס,2013,17
,פרוד,2013,11
,ציפורי,2013,10
,צמח,2013,1
,צפת,2013,451
,צרופה,2013,4
,קדרים,2013,4
,קיסריה,2013,45
,קריית שמונה,2013,260
,קרית חיים,2013,488
,ראש פינה,2013,137
,רגבים,2013,4
,רומאנה,2013,8
,רומת הייב,2013,4
,ריחאניה,2013,10
,ריינה,2013,162
,רכסים,2013,116
,רמות מנשה,2013,1
,רמת השופט,2013,9
,רמת ישי,2013,121
,רמת צבי,2013,6
,שבלי - אום אל-גנם,2013,16
,שדה אליהו,2013,2
,שדה אליעזר,2013,6
,שדה יעקב,2013,7
,שדה נחמיה,2013,20
,שדות ים,2013,53
,שדמות דבורה,2013,5
,שכניה,2013,4
,שמיר,2013,1
,שפר,2013,7
,שפרעם,2013,226
,שרונה,2013,6
,תל עדשים,2013,15
,*קדימה-צורן*,2013,1
,אביחיל,2013,10
,אבן יהודה,2013,189
,אזור,2013,194
,אחיטוב,2013,7
,אחיסמך,2013,2
,אחיעזר,2013,5
,איבתאן,2013,15
,אייל,2013,34
,אליכין,2013,23
,אלישיב,2013,1
,אלישמע,2013,2
,אלעד,2013,382
,באקה אל-גרביה,2013,102
,בארות יצחק,2013,1
,בארותיים,2013,2
,בורגתה,2013,4
,בחן,2013,19
,ביר א סכה,2013,5
,בית אלעזרי,2013,4
,בית דגן,2013,47
,בית חלקיה,2013,20
,בית חנניה,2013,5
,בית חשמונאי,2013,19
,בית יהושע,2013,8
,בית ינאי,2013,3
,בית יצחק-שער חפר,2013,28
,בית נחמיה,2013,3
,בית עוזיאל,2013,1
,בית עזרא,2013,2
,בית עמרא,2013,14
,בית עריף,2013,2
,ביתן אהרן,2013,7
,בן זכאי,2013,2
,בן שמן )מושב(,2013,11
,בני דרור,2013,6
,בני עטרות,2013,2
,בני ציון,2013,2
,בני ראם,2013,5
,בניה,2013,1
,בצרה,2013,10
,בקוע,2013,1
,ברקת,2013,119
,בת חפר,2013,52
,ג'לג'וליה,2013,9
,ג'סר א-זרקא,2013,12
,ג'ת,2013,69
,גאולים,2013,7
,גבעת ברנר,2013,20
,גבעת חיים )איחוד(,2013,42
,גבעת חיים )מאוחד(,2013,1
,"גבעת כ""ח",2013,2
,גבעת שמואל,2013,272
,גבעת שפירא,2013,2
,גזר,2013,59
,גיזו,2013,1
,גינתון,2013,2
,גליל ים,2013,7
,גן השומרון,2013,8
,גן חיים,2013,6
,גן יאשיה,2013,2
,גן שמואל,2013,2
,גני הדר,2013,18
,גני טל,2013,1
,גני יהודה,2013,3
,גני יוחנן,2013,8
,גני עם,2013,5
,גני תקווה,2013,301
,געש,2013,16
,המעפיל,2013,1
,העוגן,2013,18
,הרדוף,2013,3
,זיתן,2013,1
,זמר,2013,3
,ח'ואלד )שבט(,2013,7
,חבצלת השרון,2013,2
,חג'אג'רה*,2013,1
,חגור,2013,5
,חגלה,2013,8
,חדיד,2013,5
,חופית,2013,14
,חירות,2013,5
,חלף,2013,2
,חמד,2013,14
,חניאל,2013,1
,חפץ חיים,2013,23
,חרב לאת,2013,18
,טירה,2013,70
,טירת יהודה,2013,8
,יגל,2013,1
,יד בנימין,2013,11
,יד חנה,2013,12
,"יד רמב""ם",2013,6
,יהוד,2013,659
,ימא,2013,9
,ינוב,2013,5
,יציץ,2013,2
,ירחיב,2013,2
,ירקונה,2013,2
,ישרש,2013,4
,כוכב יאיר,2013,30
,כעביה-טבאש-חג'אג'רה,2013,3
,כפר אביב,2013,2
,"כפר אז""ר",2013,32
,"כפר ביל""ו",2013,18
,כפר בן נון,2013,3
,כפר ברא,2013,29
,כפר המכבי,2013,3
,"כפר הרא""ה",2013,4
,כפר ויתקין,2013,9
,"כפר חב""ד",2013,10
,כפר חיים,2013,1
,כפר טרומן,2013,7
,כפר ידידיה,2013,6
,כפר יונה,2013,378
,כפר יעבץ,2013,6
,כפר מונש,2013,4
,"כפר מל""ל",2013,3
,כפר מרדכי,2013,1
,כפר נטר,2013,4
,כפר קאסם,2013,108
,כפר רות,2013,1
,כפר שמואל,2013,1
,כפר שמריהו,2013,34
,כרמי יוסף,2013,12
,לפיד,2013,11
,מ. א. באר טוביה,2013,14
,מ. א. חבל יבנה,2013,4
,מאור,2013,6
,מגשימים,2013,2
,מזור,2013,7
,מזכרת בתיה,2013,268
,מייסר,2013,4
,מישר,2013,1
,מכבים-רעות,2013,54
,מכמורת,2013,8
,מענית,2013,8
,מעש,2013,2
,מצליח,2013,276
,מצר,2013,1
,מרגה,2013,4
,משגב דב,2013,2
,משמר איילון,2013,3
,משמר דוד,2013,8
,משמר השבעה,2013,5
,משמר השרון,2013,1
,משמרות,2013,31
,משמרת,2013,3
,מתן,2013,17
,נווה אפרים,2013,15
,נווה ימין,2013,4
,נווה ירק,2013,3
,נוף איילון,2013,3
,נופך,2013,1
,נורדיה,2013,35
,נחלים,2013,188
,נחשונים,2013,1
,ניצני עוז,2013,3
,נצר סרני,2013,122
,סביון*,2013,78
,סתריה,2013,3
,עדנים,2013,13
,עולש,2013,3
,עזריאל,2013,5
,עין ורד,2013,2
,עין שמר,2013,2
,עין שריד,2013,7
,עשרת,2013,21
,פורת,2013,5
,פלמחים,2013,6
,פרדסיה,2013,50
,פתחיה,2013,12
,צופית,2013,5
,צור יגאל,2013,42
,צור יצחק,2013,44
,צור משה,2013,28
,צור נתן,2013,263
,צורן,2013,92
,צלפון,2013,3
,צפריה,2013,4
,קדימה-צורן,2013,173
,קדרון,2013,5
,קלנסווה,2013,184
,קריית עקרון,2013,95
,רינתיה,2013,2
,רמות השבים,2013,24
,רמות מאיר,2013,5
,רמת אפעל,2013,20
,רמת הכובש,2013,2
,רשפון,2013,24
,שדה ורבורג,2013,35
,שדה יצחק,2013,2
,שדי חמד,2013,2
,שדמה,2013,2
,שוהם,2013,222
,שילת,2013,16
,שעלבים,2013,11
,שער אפרים,2013,42
,שפיים,2013,3
,תל יצחק,2013,10
,תל מונד,2013,122
,תלמי אלעזר,2013,16
,תנובות,2013,1
,אביגדור,2013,5
,אבן שמואל,2013,24
,אור הנר,2013,1
,אורה,2013,2
,אורות,2013,3
,אחוזם,2013,4
,איתן,2013,1
,אמונים,2013,15
,אמציה,2013,6
,ארז,2013,2
,באר טוביה,2013,11
,ביצרון,2013,4
,בית חנן,2013,38
,בית עובד,2013,11
,בית שקמה,2013,24
,ביתר עילית,2013,1
,בני דרום,2013,36
,"בני עי""ש",2013,74
,ברור חיל,2013,1
,ברכיה,2013,11
,בת הדר,2013,6
,בת חצור,2013,2
,גבולות,2013,4
,גבים,2013,3
,גבעתי,2013,6
,גברעם,2013,1
,גיאה,2013,3
,גיבתון,2013,5
,גמזו,2013,6
,גן הדרום,2013,4
,גן יבנה,2013,341
,גן שלמה,2013,8
,דורות,2013,57
,דריג'את,2013,5
,הודיה,2013,30
,הר עמשא,2013,2
,הראל,2013,1
,ורדון,2013,1
,זבדיאל,2013,1
,זרחיה,2013,13
,חולדה,2013,3
,חלץ,2013,2
,חצב,2013,8
,יבול,2013,1
,יד מרדכי,2013,1
,יד נתן,2013,10
,ינון,2013,4
,יסודות,2013,19
,כוכב מיכאל,2013,5
,כפר אחים,2013,11
,כפר גבירול,2013,1
,כפר דניאל,2013,2
,כפר הנגיד,2013,1
,כפר ורבורג,2013,5
,כפר מימון,2013,2
,כפר מנחם,2013,3
,כפר סירקין,2013,4
,כרמיה,2013,9
,לכיש,2013,8
,מ. א. ברנר,2013,1
,מ. א. גן רוה,2013,13
,מ. א. חבל מודיעין,2013,2
,מ. א. חוף אשקלון,2013,1
,מ. א. לכיש,2013,1
,מ. א. עמק לוד,2013,1
,מ. א. שער הנגב,2013,1
,מ. א. שפיר,2013,1
,מבקיעים,2013,6
,מכחול,2013,1
,מנוחה,2013,4
,מסלול,2013,10
,מעלה אדומים,2013,1
,מרכז שפירא,2013,4
,משואות יצחק,2013,1
,משען,2013,5
,נגבה,2013,126
,נהורה,2013,12
,נוגה,2013,1
,נחלת יהודה,2013,9
,נטעים,2013,3
,ניצן,2013,25
,ניצנים,2013,82
,ניר בנים,2013,4
,ניר גלים,2013,6
,"ניר ח""ן",2013,6
,ניר ישראל,2013,14
,ניר עם,2013,1
,ניר עקיבא,2013,7
,ניר צבי,2013,5
,נען,2013,1
,סגולה,2013,1
,עזר,2013,3
,עזריה,2013,1
,עין צורים,2013,4
,ערוגות,2013,13
,פדיה,2013,2
,קוממיות,2013,9
,קריית מלאכי,2013,368
,רבדים,2013,6
,שדה עוזיהו,2013,5
,שחר,2013,13
,שלווה,2013,10
,שפיר,2013,10
,שקף,2013,1
,שתולים,2013,11
,תושיה,2013,2
,תימורים,2013,9
,תלמי יחיאל,2013,6
,תלמי יפה,2013,1
,תלמים,2013,4
,,2014,16
,*צוקים*,2014,3
,אבו ג'ווייעד )שבט(,2014,13
,אבו גוש,2014,30
,אבו סנאן,2014,107
,אבטליון,2014,7
,אביעזר,2014,5
,אבירים,2014,1
,אבן מנחם,2014,2
,אבני איתן,2014,1
,אבשלום,2014,3
,אדירים,2014,3
,אדמית,2014,9
,אדרת,2014,6
,אוהד,2014,1
,אום אל-פחם,2014,265
,אומן,2014,4
,אחוזת ברק,2014,4
,אחיהוד,2014,13
,אילון,2014,17
,אלון הגליל,2014,12
,אלוני הבשן,2014,3
,אניעם,2014,4
,ארבל,2014,3
,אשבול,2014,7
,אשחר,2014,37
,אשכולות,2014,1
,אשלים,2014,3
,אשרת,2014,5
,אשתאול,2014,3
,באר אורה,2014,20
,בוסתן הגליל,2014,42
,בטחה,2014,2
,ביאדה,2014,5
,ביר אל-מכסור,2014,43
,ביר הדאג',2014,3
,בית אלפא,2014,8
,בית ג'ן,2014,97
,בית הגדי,2014,8
,בית העמק,2014,3
,בית השיטה,2014,4
,בית יוסף,2014,3
,בית ניר,2014,3
,בית נקופה,2014,11
,בית קמה,2014,2
,בית שאן,2014,262
,ביתר עילית,2014,12
,בן עמי,2014,1
,בני יהודה,2014,11
,"בסמ""ה",2014,5
,בענה,2014,33
,ברוש,2014,2
,ברטעה,2014,3
,ברק,2014,1
,בת שלמה,2014,9
,ג'דיידה-מכר,2014,73
,ג'ולס,2014,72
,גבולות,2014,9
,גבעות בר,2014,11
,גבעת אלה,2014,2
,גבעת יואב,2014,4
,גבעת יערים,2014,23
,גדיידה,2014,15
,גדעונה,2014,4
,גדרה,2014,369
,גורן,2014,3
,גורנות הגליל,2014,2
,גזית,2014,21
,גילון,2014,5
,גילת,2014,14
,גיתה,2014,3
,גלאון,2014,5
,גן נר,2014,37
,געתון,2014,1
,גפן,2014,11
,גשור,2014,29
,גשר,2014,49
,גשר הזיו,2014,5
,גת )קיבוץ(,2014,1
,גת בגליל,2014,13
,דבורה,2014,11
,דבירה,2014,38
,דברת,2014,10
,דייר אל-אסד,2014,28
,דייר חנא,2014,46
,דקל,2014,3
,הושעיה,2014,70
,הילה,2014,4
,הר עמשא,2014,3
,זכריה,2014,2
,זלפה,2014,19
,חבר,2014,60
,חד-נס,2014,13
,חוסן,2014,19
,חורה,2014,5
,חורפיש,2014,38
,חלוץ,2014,6
,חמדיה,2014,4
,חניתה,2014,3
,חנתון,2014,8
,חספין,2014,15
,חפצי-בה,2014,119
,חצבה,2014,1
,חרוצים,2014,7
,חריש,2014,665
,חרשים,2014,13
,טייבה )בעמק(,2014,3
,טירת צבי,2014,5
,טל-אל,2014,10
,טמרה,2014,131
,יאנוח,2014,16
,יאנוח-ג'ת,2014,15
,יהל,2014,10
,יובלים,2014,11
,יונתן,2014,5
,יושיביה,2014,3
,יזרעאל,2014,3
,יחיעם,2014,119
,יסעור,2014,15
,יעד,2014,1
,יערה,2014,6
,ירדנה,2014,2
,ירוחם,2014,175
,ירכא,2014,83
,ישע,2014,3
,כאבול,2014,55
,כאוכב אבו אל-היג'א,2014,14
,כברי,2014,32
,כיסופים,2014,6
,כיסרא,2014,5
,כישור,2014,1
,כליל,2014,4
,כמון,2014,16
,כסרא-סמיע,2014,10
,כפר החורש,2014,166
,כפר המכבי,2014,6
,"כפר הרי""ף",2014,6
,כפר ורדים,2014,41
,כפר חנניה,2014,4
,כפר חרוב,2014,3
,כפר יאסיף,2014,93
,כפר יחזקאל,2014,3
,כפר מנדא,2014,98
,כפר מצר,2014,4
,כפר סמיע,2014,11
,כפר ראש הנקרה,2014,4
,כפר רוזנואלד )זרעית(,2014,2
,כפר רופין,2014,86
,כפר תבור,2014,102
,כרמים,2014,124
,כרמל,2014,1
,לבון,2014,3
,להבים,2014,234
,לוזית,2014,3
,לוחמי הגיטאות,2014,22
,לוטם,2014,10
,לפידות,2014,1
,לקיה,2014,1
,מ. א. בני שמעון,2014,2
,מ. א. בקעת בית שאן,2014,7
,מ. א. מטה יהודה,2014,84
,מ. א. משגב,2014,28
,מ. א. רמת נגב,2014,1
,מ. א. תמר,2014,1
,מבוא ביתר,2014,6
,מבוא חמה,2014,2
,מבועים,2014,7
,מבשרת ציון,2014,200
,מג'דל שמס,2014,1
,מג`ד אל-כרום,2014,126
,מגדל העמק,2014,346
,מגידו,2014,3
,מגן שאול,2014,5
,מדרשת בן גוריון,2014,6
,מולדת,2014,18
,מועאוויה,2014,24
,מוצא תחתית,2014,23
,מוקייבלה,2014,14
,מורן,2014,14
,מורשת,2014,4
,מושיירפה,2014,11
,מזרע,2014,16
,מזרעה,2014,23
,מחנה גבעת חנניה,2014,2
,מטע,2014,3
,מי עמי,2014,16
,מירב,2014,2
,מירון,2014,20
,מיתר,2014,284
,מכמנים,2014,1
,מכר,2014,32
,מלילות,2014,3
,מנוף,2014,3
,מנות,2014,5
,מסד,2014,21
,מסילת ציון,2014,1
,מעגלים,2014,6
,מעונה,2014,3
,מעיליא,2014,83
,מעלה גלבוע,2014,2
,מעלה החמישה,2014,7
,מעלה עירון,2014,2
,מעלות-תרשיחא,2014,213
,מצדות יהודה,2014,1
,מצובה,2014,8
,"מצפה אבי""ב",2014,5
,מצפה רמון,2014,80
,מרחב עם,2014,2
,משגב,2014,6
,משמר הנגב,2014,2
,משמר העמק,2014,21
,מתת,2014,4
,נאות גולן,2014,2
,נבטים,2014,15
,נווה אילן,2014,20
,נווה איתן,2014,1
,נווה זוהר,2014,28
,נווה זיו,2014,4
,נווה מיכאל,2014,2
,נורית,2014,6
,נחושה,2014,1
,נחלה,2014,10
,נחם,2014,8
,נחף,2014,111
,נטועה,2014,2
,נטור,2014,1
,נטף,2014,1
,ניצני סיני,2014,1
,ניר יפה,2014,9
,ניר משה,2014,1
,נס הרים,2014,5
,נס עמים,2014,26
,נצרת,2014,347
,"נתיב הל""ה",2014,5
,סאג'ור,2014,38
,סאלם,2014,1
,סדום,2014,1
,סח'נין,2014,316
,סלמה,2014,13
,סמר,2014,2
,ספיר,2014,3
,עבדון,2014,1
,עגור,2014,1
,עומר,2014,144
,עיינות,2014,1
,עילוט,2014,50
,עין א-סהלה,2014,1
,עין איברהים,2014,7
,עין אל-אסד,2014,1
,עין גדי,2014,5
,עין המפרץ,2014,27
,עין זיוון,2014,27
,עין יהב,2014,2
,עין יעקב,2014,5
,"עין כרם-בי""ס חקלאי",2014,87
,עין נקובא,2014,7
,עין קנייא,2014,4
,עמינדב,2014,2
,עמקה,2014,1
,עראבה,2014,151
,עראמשה,2014,2
,ערערה-בנגב,2014,3
,פארק תעשיות עמק חפר,2014,1
,פדויים,2014,8
,פוריידיס,2014,9
,פסוטה,2014,51
,"פעמי תש""ז",2014,1
,פקיעין )בוקייעה(,2014,24
,פקיעין חדשה,2014,1
,פרזון,2014,1
,צביה,2014,1
,צהל,2014,71
,צוחר,2014,3
,צוקים,2014,1
,צור הדסה,2014,113
,צורית,2014,5
,צנדלה,2014,3
,צפרירים,2014,3
,קדמת צבי,2014,3
,קורנית,2014,31
,קלחים,2014,6
,קלע,2014,3
,קציר,2014,5
,קצרין,2014,143
,קריית יערים,2014,28
,קריית ענבים,2014,11
,קרית יערים)מוסד(,2014,1
,קשת,2014,4
,ראמה,2014,79
,רביבים,2014,10
,רגבה,2014,8
,רהט,2014,57
,רוויה,2014,1
,רוחמה,2014,2
,רחוב,2014,6
,רם-און,2014,5
,רמות,2014,4
,רמת חובב,2014,4
,רמת מגשימים,2014,1
,רמת רזיאל,2014,1
,רנן,2014,6
,רקפת,2014,5
,רשפים,2014,36
,שבי ציון,2014,24
,שגב-שלום,2014,39
,שדה אליהו,2014,1
,שדה בוקר,2014,9
,שדה דוד,2014,43
,שדה משה,2014,3
,שדה נחום,2014,30
,שדה צבי,2014,3
,שדי תרומות,2014,3
,שואבה,2014,1
,שובל,2014,103
,שורש,2014,20
,שיבולים,2014,2
,שייח' דנון,2014,9
,שכניה,2014,33
,שלומי,2014,150
,שמרת,2014,91
,שמשית,2014,12
,שעב,2014,47
,שעל,2014,2
,שריגים )לי-און(,2014,4
,שרשרת,2014,10
,תאשור,2014,1
,תדהר,2014,4
,תובל,2014,4
,תמרת,2014,4
,תקומה,2014,1
,תרום,2014,1
,אבטין,2014,6
,אביאל,2014,10
,אום אל-גנם,2014,1
,אור הגנוז,2014,1
,אור עקיבא,2014,328
,אושה,2014,6
,איילת השחר,2014,17
,אילניה,2014,22
,אכסאל,2014,52
,אלומות,2014,12
,אליפלט,2014,3
,אלמגור,2014,2
,אמירים,2014,1
,אעבלין,2014,236
,אפק,2014,5
,אשדות יעקב )איחוד(,2014,26
,אשדות יעקב )מאוחד(,2014,10
,בועיינה-נוג'ידאת,2014,19
,ביריה,2014,8
,בית הלל,2014,2
,בית זרע,2014,1
,בית לחם הגלילית,2014,7
,בית קשת,2014,3
,בית רימון,2014,2
,בית שערים,2014,1
,בלפוריה,2014,6
,בנימינה-גבעת עדה,2014,142
,בסמת טבעון,2014,21
,בר יוחאי,2014,7
,ברקאי,2014,4
,ג'ש )גוש חלב(,2014,31
,גבע כרמל,2014,13
,גבעת אבני,2014,7
,"גבעת ניל""י",2014,6
,גבעת עדה,2014,78
,גבת,2014,1
,גדות,2014,17
,גונן,2014,87
,דאלית אל-כרמל,2014,278
,דבוריה,2014,44
,דגניה ב',2014,3
,"דוב""ב",2014,3
,דור,2014,3
,דחי,2014,1
,דלתון,2014,4
,דן,2014,15
,דפנה,2014,6
,הבונים,2014,1
,הגושרים,2014,8
,הזורעים,2014,5
,החותרים,2014,87
,היוגב,2014,2
,הסוללים,2014,3
,זובידאת )שבט(,2014,1
,זכרון יעקב,2014,321
,זרזיר,2014,28
,חולתה,2014,3
,חוקוק,2014,4
,חמאם,2014,2
,חצור הגלילית,2014,164
,טובא-זנגריה,2014,6
,טורעאן,2014,107
,טירת כרמל,2014,590
,טפחות,2014,3
,יבנאל,2014,90
,יובל,2014,1
,יסוד המעלה,2014,26
,יפיע,2014,91
,יפתח,2014,8
,יקנעם )מושבה(,2014,12
,יקנעם עילית,2014,380
,כחל,2014,3
,כנרת )מושבה(,2014,22
,כעביה-טבאש-חג'אג'רה,2014,8
,כפר ביאליק,2014,15
,כפר בלום,2014,24
,כפר ברוך,2014,1
,כפר גדעון,2014,5
,כפר גליקסון,2014,2
,כפר גלעדי,2014,16
,כפר הנשיא,2014,118
,כפר זיתים,2014,1
,כפר חושן,2014,2
,כפר חיטים,2014,7
,כפר יהושע,2014,21
,כפר כמא,2014,22
,כפר כנא,2014,99
,כפר סאלד,2014,1
,כפר פינס,2014,7
,כפר קיש,2014,10
,כפר קרע,2014,22
,כפר שמאי,2014,2
,"כרם מהר""ל",2014,8
,לביא,2014,9
,לבנים,2014,2
,להבות הבשן,2014,76
,מ. א. הגליל העליון,2014,6
,מ. א. מרום הגליל,2014,2
,מגאר,2014,155
,מגדים,2014,6
,מגדל,2014,103
,מדרך עוז,2014,1
,מחניים,2014,17
,מטולה,2014,19
,מנחמיה,2014,7
,מסדה,2014,8
,מעין ברוך,2014,23
,מצפה,2014,2
,מצפה נטופה,2014,1
,מרחביה )מושב(,2014,13
,משגב עם,2014,3
,משהד,2014,50
,משמר הירדן,2014,14
,נאות מרדכי,2014,10
,נאעורה,2014,6
,נהלל,2014,26
,נופית,2014,8
,נחשולים,2014,10
,ניין,2014,30
,ניר עציון,2014,1
,סולם,2014,5
,עארה,2014,7
,עדי,2014,9
,עוזייר,2014,2
,עופר,2014,7
,עיילבון,2014,47
,עין איילה,2014,10
,עין דור,2014,7
,עין הוד,2014,2
,עין העמק,2014,2
,עין זיתים,2014,2
,עין כרמל,2014,61
,עין מאהל,2014,97
,עכברה,2014,26
,עמיעד,2014,9
,עמיקם,2014,11
,עספיא,2014,141
,ערערה,2014,80
,עתלית,2014,158
,פוריה - כפר עבודה,2014,8
,פוריה - נווה עובד,2014,20
,פוריה עילית,2014,49
,פרוד,2014,24
,צבעון,2014,17
,ציפורי,2014,10
,צפת,2014,462
,צרופה,2014,1
,קדרים,2014,3
,קיסריה,2014,125
,קריית טבעון,2014,254
,קריית שמונה,2014,296
,קרית חיים,2014,419
,ראש פינה,2014,51
,רגבים,2014,5
,רומאנה,2014,3
,ריחאניה,2014,8
,ריינה,2014,152
,רכסים,2014,106
,רמת השופט,2014,2
,רמת יוחנן,2014,1
,רמת ישי,2014,110
,רמת צבי,2014,51
,שאר ישוב,2014,5
,שבלי - אום אל-גנם,2014,37
,שדה אילן,2014,1
,שדה אליעזר,2014,7
,שדה יעקב,2014,4
,שדה נחמיה,2014,1
,שדות ים,2014,55
,שדמות דבורה,2014,4
,שניר,2014,7
,שער הגולן,2014,1
,שפר,2014,2
,שפרעם,2014,224
,שרונה,2014,2
,שריד,2014,4
,תל עדשים,2014,10
,תל קציר,2014,1
,אביחיל,2014,5
,אבן יהודה,2014,198
,אודים,2014,10
,אומץ,2014,2
,אזור,2014,204
,אחיטוב,2014,4
,אחיסמך,2014,5
,אחיעזר,2014,2
,איבתאן,2014,11
,אייל,2014,3
,אליכין,2014,11
,אלישיב,2014,2
,אלישמע,2014,1
,אלעד,2014,370
,באקה אל-גרביה,2014,107
,בארות יצחק,2014,3
,בורגתה,2014,1
,בחן,2014,10
,ביר א סכה,2014,4
,בית אלעזרי,2014,9
,בית גמליאל,2014,3
,בית דגן,2014,52
,בית חירות,2014,1
,בית חלקיה,2014,15
,בית חנניה,2014,5
,בית חשמונאי,2014,14
,בית יהושע,2014,5
,בית ינאי,2014,1
,בית יצחק-שער חפר,2014,24
,בית נחמיה,2014,1
,בית עוזיאל,2014,6
,בית עזרא,2014,3
,בית עמרא,2014,10
,ביתן אהרן,2014,6
,בן זכאי,2014,1
,בן שמן )מושב(,2014,2
,בני דרור,2014,18
,בני עטרות,2014,1
,בני ציון,2014,10
,בני ראם,2014,2
,בניה,2014,3
,בצרה,2014,26
,ברקת,2014,18
,בת חפר,2014,44
,ג'לג'וליה,2014,8
,ג'סר א-זרקא,2014,23
,ג'ת,2014,48
,גבעת ברנר,2014,16
,"גבעת ח""ן",2014,1
,גבעת חיים )איחוד(,2014,8
,גבעת חיים )מאוחד(,2014,8
,"גבעת כ""ח",2014,1
,גבעת שמואל,2014,274
,גבעת שפירא,2014,3
,גזר,2014,34
,גינתון,2014,2
,גליל ים,2014,13
,גמזו,2014,3
,גן השומרון,2014,10
,גן חיים,2014,4
,גן יאשיה,2014,6
,גן שמואל,2014,1
,גנות,2014,2
,גנות הדר,2014,3
,גני הדר,2014,22
,גני יוחנן,2014,9
,גני עם,2014,3
,גני תקווה,2014,264
,געש,2014,6
,גת רימון,2014,4
,העוגן,2014,15
,הרדוף,2014,3
,זיתן,2014,1
,זמר,2014,4
,ח'ואלד )שבט(,2014,9
,חבצלת השרון,2014,15
,חג'אג'רה*,2014,8
,חגור,2014,1
,חגלה,2014,2
,חופית,2014,10
,חיבת ציון,2014,21
,חירות,2014,12
,חמד,2014,7
,חניאל,2014,1
,חפץ חיים,2014,3
,חרב לאת,2014,11
,טייבה,2014,198
,טירה,2014,94
,טירת יהודה,2014,3
,יגל,2014,2
,יד בנימין,2014,4
,יד חנה,2014,12
,"יד רמב""ם",2014,1
,יהוד,2014,509
,יהוד-מונוסון,2014,3
,ימא,2014,9
,ינוב,2014,52
,ירחיב,2014,4
,ישרש,2014,3
,כוכב יאיר,2014,31
,כנות,2014,3
,כפר אביב,2014,3
,"כפר אז""ר",2014,16
,"כפר ביל""ו",2014,6
,כפר בן נון,2014,3
,כפר ברא,2014,36
,כפר הס,2014,6
,"כפר הרא""ה",2014,6
,כפר ויתקין,2014,17
,"כפר חב""ד",2014,11
,כפר טרומן,2014,2
,כפר ידידיה,2014,3
,כפר יונה,2014,359
,כפר יעבץ,2014,3
,כפר מונש,2014,16
,"כפר מל""ל",2014,2
,כפר מרדכי,2014,8
,כפר נטר,2014,4
,כפר קאסם,2014,139
,כפר רות,2014,1
,כפר שמואל,2014,1
,כפר שמריהו,2014,35
,כרמי יוסף,2014,7
,לפיד,2014,28
,מאור,2014,5
,מגל,2014,3
,מגשימים,2014,7
,מזור,2014,3
,מזכרת בתיה,2014,256
,מייסר,2014,4
,מישר,2014,3
,מכבים-רעות,2014,60
,מכמורת,2014,16
,מענית,2014,2
,מעש,2014,8
,מצליח,2014,121
,מרגה,2014,2
,משגב דב,2014,2
,משמר איילון,2014,1
,משמר דוד,2014,3
,משמר השבעה,2014,14
,משמר השרון,2014,1
,משמרות,2014,6
,משמרת,2014,4
,מתן,2014,18
,נווה אפרים,2014,15
,נווה ימין,2014,1
,נווה ירק,2014,1
,נווה מבטח,2014,4
,נוף איילון,2014,3
,נורדיה,2014,26
,נחלים,2014,166
,נחשון,2014,116
,ניצני עוז,2014,4
,ניר צבי,2014,7
,נירית,2014,4
,נצר סרני,2014,92
,סביון*,2014,47
,סתריה,2014,2
,עדנים,2014,22
,עולש,2014,18
,עין ורד,2014,8
,עין שמר,2014,2
,עין שריד,2014,19
,עשרת,2014,10
,פלמחים,2014,1
,פרדסיה,2014,47
,פתחיה,2014,15
,צופית,2014,6
,צור יגאל,2014,53
,צור יצחק,2014,41
,צור משה,2014,10
,צור נתן,2014,187
,צורן,2014,79
,צפריה,2014,7
,קדימה-צורן,2014,128
,קדרון,2014,6
,קלנסווה,2014,158
,קריית עקרון,2014,87
,ראס עלי,2014,2
,רינתיה,2014,2
,רמות השבים,2014,10
,רמות מאיר,2014,1
,רמת אפעל,2014,27
,רשפון,2014,38
,שדה ורבורג,2014,23
,שדה יצחק,2014,1
,שדי חמד,2014,3
,שדמה,2014,3
,שוהם,2014,214
,שילת,2014,14
,שעלבים,2014,7
,שער אפרים,2014,37
,שפיים,2014,7
,תל יצחק,2014,4
,תל מונד,2014,275
,תלמי אלעזר,2014,2
,תנובות,2014,3
,אביגדור,2014,7
,אבן שמואל,2014,57
,אור הנר,2014,2
,אורה,2014,2
,אורות,2014,2
,אחווה,2014,1
,אחוזם,2014,1
,אירוס,2014,8
,אמונים,2014,2
,אמציה,2014,1
,באר טוביה,2014,74
,ביצרון,2014,1
,בית זית,2014,1
,בית חנן,2014,35
,בית עובד,2014,2
,בית שקמה,2014,1
,בני דרום,2014,2
,"בני עי""ש",2014,60
,ברכיה,2014,3
,בת הדר,2014,9
,גאליה,2014,2
,גבים,2014,2
,גבעולים,2014,5
,גבעת השלושה,2014,1
,גבעתי,2014,4
,גברעם,2014,91
,גיאה,2014,3
,גיבתון,2014,5
,גן הדרום,2014,3
,גן יבנה,2014,315
,גן שורק,2014,1
,גן שלמה,2014,5
,דורות,2014,1
,דריג'את,2014,1
,הודיה,2014,4
,הראל,2014,1
,ורדון,2014,14
,זיקים,2014,3
,חולדה,2014,4
,חלץ,2014,1
,חצב,2014,3
,יבול,2014,1
,יד מרדכי,2014,3
,יד נתן,2014,7
,יסודות,2014,3
,כוכב מיכאל,2014,1
,כפר אחים,2014,6
,כפר גבירול,2014,4
,כפר ורבורג,2014,3
,כפר מימון,2014,1
,כפר מנחם,2014,4
,כפר סירקין,2014,6
,כפר עזה,2014,4
,כרמיה,2014,8
,לכיש,2014,3
,מ. א. גזר,2014,3
,מ. א. גן רוה,2014,3
,מ. א. חבל יבנה,2014,6
,מ. א. לכיש,2014,1
,מ. א. עמק לוד,2014,2
,מ. א. שפיר,2014,2
,מבקיעים,2014,9
,מוצא עילית,2014,1
,מסלול,2014,2
,מרכז שפירא,2014,9
,משען,2014,1
,נגבה,2014,8
,נהורה,2014,4
,נוגה,2014,2
,נווה שלום,2014,1
,נחלת יהודה,2014,45
,נטעים,2014,8
,ניסנית,2014,1
,ניצן,2014,6
,ניצנים,2014,19
,ניר בנים,2014,3
,ניר גלים,2014,43
,"ניר ח""ן",2014,5
,ניר ישראל,2014,5
,ניר עם,2014,10
,ניר עקיבא,2014,5
,נען,2014,1
,סגולה,2014,1
,עוזה,2014,3
,עזר,2014,9
,עזריקם,2014,2
,עין צורים,2014,2
,ערוגות,2014,1
,פדיה,2014,2
,פטיש,2014,4
,צופר,2014,1
,צלפון,2014,1
,קבוצת יבנה,2014,1
,קריית מלאכי,2014,348
,שדה יואב,2014,25
,שדה ניצן,2014,1
,שדה עוזיהו,2014,4
,שחר,2014,7
,שער הנגב,2014,76
,שפיר,2014,16
,שקף,2014,1
,שתולים,2014,2
,תושיה,2014,1
,תימורים,2014,6
,"תלמי ביל""ו",2014,1
,תלמי יחיאל,2014,1
,תלמי יפה,2014,2
,תלמי מנשה,2014,2
,תלמים,2014,5
,*עראבה*,2015,1
,*צוקים*,2015,3
,אבו ג'ווייעד )שבט(,2015,12
,אבו גוש,2015,22
,אבו סנאן,2015,55
,אבו קורינאת )שבט(,2015,2
,אבטליון,2015,14
,אביעזר,2015,5
,אבירים,2015,4
,אבן מנחם,2015,2
,אבן ספיר,2015,4
,אבשלום,2015,7
,אדירים,2015,1
,אדמית,2015,4
,אדרת,2015,10
,אודם,2015,39
,אום אל-גנם,2015,2
,אום אל-פחם,2015,240
,אום בטין,2015,1
,אומן,2015,80
,אחוזת ברק,2015,4
,אחיהוד,2015,6
,אילון,2015,10
,אילות,2015,1
,אלון הגליל,2015,20
,אלוני הבשן,2015,1
,אלי-עד,2015,2
,אניעם,2015,5
,אפיק,2015,13
,אפק,2015,29
,ארבל,2015,2
,אשבול,2015,20
,אשחר,2015,11
,אשלים,2015,6
,אשרת,2015,6
,אשתאול,2015,8
,באר אורה,2015,27
,בוסתן הגליל,2015,50
,בטחה,2015,2
,ביאדה,2015,2
,ביר הדאג',2015,1
,בית ג'ן,2015,112
,בית גוברין,2015,54
,בית הגדי,2015,14
,בית העמק,2015,4
,בית השיטה,2015,9
,בית זית,2015,10
,בית מאיר,2015,10
,בית נקופה,2015,18
,בית קמה,2015,1
,בית שאן,2015,350
,בן עמי,2015,2
,בני יהודה,2015,6
,בני נצרים,2015,1
,"בסמ""ה",2015,3
,בענה,2015,32
,בר גיורא,2015,4
,ברוש,2015,3
,ברטעה,2015,1
,ברק,2015,3
,ג'דיידה-מכר,2015,59
,ג'ולס,2015,155
,גבולות,2015,54
,גבע,2015,1
,גבעות בר,2015,78
,גבעת אלה,2015,6
,גבעת יואב,2015,5
,גבעת יערים,2015,21
,גבעת ישעיהו,2015,2
,גדיידה,2015,16
,גדיש,2015,2
,גדעונה,2015,7
,גדרה,2015,483
,גורן,2015,1
,גזית,2015,2
,גילון,2015,5
,גילת,2015,21
,גיתה,2015,1
,גלאון,2015,12
,גן נר,2015,25
,געתון,2015,3
,גפן,2015,11
,גשור,2015,9
,גשר,2015,11
,גשר הזיו,2015,4
,גת )קיבוץ(,2015,6
,גת בגליל,2015,10
,דבורה,2015,10
,דבירה,2015,1
,דברת,2015,58
,דייר אל-אסד,2015,26
,דייר חנא,2015,44
,דקל,2015,9
,הושעיה,2015,8
,הזורע,2015,2
,הילה,2015,3
,הררית,2015,21
,זכריה,2015,1
,זלפה,2015,13
,זרועה,2015,8
,חבר,2015,64
,חד-נס,2015,12
,חוסן,2015,19
,חורה,2015,5
,חורפיש,2015,21
,חלוץ,2015,1
,חמדיה,2015,4
,חניתה,2015,4
,חנתון,2015,8
,חספין,2015,12
,חפצי-בה,2015,2
,חריש,2015,1076
,חרשים,2015,1
,טייבה )בעמק(,2015,7
,טירת צבי,2015,2
,טל-אל,2015,8
,טללים,2015,9
,טמרה,2015,167
,יאנוח,2015,30
,יאנוח-ג'ת,2015,8
,יהל,2015,7
,יובלים,2015,4
,יודפת,2015,1
,יונתן,2015,1
,יושיביה,2015,2
,יזרעאל,2015,3
,יחיעם,2015,16
,יטבתה,2015,4
,יסעור,2015,7
,יעד,2015,1
,יערה,2015,8
,יפיע,2015,78
,ירדנה,2015,9
,ירוחם,2015,221
,ירכא,2015,52
,ישע,2015,3
,יתד,2015,4
,כאבול,2015,36
,כאוכב אבו אל-היג'א,2015,17
,כברי,2015,9
,כיסופים,2015,3
,כיסרא,2015,7
,כישור,2015,10
,כליל,2015,6
,כמון,2015,8
,כנף,2015,2
,כסרא-סמיע,2015,9
,כפר אל עוברה,2015,3
,כפר החורש,2015,133
,"כפר הרי""ף",2015,5
,כפר ורדים,2015,85
,כפר חנניה,2015,6
,כפר חרוב,2015,3
,כפר יאסיף,2015,99
,כפר יחזקאל,2015,5
,כפר מנדא,2015,111
,כפר סמיע,2015,7
,כפר ראש הנקרה,2015,4
,כפר רופין,2015,18
,כפר תבור,2015,143
,כרם שלום,2015,1
,כרמים,2015,5
,לבון,2015,7
,להב,2015,7
,להבים,2015,287
,לוזית,2015,35
,לוחמי הגיטאות,2015,2
,לוטם,2015,13
,ליבנה,2015,2
,לימן,2015,3
,לפידות,2015,2
,לקיה,2015,5
,מ. א. בקעת בית שאן,2015,11
,מ. א. הגליל העליון,2015,5
,מ. א. מטה יהודה,2015,24
,מ. א. משגב,2015,39
,מ. א. תמר,2015,2
,מבוא ביתר,2015,15
,מבוא חמה,2015,1
,מבועים,2015,7
,מבשרת ציון,2015,205
,מג`ד אל-כרום,2015,115
,מגדל העמק,2015,411
,מגן,2015,1
,מגן שאול,2015,5
,מדרשת בן גוריון,2015,3
,מולדת,2015,20
,מועאוויה,2015,24
,מוצא תחתית,2015,10
,מוצמוץ,2015,1
,מוקייבלה,2015,7
,מורן,2015,7
,מורשת,2015,3
,מושיירפה,2015,15
,מזרע,2015,12
,מזרעה,2015,7
,מחנה גבעת חנניה,2015,4
,מטע,2015,1
,מי עמי,2015,13
,מירון,2015,24
,מיתר,2015,185
,מכמנים,2015,3
,מכר,2015,24
,מלאה,2015,1
,מלילות,2015,8
,מנוחה,2015,8
,מנוף,2015,20
,מנות,2015,1
,מסילות,2015,69
,מסילת ציון,2015,1
,מעגלים,2015,4
,מעיליא,2015,81
,מעלה גלבוע,2015,1
,מעלה גמלא,2015,3
,מעלה החמישה,2015,1
,מעלה עירון,2015,5
,מעלות-תרשיחא,2015,230
,מצובה,2015,9
,"מצפה אבי""ב",2015,5
,מצפה רמון,2015,66
,מרחב עם,2015,4
,משגב,2015,10
,משמר הנגב,2015,1
,משמר העמק,2015,178
,משען,2015,1
,נאות גולן,2015,2
,נאעורה,2015,9
,נבטים,2015,3
,נוב,2015,1
,נווה אור,2015,13
,נווה אילן,2015,6
,נווה זוהר,2015,2
,נווה זיו,2015,5
,נווה מיכאל,2015,2
,נורית,2015,7
,נחם,2015,11
,נחף,2015,75
,נטועה,2015,2
,ניצני סיני,2015,1
,ניר דוד )תל עמל(,2015,10
,ניר יפה,2015,3
,נירים,2015,1
,נס הרים,2015,5
,נס עמים,2015,30
,נצרת,2015,334
,"נתיב הל""ה",2015,8
,נתיב השיירה,2015,3
,סאג'ור,2015,38
,סח'נין,2015,327
,סלמה,2015,5
,סמר,2015,1
,סער,2015,1
,ספיר,2015,3
,עבדון,2015,3
,עברון,2015,1
,עומר,2015,134
,עידן,2015,2
,עין איברהים,2015,5
,עין אל-אסד,2015,1
,עין גב,2015,1
,עין גדי,2015,3
,עין הבשור,2015,1
,עין המפרץ,2015,33
,עין זיוון,2015,3
,עין יהב,2015,11
,עין יעקב,2015,8
,"עין כרם-בי""ס חקלאי",2015,104
,עין נקובא,2015,4
,עין ראפה,2015,1
,עין תמר,2015,1
,עמינדב,2015,8
,עמקה,2015,2
,עצמון שגב,2015,1
,עראבה,2015,168
,ערערה-בנגב,2015,3
,פארן,2015,3
,פדויים,2015,8
,פסוטה,2015,47
,פקיעין )בוקייעה(,2015,50
,פקיעין חדשה,2015,2
,פרוד,2015,20
,פרזון,2015,1
,צביה,2015,5
,צהל,2015,46
,צוחר,2015,4
,צופר,2015,1
,צוקים,2015,1
,צור הדסה,2015,266
,צוריאל,2015,4
,צורית,2015,7
,צנדלה,2015,1
,צפרירים,2015,1
,קדמת צבי,2015,1
,קלע,2015,1
,קציר,2015,10
,קצרין,2015,177
,קריית יערים,2015,100
,קריית ענבים,2015,2
,קרית יערים)מוסד(,2015,1
,קשת,2015,3
,ראמה,2015,71
,רביבים,2015,31
,רגבה,2015,3
,רהט,2015,20
,רוויה,2015,1
,רוחמה,2015,31
,רחוב,2015,5
,רם-און,2015,4
,רמות,2015,2
,רמת חובב,2015,15
,רמת מגשימים,2015,1
,רמת רזיאל,2015,1
,רמת רחל,2015,1
,רנן,2015,9
,רקפת,2015,17
,רשפים,2015,11
,רתמים,2015,1
,שבי ציון,2015,8
,שגב-שלום,2015,59
,שדה בוקר,2015,9
,שדה דוד,2015,39
,שדה משה,2015,6
,שדה נחום,2015,3
,שדה צבי,2015,4
,שדי תרומות,2015,2
,שובל,2015,40
,שומרה,2015,1
,שורש,2015,20
,שורשים,2015,23
,שזור,2015,1
,שיבולים,2015,7
,שייח' דנון,2015,5
,שכניה,2015,7
,שלומי,2015,152
,שמרת,2015,21
,שמשית,2015,18
,שני,2015,1
,שעב,2015,14
,שעל,2015,2
,שריגים )לי-און(,2015,25
,שרשרת,2015,6
,שתולה,2015,2
,תאשור,2015,4
,תדהר,2015,2
,תובל,2015,3
,תומר,2015,1
,תירוש,2015,5
,תל עדשים,2015,31
,תל שבע,2015,2
,תל תאומים,2015,5
,תלם,2015,1
,"תלמי ביל""ו",2015,6
,תקומה,2015,1
,תרום,2015,1
,אבטין,2015,4
,אביאל,2015,5
,אביבים,2015,1
,אור עקיבא,2015,685
,אושה,2015,1
,איילת השחר,2015,15
,אילניה,2015,8
,אכסאל,2015,46
,אלומות,2015,7
,אלוני אבא,2015,4
,אלמגור,2015,2
,אמירים,2015,6
,אמנון,2015,1
,אעבלין,2015,257
,אפיקים,2015,1
,אשדות יעקב )מאוחד(,2015,9
,בועיינה-נוג'ידאת,2015,40
,ביר אל-מכסור,2015,10
,ביריה,2015,2
,בית הלל,2015,1
,בית לחם הגלילית,2015,1
,בית קשת,2015,15
,בית רימון,2015,6
,בית שערים,2015,9
,בלפוריה,2015,43
,בנימינה-גבעת עדה,2015,181
,בסמת טבעון,2015,10
,בר יוחאי,2015,2
,ברקאי,2015,2
,בת שלמה,2015,5
,ג'ש )גוש חלב(,2015,35
,גבע כרמל,2015,4
,גבעת אבני,2015,6
,גבעת עדה,2015,90
,גדות,2015,9
,גונן,2015,11
,גיניגר,2015,61
,דאלית אל-כרמל,2015,315
,דבוריה,2015,47
,"דוב""ב",2015,2
,דור,2015,5
,דלתון,2015,3
,דן,2015,5
,הבונים,2015,8
,הגושרים,2015,1
,הזורעים,2015,2
,החותרים,2015,29
,היוגב,2015,5
,הסוללים,2015,19
,זכרון יעקב,2015,469
,זרזיר,2015,21
,חולתה,2015,6
,חוקוק,2015,3
,חזון,2015,1
,חלף,2015,1
,חמאם,2015,10
,חצור הגלילית,2015,118
,חרוצים,2015,7
,טבעון,2015,1
,טובא-זנגריה,2015,8
,טורעאן,2015,88
,טירת כרמל,2015,928
,טמרה )יזרעאל(,2015,21
,טפחות,2015,2
,יבנאל,2015,100
,יגור,2015,1
,יובל,2015,2
,יסוד המעלה,2015,13
,יפתח,2015,4
,יקנעם )מושבה(,2015,11
,יקנעם עילית,2015,596
,כורזים,2015,4
,כחל,2015,17
,כלנית,2015,2
,כנרת )מושבה(,2015,28
,כפר ביאליק,2015,9
,כפר בלום,2015,43
,כפר ברוך,2015,2
,כפר גליקסון,2015,5
,כפר גלעדי,2015,59
,כפר הנשיא,2015,29
,כפר חיטים,2015,7
,כפר חסידים א',2015,1
,כפר חסידים ב',2015,1
,כפר יהושע,2015,10
,כפר כמא,2015,9
,כפר כנא,2015,106
,כפר סאלד,2015,5
,כפר קיש,2015,7
,כפר קרע,2015,35
,כפר שמאי,2015,3
,כרם בן זמרה,2015,1
,"כרם מהר""ל",2015,6
,לביא,2015,3
,לבנים,2015,4
,להבות הבשן,2015,20
,מ. א. הגליל התחתון,2015,5
,מ. א. מגידו,2015,5
,מ. א. מרום הגליל,2015,4
,מגאר,2015,141
,מגדים,2015,11
,מגדל,2015,131
,מגידו,2015,2
,מדרך עוז,2015,1
,מחניים,2015,2
,מטולה,2015,21
,מלכיה,2015,1
,מנחמיה,2015,14
,מסד,2015,15
,מסדה,2015,2
,מעגן,2015,6
,מעגן מיכאל,2015,3
,מעין ברוך,2015,7
,מצפה,2015,11
,מצפה נטופה,2015,11
,מרחביה )מושב(,2015,106
,מרחביה )קיבוץ(,2015,2
,משגב עם,2015,1
,משהד,2015,34
,משמר הירדן,2015,4
,נאות מרדכי,2015,2
,נהלל,2015,4
,נווה ים,2015,1
,נופית,2015,8
,נחשולים,2015,4
,ניין,2015,46
,ניר עציון,2015,1
,סולם,2015,7
,עארה,2015,5
,עדי,2015,9
,עוזייר,2015,19
,עופר,2015,4
,עיילבון,2015,36
,עילוט,2015,47
,עין איילה,2015,5
,עין דור,2015,6
,עין הוד,2015,4
,עין העמק,2015,7
,עין זיתים,2015,1
,עין כרמל,2015,42
,עין מאהל,2015,83
,עין עירון,2015,1
,עמיעד,2015,6
,עמיקם,2015,1
,עמיר,2015,6
,עספיא,2015,162
,ערערה,2015,58
,עתלית,2015,167
,פוריה - כפר עבודה,2015,3
,פוריה - נווה עובד,2015,56
,פוריה עילית,2015,42
,פוריידיס,2015,104
,צבעון,2015,13
,ציפורי,2015,28
,צמח,2015,2
,צפת,2015,483
,צרופה,2015,5
,קורנית,2015,1
,קיסריה,2015,89
,קריית טבעון,2015,253
,קריית שמונה,2015,315
,קרית חיים,2015,418
,ראש פינה,2015,38
,רגבים,2015,14
,רומאנה,2015,3
,ריחאניה,2015,6
,ריינה,2015,136
,רכסים,2015,149
,רמות מנשה,2015,19
,רמת ישי,2015,128
,רמת צבי,2015,17
,שאר ישוב,2015,1
,שבלי - אום אל-גנם,2015,13
,שדה אילן,2015,2
,שדה אליעזר,2015,8
,שדה יעקב,2015,3
,שדה נחמיה,2015,6
,שדות ים,2015,72
,שדמות דבורה,2015,1
,שמיר,2015,1
,שניר,2015,3
,שער העמקים,2015,5
,שפר,2015,1
,שפרעם,2015,205
,שרונה,2015,11
,שריד,2015,2
,תל קציר,2015,1
,תמרת,2015,7
,,2015,11
,אביחיל,2015,16
,אבן יהודה,2015,239
,אודים,2015,13
,אומץ,2015,4
,אזור,2015,238
,אחיטוב,2015,1
,אחיסמך,2015,47
,אחיעזר,2015,1
,איבתאן,2015,20
,אליכין,2015,38
,אלישמע,2015,4
,אלעד,2015,447
,באקה אל-גרביה,2015,82
,בארותיים,2015,5
,בורגתה,2015,7
,בחן,2015,13
,ביר א סכה,2015,4
,בית אלעזרי,2015,12
,בית גמליאל,2015,3
,בית דג'ן)שכם(,2015,4
,בית דגן,2015,63
,בית חירות,2015,8
,בית חלקיה,2015,9
,בית חנניה,2015,3
,בית חשמונאי,2015,12
,בית יהושע,2015,4
,בית ינאי,2015,2
,בית יצחק-שער חפר,2015,11
,בית נחמיה,2015,3
,בית עוזיאל,2015,3
,בית עזרא,2015,3
,בית עמרא,2015,23
,בית עריף,2015,9
,ביתן אהרן,2015,8
,בן זכאי,2015,2
,בן שמן )מושב(,2015,4
,בני דרור,2015,12
,בני עטרות,2015,2
,בני ציון,2015,6
,בניה,2015,8
,בצרה,2015,32
,ברקת,2015,15
,בת חפר,2015,42
,ג'לג'וליה,2015,11
,ג'סר א-זרקא,2015,27
,ג'ת,2015,78
,גאולים,2015,8
,גבעת ברנר,2015,8
,גבעת חיים )איחוד(,2015,13
,גבעת חיים )מאוחד(,2015,2
,"גבעת כ""ח",2015,2
,גבעת שמואל,2015,320
,גבעת שפירא,2015,5
,גינתון,2015,5
,גליל ים,2015,17
,גמזו,2015,7
,גן השומרון,2015,6
,גן חיים,2015,8
,גן יאשיה,2015,5
,גן שמואל,2015,1
,גנות,2015,4
,גני הדר,2015,15
,גני טל,2015,1
,גני יהודה,2015,3
,גני יוחנן,2015,11
,גני עם,2015,5
,גני תקווה,2015,370
,געש,2015,12
,גת רימון,2015,1
,הדר עם,2015,4
,העוגן,2015,11
,זיתן,2015,4
,זמר,2015,3
,ח'ואלד )שבט(,2015,12
,חבצלת השרון,2015,12
,חג'אג'רה*,2015,6
,חגור,2015,4
,חגלה,2015,1
,חדיד,2015,4
,חופית,2015,19
,חיבת ציון,2015,9
,חירות,2015,12
,חמד,2015,4
,חניאל,2015,3
,חפץ חיים,2015,4
,חרב לאת,2015,20
,טייבה,2015,165
,טירה,2015,83
,טירת יהודה,2015,4
,טל שחר,2015,1
,יגל,2015,3
,יד בנימין,2015,3
,יד חנה,2015,8
,"יד רמב""ם",2015,2
,יהוד,2015,559
,ימא,2015,4
,ינוב,2015,16
,יסודות,2015,8
,יציץ,2015,1
,יקום,2015,4
,ירחיב,2015,12
,ישעי,2015,24
,ישרש,2015,5
,כוכב יאיר,2015,25
,כעביה-טבאש-חג'אג'רה,2015,5
,כפר אביב,2015,2
,כפר אוריה,2015,2
,"כפר אז""ר",2015,15
,"כפר ביל""ו",2015,10
,כפר בן נון,2015,3
,כפר ברא,2015,46
,כפר המכבי,2015,4
,כפר הס,2015,4
,"כפר הרא""ה",2015,15
,כפר ויתקין,2015,8
,"כפר חב""ד",2015,11
,כפר חיים,2015,2
,כפר טרומן,2015,1
,כפר ידידיה,2015,10
,כפר יונה,2015,394
,כפר יעבץ,2015,6
,כפר מונש,2015,6
,"כפר מל""ל",2015,2
,כפר מרדכי,2015,6
,כפר נטר,2015,3
,כפר סילבר,2015,1
,כפר קאסם,2015,116
,כפר רות,2015,2
,כפר שמואל,2015,1
,כפר שמריהו,2015,47
,כרמי יוסף,2015,16
,להבות חביבה,2015,1
,לפיד,2015,34
,מ. א. עמק לוד,2015,12
,מאור,2015,26
,מגל,2015,7
,מגשימים,2015,3
,מזור,2015,8
,מזכרת בתיה,2015,228
,מייסר,2015,6
,מישר,2015,9
,מכבים-רעות,2015,58
,מכמורת,2015,8
,מעין צבי,2015,1
,מענית,2015,22
,מעש,2015,9
,מצליח,2015,198
,מצר,2015,2
,מרגה,2015,9
,משגב דב,2015,3
,משמר איילון,2015,3
,משמר דוד,2015,8
,משמר השבעה,2015,4
,משמר השרון,2015,1
,משמרות,2015,10
,משמרת,2015,5
,מתן,2015,22
,נווה אפרים,2015,11
,נווה ימין,2015,8
,נווה מבטח,2015,3
,נוף איילון,2015,3
,נורדיה,2015,23
,נחלים,2015,182
,נחשון,2015,20
,ניצני עוז,2015,6
,ניר צבי,2015,4
,נירית,2015,5
,נצר סרני,2015,46
,סביון*,2015,88
,סתריה,2015,6
,עדנים,2015,33
,עולש,2015,5
,עזריאל,2015,6
,עין החורש,2015,1
,עין ורד,2015,2
,עין שמר,2015,1
,עין שריד,2015,10
,עמנואל,2015,1
,עשרת,2015,11
,פדיה,2015,4
,פורת,2015,2
,פרדסיה,2015,81
,פתחיה,2015,9
,צופית,2015,5
,צוקי ים,2015,1
,צור יגאל,2015,49
,צור יצחק,2015,91
,צור משה,2015,20
,צור נתן,2015,163
,צורן,2015,93
,צפריה,2015,6
,צרעה,2015,1
,קדימה-צורן,2015,205
,קדרון,2015,7
,קלנסווה,2015,108
,קריית עקרון,2015,88
,ראס עלי,2015,1
,רינתיה,2015,5
,רמות השבים,2015,24
,רמות מאיר,2015,1
,רמת אפעל,2015,41
,רשפון,2015,33
,שדה ורבורג,2015,28
,שדה יצחק,2015,1
,שדי חמד,2015,7
,שדמה,2015,5
,שוהם,2015,272
,שילת,2015,6
,שעלבים,2015,11
,שער אפרים,2015,46
,שער מנשה,2015,1
,שפיים,2015,1
,תל יצחק,2015,2
,תל מונד,2015,194
,תלמי אלעזר,2015,18
,תנובות,2015,3
,אבו קרינאת )יישוב(,2015,1
,אביגדור,2015,5
,אבן שמואל,2015,42
,אור הנר,2015,5
,אחווה,2015,2
,אחוזם,2015,1
,אירוס,2015,20
,אלומה,2015,125
,אמונים,2015,11
,אמציה,2015,39
,ארז,2015,11
,באר טוביה,2015,102
,ביצרון,2015,6
,בית חנן,2015,19
,בית שקמה,2015,6
,ביתר עילית,2015,4
,בני דרום,2015,35
,"בני עי""ש",2015,76
,בני ראם,2015,2
,ברור חיל,2015,24
,ברכיה,2015,2
,בת הדר,2015,18
,בת חצור,2015,1
,גאליה,2015,4
,גבים,2015,11
,גבעת השלושה,2015,116
,גבעתי,2015,3
,גברעם,2015,3
,גזר,2015,10
,גיאה,2015,2
,גיבתון,2015,2
,גן יבנה,2015,384
,גן שורק,2015,1
,גן שלמה,2015,6
,דריג'את,2015,1
,הודיה,2015,16
,ורדון,2015,5
,זבדיאל,2015,17
,זוהר,2015,4
,זיקים,2015,2
,זרחיה,2015,19
,חולדה,2015,5
,חלץ,2015,4
,חצב,2015,8
,יד נתן,2015,8
,ינון,2015,7
,כוכב מיכאל,2015,12
,כפר אחים,2015,6
,כפר גבירול,2015,8
,כפר דניאל,2015,2
,כפר הנגיד,2015,7
,כפר ורבורג,2015,3
,כפר מימון,2015,3
,כפר מנחם,2015,15
,כפר סירקין,2015,13
,כפר עזה,2015,22
,כרמיה,2015,3
,לכיש,2015,50
,מ. א. באר טוביה,2015,2
,מ. א. ברנר,2015,3
,מ. א. גזר,2015,10
,מ. א. גן רוה,2015,8
,מ. א. חבל יבנה,2015,10
,מ. א. לכיש,2015,2
,מבקיעים,2015,5
,מוצא עילית,2015,2
,מכחול,2015,1
,מסלול,2015,7
,מרכז שפירא,2015,9
,משואות יצחק,2015,1
,נגבה,2015,15
,נהורה,2015,17
,נוגה,2015,5
,נווה שלום,2015,2
,נחל עוז,2015,1
,נחלה,2015,3
,נחלת יהודה,2015,39
,נטעים,2015,10
,ניצן,2015,25
,ניצנים,2015,116
,ניר בנים,2015,3
,ניר גלים,2015,14
,"ניר ח""ן",2015,3
,ניר ישראל,2015,5
,ניר עם,2015,10
,ניר עקיבא,2015,4
,נתיב העשרה,2015,1
,סגולה,2015,1
,עוזה,2015,1
,עזר,2015,2
,עזריה,2015,2
,עזריקם,2015,4
,ערוגות,2015,5
,פטיש,2015,1
,צלפון,2015,4
,קוממיות,2015,7
,קלחים,2015,4
,קריית מלאכי,2015,744
,רבדים,2015,2
,רווחה,2015,3
,שדה יואב,2015,40
,שדה עוזיהו,2015,1
,שחר,2015,5
,שער הנגב,2015,3
,שפיר,2015,5
,שקף,2015,2
,שתולים,2015,6
,תושיה,2015,3
,תימורים,2015,4
,תלמי יחיאל,2015,5
,תלמי יפה,2015,9
,תלמי מנשה,2015,1
,תלמים,2015,5
,,2016,20
,*עראבה*,2016,2
,אבו ג'ווייעד )שבט(,2016,45
,אבו גוש,2016,61
,אבו סנאן,2016,58
,אבו קורינאת )שבט(,2016,1
,אבטליון,2016,15
,אביעזר,2016,3
,אבירים,2016,4
,אבן מנחם,2016,4
,אבני איתן,2016,4
,אבשלום,2016,2
,אדמית,2016,1
,אדרת,2016,1
,אוהד,2016,2
,אום אל-פחם,2016,232
,אומן,2016,9
,אור הנר,2016,11
,אורה,2016,9
,אחוזת ברק,2016,7
,אחיהוד,2016,6
,אילון,2016,8
,אילות,2016,1
,אלון הגליל,2016,1
,אניעם,2016,8
,ארבל,2016,4
,אשבול,2016,4
,אשחר,2016,11
,אשלים,2016,5
,אשרת,2016,9
,אשתאול,2016,2
,באר אורה,2016,33
,בוסתן הגליל,2016,61
,בטחה,2016,2
,ביאדה,2016,7
,בית אלפא,2016,133
,בית ג'ן,2016,76
,בית הגדי,2016,4
,בית העמק,2016,4
,בית השיטה,2016,5
,בית זית,2016,4
,בית מאיר,2016,1
,בית ניר,2016,1
,בית נקופה,2016,31
,בית קמה,2016,3
,בית שאן,2016,355
,בני יהודה,2016,8
,בני נצרים,2016,4
,"בסמ""ה",2016,1
,בענה,2016,49
,בצת,2016,3
,בר גיורא,2016,2
,ברוש,2016,2
,ברק,2016,3
,ג'דיידה-מכר,2016,52
,ג'ולס,2016,162
,גבולות,2016,3
,גבעות בר,2016,4
,גבעת אלה,2016,18
,גבעת יערים,2016,12
,גבעת ישעיהו,2016,2
,גדיידה,2016,20
,גדעונה,2016,8
,גדרה,2016,456
,גורנות הגליל,2016,1
,גילון,2016,5
,גילת,2016,8
,גיתה,2016,4
,גלאון,2016,3
,גן נר,2016,23
,געתון,2016,2
,גפן,2016,9
,גשור,2016,1
,גשר,2016,14
,גשר הזיו,2016,5
,גת )קיבוץ(,2016,2
,גת בגליל,2016,43
,דבורה,2016,1
,דברת,2016,13
,דייר אל-אסד,2016,15
,דייר חנא,2016,53
,הושעיה,2016,2
,הילה,2016,6
,הררית,2016,14
,זכריה,2016,6
,זלפה,2016,17
,זנוח,2016,1
,זרועה,2016,13
,זרזיר,2016,51
,חבר,2016,10
,חד-נס,2016,14
,חוסן,2016,22
,חוסנייה,2016,1
,חורה,2016,2
,חורפיש,2016,33
,חלוץ,2016,21
,חניתה,2016,6
,חנתון,2016,2
,חספין,2016,27
,חפצי-בה,2016,3
,חצבה,2016,4
,חריש,2016,911
,חרשים,2016,2
,טייבה )בעמק(,2016,8
,טירת צבי,2016,12
,טל-אל,2016,11
,טללים,2016,6
,טמרה,2016,156
,יאנוח,2016,32
,יאנוח-ג'ת,2016,5
,יהל,2016,2
,יובלים,2016,4
,יודפת,2016,3
,יונתן,2016,1
,יזרעאל,2016,6
,יחיעם,2016,21
,יטבתה,2016,4
,יסעור,2016,4
,יעד,2016,1
,יערה,2016,1
,יפיע,2016,86
,ירדנה,2016,1
,ירוחם,2016,215
,ירכא,2016,100
,ישע,2016,1
,יתד,2016,2
,כאבול,2016,44
,כאוכב אבו אל-היג'א,2016,23
,כברי,2016,13
,כיסופים,2016,2
,כיסרא,2016,10
,כישור,2016,3
,כליל,2016,3
,כמון,2016,5
,כנף,2016,4
,כסרא-סמיע,2016,9
,כפר אל עוברה,2016,5
,כפר החורש,2016,65
,כפר ורדים,2016,79
,כפר חנניה,2016,2
,כפר חרוב,2016,46
,כפר יאסיף,2016,118
,כפר מנדא,2016,141
,כפר מסריק,2016,1
,כפר מצר,2016,1
,כפר סמיע,2016,12
,כפר ראש הנקרה,2016,5
,כפר רופין,2016,9
,כפר תבור,2016,98
,כרם שלום,2016,1
,כרמים,2016,7
,לבון,2016,5
,להב,2016,82
,להבים,2016,223
,לוזית,2016,7
,לוחמי הגיטאות,2016,2
,לוטם,2016,21
,לוטן,2016,20
,ליבנה,2016,2
,לימן,2016,4
,מ. א. בקעת בית שאן,2016,26
,מ. א. הגליל העליון,2016,9
,מ. א. מגידו,2016,3
,מ. א. מטה יהודה,2016,30
,מ. א. מרחבים,2016,1
,מ. א. משגב,2016,49
,מ. א. שדות הנגב,2016,2
,מ. א. תמר,2016,6
,מבוא ביתר,2016,9
,מבוא חמה,2016,1
,מבועים,2016,6
,מבשרת ציון,2016,227
,מג`ד אל-כרום,2016,119
,מגדל העמק,2016,376
,מגן שאול,2016,9
,מדרשת בן גוריון,2016,3
,מולדת,2016,9
,מוסמוס,2016,1
,מועאוויה,2016,31
,מוצא עילית,2016,7
,מוצא תחתית,2016,23
,מוצמוץ,2016,3
,מוקייבלה,2016,16
,מורן,2016,3
,מורשת,2016,4
,מושיירפה,2016,13
,מזרע,2016,3
,מזרעה,2016,12
,מחנה גבעת חנניה,2016,1
,מטע,2016,2
,מי עמי,2016,9
,מירב,2016,1
,מירון,2016,10
,מיתר,2016,125
,מכחול,2016,17
,מכמנים,2016,5
,מכר,2016,25
,מלילות,2016,1
,מנוף,2016,1
,מנות,2016,6
,מסילות,2016,22
,מסילת ציון,2016,4
,מעגלים,2016,5
,מעוז חיים,2016,68
,מעונה,2016,1
,מעיליא,2016,60
,מעלה גלבוע,2016,1
,מעלה גמלא,2016,4
,מעלה החמישה,2016,3
,מעלה עירון,2016,1
,מעלות-תרשיחא,2016,247
,מצובה,2016,5
,"מצפה אבי""ב",2016,8
,מצפה רמון,2016,91
,מרום גולן,2016,12
,מרחב עם,2016,3
,משאבי שדה,2016,1
,משגב,2016,10
,משמר הנגב,2016,22
,משמר העמק,2016,58
,מתת,2016,3
,נאות גולן,2016,2
,נאות הכיכר,2016,2
,נאות סמדר,2016,1
,נבטים,2016,5
,נגידאת,2016,1
,נוב,2016,1
,נוה,2016,2
,נווה אור,2016,10
,נווה אילן,2016,3
,נווה זוהר,2016,6
,נווה זיו,2016,2
,נווה מיכאל,2016,12
,נורית,2016,9
,נחושה,2016,1
,נחלה,2016,5
,נחם,2016,25
,נחף,2016,53
,ניצנה )קהילת חינוך(,2016,2
,ניצני סיני,2016,3
,ניר דוד )תל עמל(,2016,28
,ניר יפה,2016,1
,ניר יצחק,2016,1
,נס הרים,2016,4
,נס עמים,2016,3
,נצרת,2016,351
,"נתיב הל""ה",2016,115
,סאג'ור,2016,32
,סגולה,2016,6
,סדום,2016,2
,סופה,2016,3
,סח'נין,2016,263
,סלמה,2016,3
,ספיר,2016,12
,עבדון,2016,2
,עומר,2016,104
,עילוט,2016,116
,עין איברהים,2016,7
,עין אל-אסד,2016,4
,עין הבשור,2016,1
,עין המפרץ,2016,28
,עין זיוון,2016,2
,עין חוד,2016,2
,עין חמד,2016,2
,עין חרוד )מאוחד(,2016,1
,עין יהב,2016,16
,עין יעקב,2016,7
,"עין כרם-בי""ס חקלאי",2016,79
,עין נקובא,2016,7
,עין ראפה,2016,1
,עמינדב,2016,2
,עמקה,2016,4
,עצמון שגב,2016,3
,עראבה,2016,162
,עראמשה,2016,1
,ערערה-בנגב,2016,4
,פארן,2016,1
,פדויים,2016,2
,פטיש,2016,7
,פסוטה,2016,58
,"פעמי תש""ז",2016,3
,פקיעין )בוקייעה(,2016,54
,פקיעין חדשה,2016,2
,צביה,2016,1
,צהל,2016,57
,צוחר,2016,3
,צוקים,2016,3
,צור הדסה,2016,394
,צוריאל,2016,1
,צורית,2016,8
,קלחים,2016,11
,קלע,2016,6
,קציר,2016,11
,קצרין,2016,174
,קריית טבעון,2016,263
,קריית יערים,2016,57
,קריית ענבים,2016,1
,קרית יערים)מוסד(,2016,6
,קשת,2016,1
,ראמה,2016,71
,רביבים,2016,12
,רגבה,2016,5
,רהט,2016,53
,רוחמה,2016,4
,רחוב,2016,5
,רם-און,2016,4
,רמת חובב,2016,15
,רמת מגשימים,2016,9
,רמת רזיאל,2016,4
,רנן,2016,3
,רקפת,2016,27
,רשפים,2016,7
,רתמים,2016,3
,שבי ציון,2016,20
,שגב-שלום,2016,69
,שדה בוקר,2016,20
,שדה משה,2016,4
,שדה נחום,2016,33
,שדה ניצן,2016,3
,שדה צבי,2016,1
,שדות מיכה,2016,2
,שדי תרומות,2016,2
,שואבה,2016,3
,שובל,2016,6
,שומרה,2016,1
,שורש,2016,21
,שורשים,2016,2
,שזור,2016,4
,שייח' דנון,2016,3
,שכניה,2016,11
,שלומי,2016,136
,שמרת,2016,19
,שמשית,2016,5
,שני,2016,2
,שעב,2016,36
,שריגים )לי-און(,2016,7
,שרשרת,2016,8
,שתולה,2016,2
,תדהר,2016,3
,תובל,2016,2
,תומר,2016,1
,"תלמי ביל""ו",2016,1
,תקומה,2016,2
,אבטין,2016,13
,אביאל,2016,4
,אום אל-גנם,2016,1
,אור עקיבא,2016,487
,אושה,2016,5
,איילת השחר,2016,9
,אילניה,2016,20
,אכסאל,2016,46
,אלומות,2016,4
,אלוני אבא,2016,7
,אליפלט,2016,46
,אלמגור,2016,2
,אמירים,2016,3
,אמנון,2016,1
,אעבלין,2016,308
,אפיקים,2016,3
,אפק,2016,18
,אשדות יעקב )איחוד(,2016,4
,אשדות יעקב )מאוחד(,2016,3
,בועיינה-נוג'ידאת,2016,33
,ביר אל-מכסור,2016,22
,ביריה,2016,3
,בית אורן,2016,1
,בית הלל,2016,5
,בית זרע,2016,2
,בית לחם הגלילית,2016,1
,בית קשת,2016,6
,בית רימון,2016,12
,בלפוריה,2016,28
,בנימינה-גבעת עדה,2016,186
,בסמת טבעון,2016,13
,בר יוחאי,2016,3
,ברקאי,2016,1
,בת שלמה,2016,12
,ג'ש )גוש חלב(,2016,42
,גבע כרמל,2016,9
,גבעת אבני,2016,10
,גבעת זאב,2016,3
,גבעת עדה,2016,63
,גדות,2016,4
,גונן,2016,5
,גינוסר,2016,17
,גיניגר,2016,37
,דאלית אל-כרמל,2016,303
,דבוריה,2016,60
,דגניה ב',2016,3
,דור,2016,2
,דליה,2016,4
,דלתון,2016,12
,דן,2016,5
,דפנה,2016,1
,הבונים,2016,12
,הגושרים,2016,19
,הזורע,2016,1
,הזורעים,2016,1
,החותרים,2016,15
,היוגב,2016,4
,הסוללים,2016,5
,זכרון יעקב,2016,449
,חולתה,2016,3
,חוקוק,2016,2
,חלף,2016,3
,חמאם,2016,1
,חצור הגלילית,2016,122
,חרוצים,2016,2
,טובא-זנגריה,2016,5
,טורעאן,2016,85
,טירת כרמל,2016,726
,טמרה )יזרעאל(,2016,1
,טפחות,2016,1
,יבנאל,2016,86
,יובל,2016,1
,יסוד המעלה,2016,22
,יפעת,2016,64
,יפתח,2016,11
,יקנעם )מושבה(,2016,13
,יקנעם עילית,2016,396
,כורזים,2016,3
,כחל,2016,10
,כלנית,2016,7
,כנרת )מושבה(,2016,28
,כפר ביאליק,2016,1
,כפר בלום,2016,6
,כפר גדעון,2016,7
,כפר גליקסון,2016,2
,כפר גלעדי,2016,28
,כפר המכבי,2016,10
,כפר הנשיא,2016,6
,כפר זיתים,2016,3
,כפר חיטים,2016,8
,כפר חסידים א',2016,8
,כפר יהושע,2016,7
,כפר כמא,2016,9
,כפר כנא,2016,140
,כפר נחום,2016,1
,כפר סאלד,2016,11
,כפר פינס,2016,4
,כפר קיש,2016,4
,כפר קרע,2016,34
,כפר שמאי,2016,2
,כרכום,2016,4
,כרם בן זמרה,2016,3
,"כרם מהר""ל",2016,3
,לביא,2016,9
,לבנים,2016,1
,להבות הבשן,2016,15
,מ. א. הגליל התחתון,2016,6
,מ. א. מרום הגליל,2016,5
,מגאר,2016,97
,מגדים,2016,8
,מגדל,2016,119
,מגידו,2016,4
,מדרך עוז,2016,2
,מחניים,2016,5
,מטולה,2016,27
,מלכיה,2016,58
,מנחמיה,2016,9
,מנרה,2016,2
,מסד,2016,7
,מסדה,2016,15
,מעגן,2016,46
,מעין ברוך,2016,7
,מצפה,2016,6
,מרחביה )מושב(,2016,56
,מרחביה )קיבוץ(,2016,2
,משגב עם,2016,1
,משהד,2016,40
,משמר הירדן,2016,6
,נאות מרדכי,2016,7
,נאעורה,2016,12
,נהלל,2016,7
,נווה ים,2016,1
,נופית,2016,5
,נחשולים,2016,4
,ניין,2016,16
,סאסא,2016,1
,סולם,2016,10
,עארה,2016,3
,עדי,2016,10
,עוזייר,2016,16
,עיילבון,2016,49
,עין איילה,2016,1
,עין דור,2016,6
,עין הוד,2016,4
,עין העמק,2016,2
,עין כרמל,2016,91
,עין מאהל,2016,115
,עמיעד,2016,4
,עמיקם,2016,2
,עמיר,2016,1
,עספיא,2016,189
,ערערה,2016,68
,עתלית,2016,209
,פוריה - כפר עבודה,2016,2
,פוריה - נווה עובד,2016,9
,פוריה עילית,2016,53
,פוריידיס,2016,21
,פרוד,2016,3
,צבעון,2016,6
,ציפורי,2016,18
,צפת,2016,435
,צרופה,2016,2
,קדרים,2016,2
,קורנית,2016,2
,קיסריה,2016,86
,קריית שמונה,2016,300
,קרית חיים,2016,370
,קרית חרושת,2016,1
,ראש פינה,2016,56
,רגבים,2016,1
,רומאנה,2016,6
,ריחאניה,2016,3
,ריינה,2016,127
,רכסים,2016,76
,רמות מנשה,2016,9
,רמות נפתלי,2016,5
,רמת דוד,2016,75
,רמת ישי,2016,114
,רמת צבי,2016,1
,שאר ישוב,2016,3
,שבלי - אום אל-גנם,2016,8
,שדה אילן,2016,1
,שדה אליעזר,2016,9
,שדה נחמיה,2016,9
,שדות ים,2016,59
,שדמות דבורה,2016,2
,שמיר,2016,1
,שניר,2016,4
,שער הגולן,2016,2
,שער העמקים,2016,2
,שפר,2016,4
,שפרעם,2016,209
,שרונה,2016,3
,שריד,2016,5
,תל עדשים,2016,30
,תל קציר,2016,7
,תמרת,2016,3
,*קדימה-צורן*,2016,4
,אביחיל,2016,9
,אבן יהודה,2016,170
,אום אל-קוטוף,2016,1
,אומץ,2016,5
,אזור,2016,265
,אחיטוב,2016,5
,אחיסמך,2016,327
,אחיעזר,2016,1
,איבתאן,2016,17
,אליכין,2016,33
,אלישיב,2016,3
,אלישמע,2016,2
,אלעד,2016,352
,באקה אל-גרביה,2016,107
,בארותיים,2016,2
,בורגתה,2016,11
,בחן,2016,18
,ביצרון,2016,10
,ביר א סכה,2016,3
,בית אלעזרי,2016,2
,בית ברל,2016,1
,בית גמליאל,2016,7
,בית דגן,2016,74
,בית חירות,2016,3
,בית חלקיה,2016,8
,בית חנניה,2016,3
,בית חשמונאי,2016,8
,בית יהושע,2016,6
,בית ינאי,2016,2
,בית יצחק-שער חפר,2016,17
,בית נחמיה,2016,3
,בית עוזיאל,2016,7
,בית עזרא,2016,9
,בית עמרא,2016,8
,בית עריף,2016,2
,ביתן אהרן,2016,2
,בן זכאי,2016,3
,בן שמן )מושב(,2016,4
,בני דרור,2016,7
,בני ציון,2016,6
,בני ראם,2016,2
,בצרה,2016,23
,בקוע,2016,1
,ברקת,2016,65
,בת חפר,2016,51
,ג'לג'וליה,2016,12
,ג'סר א-זרקא,2016,22
,ג'ת,2016,101
,גאולים,2016,26
,גבעת ברנר,2016,14
,גבעת חיים )איחוד(,2016,14
,גבעת חיים )מאוחד(,2016,6
,"גבעת כ""ח",2016,3
,גבעת שמואל,2016,319
,גבעת שפירא,2016,3
,גזר,2016,15
,גיזו,2016,2
,גליל ים,2016,34
,גמזו,2016,3
,גן השומרון,2016,4
,גן חיים,2016,11
,גן יאשיה,2016,1
,גנות,2016,8
,גנות הדר,2016,3
,גני הדר,2016,10
,גני יהודה,2016,15
,גני יוחנן,2016,4
,גני עם,2016,4
,גני תקווה,2016,385
,געש,2016,5
,הדר עם,2016,6
,המעפיל,2016,2
,העוגן,2016,13
,הרדוף,2016,2
,זיתן,2016,2
,זמר,2016,5
,ח'ואלד )שבט(,2016,10
,חבצלת השרון,2016,12
,חג'אג'רה*,2016,2
,חגור,2016,7
,חגלה,2016,5
,חדיד,2016,3
,חופית,2016,7
,חיבת ציון,2016,42
,חירות,2016,6
,חמד,2016,3
,חניאל,2016,4
,חפץ חיים,2016,29
,חרב לאת,2016,8
,טייבה,2016,203
,טירה,2016,118
,טירת יהודה,2016,3
,טל שחר,2016,3
,יגל,2016,4
,יד בנימין,2016,2
,יד חנה,2016,11
,"יד רמב""ם",2016,4
,יהוד,2016,631
,ימא,2016,10
,ינוב,2016,51
,יציץ,2016,6
,יקום,2016,1
,ירחיב,2016,9
,ירקונה,2016,3
,ישעי,2016,6
,ישרש,2016,1
,כוכב יאיר,2016,46
,כנות,2016,3
,כעביה-טבאש-חג'אג'רה,2016,5
,כפר אביב,2016,2
,כפר אוריה,2016,1
,"כפר אז""ר",2016,13
,"כפר ביל""ו",2016,11
,כפר בן נון,2016,4
,כפר ברא,2016,45
,כפר הס,2016,12
,"כפר הרא""ה",2016,7
,כפר ויתקין,2016,4
,"כפר חב""ד",2016,2
,כפר טרומן,2016,2
,כפר ידידיה,2016,2
,כפר יונה,2016,613
,כפר יעבץ,2016,7
,כפר מונש,2016,8
,"כפר מל""ל",2016,4
,כפר מרדכי,2016,3
,כפר נטר,2016,2
,כפר קאסם,2016,123
,כפר שמואל,2016,2
,כפר שמריהו,2016,51
,כרמי יוסף,2016,17
,להבות חביבה,2016,40
,לפיד,2016,6
,מ. א. עמק לוד,2016,4
,מאור,2016,27
,מגל,2016,2
,מגשימים,2016,6
,מזור,2016,9
,מזכרת בתיה,2016,343
,מייסר,2016,9
,מישר,2016,1
,מכבים-רעות,2016,64
,מכמורת,2016,8
,מעין צבי,2016,2
,מענית,2016,5
,מעש,2016,18
,מצליח,2016,48
,מצר,2016,6
,מרגה,2016,14
,משגב דב,2016,3
,משמר איילון,2016,4
,משמר דוד,2016,97
,משמר השבעה,2016,13
,משמר השרון,2016,2
,משמרות,2016,16
,משמרת,2016,8
,מתן,2016,22
,נווה אפרים,2016,94
,נווה ימין,2016,5
,נווה ירק,2016,9
,נווה מבטח,2016,1
,נוף איילון,2016,1
,נורדיה,2016,23
,נחלים,2016,93
,נחשון,2016,5
,ניצני עוז,2016,8
,ניר צבי,2016,8
,נירית,2016,4
,נען,2016,1
,נצר חזני,2016,1
,נצר סרני,2016,6
,סביון*,2016,63
,סתריה,2016,4
,עדנים,2016,17
,עולש,2016,3
,עזריאל,2016,2
,עין ורד,2016,8
,עין שמר,2016,5
,עין שריד,2016,18
,"עמק חפר מזרח מ""א 61",2016,2
,עשרת,2016,9
,פדיה,2016,7
,פורת,2016,2
,פרדסיה,2016,86
,פתחיה,2016,2
,צופית,2016,11
,צור יגאל,2016,119
,צור יצחק,2016,132
,צור משה,2016,16
,צור נתן,2016,111
,צורן,2016,109
,צפריה,2016,8
,קדימה-צורן,2016,179
,קדרון,2016,9
,קלנסווה,2016,114
,קריית מלאכי,2016,745
,קריית עקרון,2016,104
,רינתיה,2016,2
,רמות השבים,2016,24
,רמות מאיר,2016,1
,רמת אפעל,2016,10
,רשפון,2016,22
,שדה ורבורג,2016,34
,שדה יצחק,2016,2
,שדי חמד,2016,5
,שוהם,2016,185
,שושנת העמקים,2016,1
,שילת,2016,5
,שעלבים,2016,1
,שער אפרים,2016,11
,שער מנשה,2016,1
,שפיים,2016,7
,תל יצחק,2016,6
,תל מונד,2016,234
,תלמי אלעזר,2016,12
,תנובות,2016,15
,אביגדור,2016,7
,אבן שמואל,2016,14
,אודים,2016,1
,אורות,2016,9
,אחווה,2016,1
,אחוזם,2016,4
,אירוס,2016,12
,אלומה,2016,19
,אמונים,2016,9
,אמציה,2016,154
,ארז,2016,2
,באר טוביה,2016,24
,בית חנן,2016,5
,בית עובד,2016,3
,בית שקמה,2016,6
,ביתר עילית,2016,2
,בני דרום,2016,11
,"בני עי""ש",2016,72
,ברור חיל,2016,10
,ברכיה,2016,1
,בת הדר,2016,5
,בת חצור,2016,3
,גאליה,2016,2
,גבים,2016,1
,גבעולים,2016,4
,גבעת השלושה,2016,7
,גיאה,2016,5
,גיבתון,2016,5
,גן הדרום,2016,4
,גן יבנה,2016,305
,גן שורק,2016,2
,גן שלמה,2016,9
,דורות,2016,6
,"דרום השרון מ""א 02",2016,1
,הודיה,2016,7
,זבדיאל,2016,9
,זיקים,2016,5
,זמרת,2016,1
,זרחיה,2016,15
,חולדה,2016,16
,חלץ,2016,6
,חצב,2016,4
,חצור-אשדוד,2016,1
,יד מרדכי,2016,1
,יד נתן,2016,1
,ינון,2016,2
,יסודות,2016,4
,כוכב השחר,2016,1
,כוכב מיכאל,2016,11
,כפר אחים,2016,2
,כפר גבירול,2016,4
,כפר דניאל,2016,1
,כפר הנגיד,2016,3
,"כפר הרי""ף",2016,2
,כפר ורבורג,2016,5
,כפר מימון,2016,9
,כפר מנחם,2016,3
,כפר סירקין,2016,2
,כפר עזה,2016,1
,כרם בן שמן,2016,1
,כרמיה,2016,4
,לכיש,2016,7
,מ. א. באר טוביה,2016,3
,מ. א. גזר,2016,18
,מ. א. גן רוה,2016,4
,מ. א. חבל יבנה,2016,12
,מ. א. שפיר,2016,2
,מבקיעים,2016,4
,מנוחה,2016,4
,מסלול,2016,4
,מסמיה,2016,1
,מרכז שפירא,2016,88
,משען,2016,3
,נגבה,2016,7
,נהורה,2016,4
,נווה שלום,2016,3
,נחל עוז,2016,3
,נחלת יהודה,2016,31
,נטעים,2016,5
,ניצן,2016,7
,ניצנים,2016,36
,ניר בנים,2016,1
,ניר גלים,2016,94
,"ניר ח""ן",2016,2
,ניר ישראל,2016,3
,ניר משה,2016,1
,ניר עם,2016,16
,ניר עקיבא,2016,3
,עוצם,2016,21
,עזר,2016,4
,עזריה,2016,1
,עזריקם,2016,3
,ערוגות,2016,5
,פרי גן,2016,3
,צלפון,2016,1
,קבוצת יבנה,2016,1
,קוממיות,2016,8
,רווחה,2016,4
,שדה דוד,2016,10
,שדה יואב,2016,22
,שדה עוזיהו,2016,4
,שומריה,2016,1
,שחר,2016,7
,שלווה,2016,8
,שער הנגב,2016,1
,שפיר,2016,3
,שקף,2016,29
,שתולים,2016,13
,תימורים,2016,5
,תל שבע,2016,1
,תלמי יחיאל,2016,12
,תלמי יפה,2016,3
,תלמי מנשה,2016,3
,תלמים,2016,2
,,2017,10
,*צוקים*,2017,1
,אבו ג'ווייעד )שבט(,2017,11
,אבו גוש,2017,25
,אבו סנאן,2017,93
,אבו קורינאת )שבט(,2017,12
,אבטליון,2017,11
,אביעזר,2017,10
,אבירים,2017,17
,אבן מנחם,2017,9
,אבן ספיר,2017,4
,אבני איתן,2017,3
,אדמית,2017,4
,אדרת,2017,3
,אודם,2017,3
,אום אל-פחם,2017,220
,אומן,2017,81
,אורה,2017,3
,אורטל,2017,1
,אחוזת ברק,2017,5
,אחיהוד,2017,3
,אילון,2017,1
,אל סייד,2017,3
,אל-רום,2017,8
,אלון הגליל,2017,7
,אלוני הבשן,2017,2
,אליעד,2017,1
,אניעם,2017,4
,אפיק,2017,2
,אשבול,2017,3
,אשחר,2017,7
,אשכולות,2017,6
,אשלים,2017,3
,אשרת,2017,15
,אשתאול,2017,1
,באר אורה,2017,12
,באר מילכה,2017,8
,בוסתן הגליל,2017,30
,בועיינה-נוג'ידאת,2017,23
,בטחה,2017,2
,ביאדה,2017,3
,ביר הדאג',2017,3
,בית אלפא,2017,52
,בית ג'ן,2017,76
,בית הגדי,2017,10
,בית העמק,2017,7
,בית השיטה,2017,1
,בית זית,2017,3
,בית יוסף,2017,3
,בית לחם הגלילית,2017,6
,בית מאיר,2017,3
,בית ניר,2017,13
,בית נקופה,2017,6
,בית שאן,2017,310
,בן עמי,2017,1
,בני יהודה,2017,31
,בני נצרים,2017,6
,"בסמ""ה",2017,3
,בענה,2017,31
,בצת,2017,7
,ברור חיל,2017,11
,ברוש,2017,10
,ברק,2017,4
,ג'דיידה-מכר,2017,57
,ג'ולס,2017,84
,ג'ת,2017,69
,גבולות,2017,1
,גבעולים,2017,3
,גבעות בר,2017,16
,גבעת אלה,2017,8
,גבעת יואב,2017,3
,גבעת יערים,2017,14
,גבעת ישעיהו,2017,2
,גדיידה,2017,34
,גדעונה,2017,1
,גדרה,2017,368
,גורן,2017,1
,גזית,2017,1
,גילון,2017,35
,גילת,2017,11
,גיתה,2017,1
,גלאון,2017,4
,גן נר,2017,15
,געתון,2017,3
,גפן,2017,5
,גשור,2017,2
,גשר,2017,7
,גשר הזיו,2017,2
,גת )קיבוץ(,2017,17
,גת בגליל,2017,15
,דבירה,2017,6
,דברת,2017,12
,דייר אל-אסד,2017,19
,דייר חנא,2017,115
,דמיידה,2017,2
,דקל,2017,8
,הילה,2017,3
,הררית,2017,7
,זכריה,2017,2
,זלפה,2017,22
,זרועה,2017,6
,חבר,2017,61
,חד-נס,2017,12
,חוסן,2017,14
,חורה,2017,20
,חורפיש,2017,27
,חלוץ,2017,9
,חמדיה,2017,2
,חניתה,2017,5
,חנתון,2017,3
,חספין,2017,14
,חפצי-בה,2017,1
,חצבה,2017,1
,חריש,2017,671
,טייבה )בעמק(,2017,4
,טירת צבי,2017,7
,טל-אל,2017,4
,טללים,2017,2
,טמרה,2017,110
,יאנוח,2017,19
,יאנוח-ג'ת,2017,5
,יהל,2017,3
,יובלים,2017,7
,יודפת,2017,1
,יונתן,2017,5
,יושיביה,2017,4
,יזרעאל,2017,5
,יחד,2017,1
,יחיעם,2017,26
,יסעור,2017,20
,יעד,2017,9
,יערה,2017,11
,יפיע,2017,65
,ירדנה,2017,1
,ירוחם,2017,194
,ירכא,2017,94
,ישע,2017,9
,יתד,2017,6
,כאבול,2017,37
,כאוכב אבו אל-היג'א,2017,23
,כברי,2017,7
,כיסופים,2017,6
,כיסרא,2017,8
,כישור,2017,4
,כליל,2017,7
,כמון,2017,4
,כנף,2017,1
,כסלון,2017,4
,כסרא-סמיע,2017,30
,כפר אל עוברה,2017,1
,כפר החורש,2017,44
,כפר המכבי,2017,5
,כפר ורדים,2017,68
,כפר חנניה,2017,4
,כפר חרוב,2017,8
,כפר יאסיף,2017,111
,כפר יחזקאל,2017,22
,כפר מנדא,2017,166
,כפר מסריק,2017,18
,כפר סמיע,2017,10
,כפר ראש הנקרה,2017,2
,כפר רופין,2017,3
,כפר תבור,2017,115
,כרמים,2017,33
,לבון,2017,5
,להב,2017,2
,להבים,2017,79
,לוזית,2017,11
,לוחמי הגיטאות,2017,25
,לוטם,2017,11
,לוטן,2017,1
,ליבנה,2017,2
,לימן,2017,7
,לפידות,2017,4
,לקיה,2017,2
,מ. א. אשכול,2017,2
,מ. א. בקעת בית שאן,2017,6
,מ. א. הגליל העליון,2017,10
,מ. א. מטה יהודה,2017,9
,מ. א. משגב,2017,21
,מ. א. רמת נגב,2017,1
,מבוא ביתר,2017,6
,מבוא חמה,2017,1
,מבועים,2017,7
,מבשרת ציון,2017,328
,מג'דל שמס,2017,1
,מג`ד אל-כרום,2017,153
,מגדל העמק,2017,492
,מגידו,2017,6
,מגן,2017,1
,מגן שאול,2017,8
,מודיעין עילית,2017,1
,מולדת,2017,5
,מועאוויה,2017,35
,מוצא עילית,2017,12
,מוצא תחתית,2017,16
,מוצמוץ,2017,7
,מוקייבלה,2017,29
,מורן,2017,3
,מורשת,2017,34
,מושיירפה,2017,12
,מזרעה,2017,7
,מחנה גבעת חנניה,2017,1
,מי עמי,2017,14
,מירב,2017,1
,מירון,2017,4
,מיתר,2017,162
,מכחול,2017,13
,מכמנים,2017,1
,מכר,2017,38
,מלילות,2017,9
,מנוף,2017,14
,מנות,2017,4
,מסילות,2017,5
,מסילת ציון,2017,1
,מעגלים,2017,2
,מעוז חיים,2017,41
,מעונה,2017,1
,מעיליא,2017,75
,מעלה גלבוע,2017,3
,מעלה גמלא,2017,2
,מעלה החמישה,2017,3
,מעלה עירון,2017,17
,מעלות-תרשיחא,2017,440
,מצובה,2017,7
,"מצפה אבי""ב",2017,10
,מצפה נטופה,2017,2
,מצפה רמון,2017,98
,מצר,2017,2
,מרום גולן,2017,4
,מרחב עם,2017,13
,משאבי שדה,2017,3
,משגב,2017,44
,משמר הנגב,2017,10
,משמר העמק,2017,38
,מתת,2017,1
,מתתיהו,2017,1
,נאות גולן,2017,2
,נאות הכיכר,2017,1
,נבטים,2017,17
,נוב,2017,20
,נווה אור,2017,11
,"נווה אטי""ב",2017,3
,נווה אילן,2017,1
,נווה איתן,2017,1
,נווה זוהר,2017,32
,נווה זיו,2017,2
,נווה מיכאל,2017,1
,נורית,2017,11
,נחל עוז,2017,1
,נחלה,2017,4
,נחם,2017,23
,נחף,2017,96
,נטועה,2017,2
,נטור,2017,3
,נטף,2017,1
,ניצנה )קהילת חינוך(,2017,8
,ניצני סיני,2017,4
,ניר דוד )תל עמל(,2017,116
,ניר משה,2017,1
,נס הרים,2017,3
,נצרת,2017,352
,"נתיב הל""ה",2017,34
,סאג'ור,2017,92
,סאלם,2017,3
,סדום,2017,1
,סח'נין,2017,264
,סלמה,2017,10
,סער,2017,3
,ספיר,2017,15
,עבדון,2017,1
,עומר,2017,116
,עידן,2017,2
,עילוט,2017,36
,עין איברהים,2017,14
,עין אל-אסד,2017,4
,עין גדי,2017,1
,עין הבשור,2017,4
,עין המפרץ,2017,20
,עין חמד,2017,4
,עין חצבה,2017,1
,עין חרוד )איחוד(,2017,1
,עין יהב,2017,16
,עין יעקב,2017,17
,"עין כרם-בי""ס חקלאי",2017,19
,עין נקובא,2017,6
,עין ראפה,2017,1
,עין תמר,2017,1
,עמינדב,2017,2
,עמקה,2017,2
,עצמון שגב,2017,3
,עראבה,2017,155
,ערערה,2017,76
,ערערה-בנגב,2017,22
,פארן,2017,3
,פדויים,2017,1
,פטיש,2017,7
,פלך,2017,15
,פסוטה,2017,34
,"פעמי תש""ז",2017,5
,פקיעין )בוקייעה(,2017,56
,צביה,2017,2
,צהל,2017,81
,צוחר,2017,2
,צוקים,2017,5
,צור הדסה,2017,250
,צוריאל,2017,1
,צורית,2017,31
,קדמת צבי,2017,4
,קלחים,2017,5
,קלע,2017,5
,קציר,2017,20
,קצרין,2017,159
,קריית יערים,2017,103
,קרית יערים)מוסד(,2017,2
,קשת,2017,6
,ראמה,2017,75
,רביבים,2017,4
,רגבה,2017,6
,רהט,2017,46
,רוויה,2017,2
,רוחמה,2017,4
,רחוב,2017,1
,ריחן,2017,1
,רם-און,2017,9
,רמות,2017,4
,רמת חובב,2017,3
,רמת מגשימים,2017,4
,רמת רזיאל,2017,1
,רקפת,2017,6
,רשפים,2017,29
,רתמים,2017,84
,שבי ציון,2017,9
,שגב-שלום,2017,80
,שדה בוקר,2017,5
,שדה דוד,2017,3
,שדה משה,2017,17
,שדה נחום,2017,26
,שדה ניצן,2017,3
,שדה צבי,2017,5
,שדות מיכה,2017,1
,שדי תרומות,2017,8
,שובל,2017,6
,שומרה,2017,2
,שורש,2017,14
,שורשים,2017,13
,שזור,2017,1
,שיבולים,2017,1
,שייח' דנון,2017,5
,שכניה,2017,9
,שלומי,2017,134
,שמרת,2017,35
,שמשית,2017,6
,שני,2017,2
,שעב,2017,15
,שעל,2017,4
,שרונה,2017,1
,שריגים )לי-און(,2017,7
,שרשרת,2017,2
,שתולה,2017,2
,תאשור,2017,2
,תדהר,2017,9
,תובל,2017,3
,תל יוסף,2017,2
,תל תאומים,2017,11
,"תלמי ביל""ו",2017,8
,תלמי יוסף,2017,1
,אבטין,2017,36
,אביאל,2017,4
,אביבים,2017,5
,אום אל-גנם,2017,1
,אור עקיבא,2017,385
,אושה,2017,107
,איילת השחר,2017,12
,אילניה,2017,10
,אכסאל,2017,43
,אלומות,2017,1
,אלוני אבא,2017,4
,אלונים,2017,2
,אליפלט,2017,11
,אליקים,2017,1
,אלמגור,2017,5
,אמירים,2017,1
,אמנון,2017,48
,אעבלין,2017,219
,אפיקים,2017,1
,אפק,2017,217
,ארבל,2017,1
,אשדות יעקב )איחוד(,2017,42
,אשדות יעקב )מאוחד(,2017,25
,ביר אל-מכסור,2017,21
,ביריה,2017,6
,בית אורן,2017,1
,בית הלל,2017,2
,בית זרע,2017,1
,בית קשת,2017,1
,בית רימון,2017,18
,בית שערים,2017,6
,בלפוריה,2017,9
,בנימינה-גבעת עדה,2017,269
,בסמת טבעון,2017,19
,בר יוחאי,2017,3
,ברקאי,2017,1
,בת שלמה,2017,11
,ג'ש )גוש חלב(,2017,33
,גבע כרמל,2017,9
,גבעת אבני,2017,76
,"גבעת ניל""י",2017,2
,גבעת עדה,2017,67
,גבת,2017,52
,גדות,2017,1
,גונן,2017,3
,גינוסר,2017,1
,גיניגר,2017,36
,גן שמואל,2017,2
,דאלית אל-כרמל,2017,260
,דבוריה,2017,105
,דגניה ב',2017,6
,דחי,2017,17
,דישון,2017,1
,דליה,2017,87
,דלתון,2017,13
,דפנה,2017,6
,הבונים,2017,4
,הגושרים,2017,28
,הושעיה,2017,1
,הזורעים,2017,3
,החותרים,2017,13
,היוגב,2017,60
,הסוללים,2017,4
,זובידאת )שבט(,2017,2
,זכרון יעקב,2017,354
,זרזיר,2017,24
,חג'אג'רה*,2017,9
,חולתה,2017,4
,חוקוק,2017,2
,חמאם,2017,2
,חצור הגלילית,2017,141
,חרוצים,2017,2
,טבעון,2017,4
,טובא-זנגריה,2017,5
,טורעאן,2017,175
,טירת כרמל,2017,601
,יבנאל,2017,98
,יגור,2017,1
,יסוד המעלה,2017,20
,יפעת,2017,78
,יפתח,2017,9
,יקנעם )מושבה(,2017,12
,יקנעם עילית,2017,369
,כורזים,2017,2
,כחל,2017,14
,כלנית,2017,6
,כנרת )מושבה(,2017,29
,כעביה-טבאש-חג'אג'רה,2017,7
,כפר ביאליק,2017,3
,כפר בלום,2017,6
,כפר ברוך,2017,3
,כפר גדעון,2017,1
,כפר גליקסון,2017,5
,כפר גלעדי,2017,15
,כפר הנשיא,2017,11
,כפר זיתים,2017,6
,כפר חיטים,2017,6
,כפר יהושע,2017,6
,כפר כמא,2017,8
,כפר כנא,2017,135
,כפר סאלד,2017,9
,כפר פינס,2017,15
,כפר קיש,2017,8
,כפר קרע,2017,34
,כפר שמאי,2017,4
,כרכום,2017,5
,כרם בן זמרה,2017,1
,"כרם מהר""ל",2017,3
,לביא,2017,4
,לבנים,2017,1
,להבות הבשן,2017,47
,מ. א. הגליל התחתון,2017,2
,מ. א. מגידו,2017,8
,מ. א. מרום הגליל,2017,7
,מגאר,2017,162
,מגדים,2017,4
,מגדל,2017,115
,מדרך עוז,2017,3
,מזרע,2017,198
,מחניים,2017,8
,מטולה,2017,21
,מלכיה,2017,6
,מנחמיה,2017,31
,מנרה,2017,2
,מסד,2017,10
,מסדה,2017,7
,מעגן,2017,14
,מעין ברוך,2017,7
,מצפה,2017,6
,מרחביה )מושב(,2017,95
,מרחביה )קיבוץ(,2017,14
,משגב עם,2017,1
,משהד,2017,39
,משמר הירדן,2017,10
,נאות מרדכי,2017,16
,נאעורה,2017,9
,נהלל,2017,64
,נווה ים,2017,119
,נופית,2017,4
,נחשולים,2017,57
,ניין,2017,9
,סולם,2017,6
,עארה,2017,1
,עדי,2017,9
,עוזייר,2017,17
,עופר,2017,5
,עיילבון,2017,74
,עין איילה,2017,2
,עין גב,2017,1
,עין דור,2017,19
,עין הוד,2017,3
,עין העמק,2017,1
,עין כרמל,2017,47
,עין מאהל,2017,127
,עין עירון,2017,2
,עלמה,2017,4
,עמיקם,2017,4
,עמיר,2017,15
,"עמק יזרעאל מ""א 9",2017,1
,עספיא,2017,136
,עתלית,2017,413
,פוריה - כפר עבודה,2017,2
,פוריה - נווה עובד,2017,19
,פוריה עילית,2017,47
,פוריידיס,2017,44
,פרוד,2017,9
,צבעון,2017,3
,ציפורי,2017,28
,צמח,2017,1
,צפת,2017,453
,צרופה,2017,5
,קדרים,2017,13
,קיסריה,2017,78
,קריית טבעון,2017,263
,קריית שמונה,2017,336
,קרית חיים,2017,313
,קרית חרושת,2017,1
,ראש פינה,2017,54
,רגבים,2017,14
,רומאנה,2017,4
,רומת הייב,2017,10
,ריחאניה,2017,4
,ריינה,2017,111
,רכסים,2017,156
,רמות מנשה,2017,20
,רמת דוד,2017,46
,רמת השופט,2017,217
,רמת ישי,2017,131
,שאר ישוב,2017,2
,שבלי - אום אל-גנם,2017,12
,שדה אילן,2017,7
,שדה אליעזר,2017,1
,שדה נחמיה,2017,3
,שדות ים,2017,51
,שדמות דבורה,2017,1
,שניר,2017,3
,שער העמקים,2017,2
,שפר,2017,2
,שפרעם,2017,256
,שריד,2017,2
,תל עדשים,2017,135
,תל קציר,2017,57
,תמרת,2017,1
,*קדימה-צורן*,2017,1
,אביחיל,2017,5
,אבן יהודה,2017,175
,אודים,2017,7
,אום אל-קוטוף,2017,39
,אומץ,2017,11
,אזור,2017,267
,אחיטוב,2017,8
,אחיסמך,2017,37
,אחיעזר,2017,1
,איבתאן,2017,16
,אליכין,2017,39
,אלישיב,2017,2
,אלישמע,2017,1
,אלעד,2017,275
,ארסוף,2017,2
,באקה אל-גרביה,2017,120
,בארות יצחק,2017,1
,בארותיים,2017,1
,בורגתה,2017,6
,בחן,2017,17
,ביר א סכה,2017,1
,בית אלעזרי,2017,8
,בית גמליאל,2017,3
,בית דגן,2017,61
,בית חירות,2017,2
,בית חלקיה,2017,15
,בית חנניה,2017,3
,בית חשמונאי,2017,8
,בית יהושע,2017,1
,בית ינאי,2017,3
,בית יצחק-שער חפר,2017,63
,בית נחמיה,2017,3
,בית עוזיאל,2017,5
,בית עמרא,2017,11
,ביתן אהרן,2017,23
,בן זכאי,2017,19
,בן שמן )מושב(,2017,3
,בני דרור,2017,8
,בני עטרות,2017,1
,בני ציון,2017,5
,בני ראם,2017,2
,בניה,2017,1
,בצרה,2017,11
,בקוע,2017,4
,ברקת,2017,37
,בת חפר,2017,36
,ג'לג'וליה,2017,11
,ג'סר א-זרקא,2017,47
,גאולים,2017,1
,גבעת חיים )איחוד(,2017,44
,גבעת חיים )מאוחד(,2017,2
,"גבעת כ""ח",2017,4
,גבעת שמואל,2017,497
,גבעת שפירא,2017,3
,גזר,2017,20
,גיזו,2017,2
,גינתון,2017,7
,גליל ים,2017,161
,גמזו,2017,1
,גן השומרון,2017,22
,גן חיים,2017,22
,גן יאשיה,2017,3
,גן שורק,2017,4
,גנות,2017,6
,גנות הדר,2017,1
,גני הדר,2017,3
,גני טל,2017,2
,גני יהודה,2017,3
,גני יוחנן,2017,5
,גני עם,2017,3
,גני תקווה,2017,348
,געש,2017,6
,הדר עם,2017,2
,המעפיל,2017,44
,העוגן,2017,1
,הרדוף,2017,2
,זיתן,2017,2
,זמר,2017,13
,ח'ואלד )שבט(,2017,4
,חבצלת השרון,2017,15
,חגור,2017,6
,חגלה,2017,2
,חדיד,2017,6
,חופית,2017,14
,חורשים,2017,1
,חיבת ציון,2017,24
,חלף,2017,10
,חמד,2017,5
,חניאל,2017,6
,חפץ חיים,2017,8
,חרב לאת,2017,21
,טייבה,2017,209
,טירה,2017,159
,טירת יהודה,2017,6
,טל שחר,2017,1
,יגל,2017,1
,יד בנימין,2017,6
,יד חנה,2017,14
,"יד רמב""ם",2017,1
,יהוד,2017,499
,יהוד-מונוסון,2017,20
,ימא,2017,12
,ינוב,2017,307
,יעף,2017,2
,יציץ,2017,3
,יקום,2017,7
,ירחיב,2017,3
,ירקונה,2017,2
,ישעי,2017,2
,ישרש,2017,3
,כוכב יאיר,2017,48
,כנות,2017,6
,כפר אביב,2017,4
,כפר אוריה,2017,5
,"כפר אז""ר",2017,14
,"כפר ביל""ו",2017,5
,כפר בן נון,2017,1
,כפר ברא,2017,34
,כפר הס,2017,8
,"כפר הרא""ה",2017,5
,כפר ויתקין,2017,7
,"כפר חב""ד",2017,9
,כפר טרומן,2017,1
,כפר ידידיה,2017,3
,כפר יונה,2017,490
,כפר יעבץ,2017,4
,כפר מונש,2017,10
,"כפר מל""ל",2017,2
,כפר מרדכי,2017,4
,כפר נטר,2017,10
,כפר קאסם,2017,156
,כפר רות,2017,3
,כפר שמואל,2017,4
,כפר שמריהו,2017,21
,כרמי יוסף,2017,16
,להבות חביבה,2017,16
,לפיד,2017,15
,מ. א. עמק יזרעאל,2017,1
,מ. א. עמק לוד,2017,3
,מאור,2017,21
,מגל,2017,12
,מגשימים,2017,7
,מזור,2017,14
,מזכרת בתיה,2017,185
,מייסר,2017,1
,מישר,2017,1
,מכבים-רעות,2017,62
,מכמורת,2017,19
,מענית,2017,4
,מעש,2017,3
,מצליח,2017,50
,מרגה,2017,9
,משגב דב,2017,1
,משמר איילון,2017,6
,משמר דוד,2017,27
,משמר השבעה,2017,6
,משמר השרון,2017,1
,משמרות,2017,15
,מתן,2017,18
,נווה אפרים,2017,18
,נווה ימין,2017,10
,נווה ירק,2017,3
,נוף איילון,2017,4
,נורדיה,2017,18
,נחלים,2017,44
,נחשון,2017,26
,ניצני עוז,2017,4
,ניר אליהו,2017,1
,ניר צבי,2017,5
,נירית,2017,8
,נצר חזני,2017,1
,נצר סרני,2017,4
,סביון*,2017,47
,סואעד )חמרייה(,2017,1
,סתריה,2017,6
,עדנים,2017,11
,עולש,2017,2
,עזריאל,2017,3
,עין ורד,2017,3
,עין שמר,2017,4
,עין שריד,2017,10
,עשרת,2017,10
,פדיה,2017,1
,פורת,2017,1
,פרדסיה,2017,110
,פתחיה,2017,2
,צופית,2017,21
,צוקי ים,2017,1
,צור יגאל,2017,47
,צור יצחק,2017,70
,צור משה,2017,14
,צור נתן,2017,47
,צורן,2017,62
,צלפון,2017,3
,צפריה,2017,8
,קדימה-צורן,2017,183
,קדרון,2017,7
,קלנסווה,2017,115
,קריית עקרון,2017,84
,רינתיה,2017,2
,רמות השבים,2017,17
,רמות מאיר,2017,2
,רמת אפעל,2017,21
,רשפון,2017,12
,שדה ורבורג,2017,15
,שדה יצחק,2017,9
,שדי חמד,2017,3
,שדמה,2017,6
,שוהם,2017,183
,שילת,2017,5
,שעלבים,2017,3
,שער אפרים,2017,22
,שפיים,2017,6
,תל יצחק,2017,4
,תל מונד,2017,158
,תלמי אלעזר,2017,6
,תנובות,2017,7
,אביגדור,2017,1
,אבן שמואל,2017,14
,אור הנר,2017,4
,אחווה,2017,2
,אחוזם,2017,1
,אירוס,2017,18
,איתן,2017,2
,אלומה,2017,13
,אמונים,2017,4
,אמציה,2017,74
,אפרת,2017,1
,ארז,2017,7
,באר גנים,2017,4
,באר טוביה,2017,9
,ביצרון,2017,7
,בית גוברין,2017,4
,בית חנן,2017,10
,בית עובד,2017,5
,בית עזרא,2017,3
,בית שקמה,2017,1
,בני דרום,2017,7
,"בני עי""ש",2017,50
,ברכיה,2017,1
,בת הדר,2017,9
,בת חצור,2017,2
,גאליה,2017,8
,גבים,2017,1
,גבעת ברנר,2017,18
,גבעת השלושה,2017,2
,גבעת זאב,2017,1
,גבעתי,2017,6
,גברעם,2017,1
,גיאה,2017,15
,גיבתון,2017,6
,גן הדרום,2017,8
,גן יבנה,2017,242
,גן שלמה,2017,9
,דורות,2017,7
,הודיה,2017,12
,הר עמשא,2017,16
,ורדון,2017,2
,זבדיאל,2017,6
,זוהר,2017,1
,זמרת,2017,10
,זרחיה,2017,1
,חולדה,2017,8
,חלץ,2017,6
,חצב,2017,4
,חרוב,2017,1
,יבול,2017,6
,יד נתן,2017,4
,יכיני,2017,1
,יסודות,2017,3
,כוכב מיכאל,2017,4
,כפר אחים,2017,5
,כפר גבירול,2017,1
,כפר הנגיד,2017,1
,"כפר הרי""ף",2017,4
,כפר ורבורג,2017,2
,כפר מימון,2017,4
,כפר מנחם,2017,3
,כפר עזה,2017,1
,כרמיה,2017,13
,לכיש,2017,5
,מ. א. באר טוביה,2017,1
,מ. א. ברנר,2017,1
,מ. א. גזר,2017,7
,מ. א. גן רוה,2017,2
,מ. א. חבל יבנה,2017,8
,מבחור,2017,19
,מנוחה,2017,1
,מסלול,2017,8
,מסמיה,2017,2
,מרכז שפירא,2017,42
,משען,2017,4
,נגבה,2017,6
,נהורה,2017,10
,נוה,2017,12
,נחלת יהודה,2017,14
,נטעים,2017,2
,ניצן,2017,16
,ניצנים,2017,27
,ניר גלים,2017,26
,"ניר ח""ן",2017,4
,ניר ישראל,2017,8
,ניר עם,2017,4
,ניר עקיבא,2017,6
,סגולה,2017,1
,עוזה,2017,1
,עוצם,2017,3
,עזר,2017,4
,עזריה,2017,2
,עזריקם,2017,1
,ערוגות,2017,12
,פלמחים,2017,1
,פרי גן,2017,4
,צובה,2017,1
,קוממיות,2017,16
,קריית מלאכי,2017,455
,רבדים,2017,4
,שדה יואב,2017,2
,שדה עוזיהו,2017,1
,שובה,2017,1
,שחר,2017,6
,שלווה,2017,15
,שער הנגב,2017,4
,שפיר,2017,15
,שקף,2017,38
,שתולים,2017,3
,תושיה,2017,2
,תימורים,2017,5
,תלמי יחיאל,2017,16
,תלמי יפה,2017,4
,תלמי מנשה,2017,3
,תלמים,2017,4
,תקומה,2017,1
,,2018,18
,*עראבה*,2018,6
,אבו ג'ווייעד )שבט(,2018,7
,אבו גוש,2018,65
,אבו סנאן,2018,79
,אבו קורינאת )שבט(,2018,10
,אבו קרינאת )יישוב(,2018,1
,אבטליון,2018,7
,אביטל,2018,1
,אביעזר,2018,3
,אבירים,2018,11
,אבן מנחם,2018,5
,אבן ספיר,2018,4
,אבני איתן,2018,1
,אבשלום,2018,3
,אדרת,2018,5
,אודם,2018,1
,אום אל-פחם,2018,311
,אומן,2018,6
,אורה,2018,4
,אחוזת ברק,2018,17
,אחיהוד,2018,3
,אילון,2018,5
,אילות,2018,1
,אל סייד,2018,4
,אל-רום,2018,4
,אלון הגליל,2018,3
,אלוני הבשן,2018,2
,אניעם,2018,4
,אפיק,2018,1
,ארבל,2018,5
,אשבול,2018,6
,אשחר,2018,9
,אשכולות,2018,3
,אשל הנשיא,2018,1
,אשלים,2018,2
,אשרת,2018,11
,אשתאול,2018,5
,באר אורה,2018,12
,בוסתן הגליל,2018,50
,בועיינה-נוג'ידאת,2018,28
,בטחה,2018,2
,ביאדה,2018,1
,ביר אל-מכסור,2018,32
,ביר הדאג',2018,1
,בית אלפא,2018,13
,בית ג'ן,2018,81
,בית הגדי,2018,5
,בית השיטה,2018,3
,בית זית,2018,5
,בית יוסף,2018,3
,בית מאיר,2018,5
,בית ניר,2018,2
,בית נקופה,2018,4
,בית קמה,2018,1
,בית שאן,2018,245
,בן עמי,2018,8
,בני יהודה,2018,10
,בני נצרים,2018,2
,"בסמ""ה",2018,38
,בענה,2018,54
,בצת,2018,63
,בר גיורא,2018,22
,ברוש,2018,9
,ברטעה,2018,2
,ג'דיידה-מכר,2018,66
,ג'ולס,2018,298
,ג'ת,2018,111
,גבע,2018,1
,גבעולים,2018,16
,גבעות בר,2018,4
,גבעת אלה,2018,11
,גבעת יואב,2018,4
,גבעת יערים,2018,16
,גדיידה,2018,9
,גדיש,2018,5
,גדעונה,2018,3
,גדרה,2018,1080
,גורנות הגליל,2018,19
,גזית,2018,139
,גילון,2018,10
,גילת,2018,4
,גיתה,2018,13
,גן נר,2018,21
,גפן,2018,4
,גשור,2018,1
,גשר,2018,3
,גשר הזיו,2018,6
,גת )קיבוץ(,2018,1
,גת בגליל,2018,8
,דבורה,2018,1
,דבירה,2018,1
,דברת,2018,22
,דייר אל-אסד,2018,26
,דייר חנא,2018,94
,דקל,2018,5
,דריג'את,2018,8
,הגושרים,2018,56
,הילה,2018,3
,הר אדר,2018,1
,הר עמשא,2018,3
,הררית,2018,5
,זכריה,2018,6
,זלפה,2018,8
,זרועה,2018,12
,חבר,2018,14
,חד-נס,2018,10
,חוסן,2018,38
,חורה,2018,8
,חורפיש,2018,102
,חלוץ,2018,8
,חניתה,2018,12
,חנתון,2018,80
,חספין,2018,11
,חפצי-בה,2018,8
,חצבה,2018,13
,חריש,2018,1139
,חרשים,2018,1
,טייבה )בעמק(,2018,5
,טירת צבי,2018,4
,טל-אל,2018,8
,טללים,2018,3
,טמרה,2018,159
,יאנוח,2018,1
,יאנוח-ג'ת,2018,41
,יד השמונה,2018,1
,יובלים,2018,4
,יודפת,2018,5
,יונתן,2018,5
,יושיביה,2018,4
,יזרעם,2018,2
,יחד,2018,1
,יחיעם,2018,8
,יטבתה,2018,1
,יסעור,2018,10
,יעד,2018,3
,יערה,2018,33
,יפיע,2018,75
,ירדנה,2018,4
,ירוחם,2018,183
,ירכא,2018,139
,ישע,2018,1
,יתד,2018,1
,כאבול,2018,64
,כאוכב אבו אל-היג'א,2018,30
,כברי,2018,11
,כיסופים,2018,2
,כיסרא,2018,4
,כישור,2018,4
,כליל,2018,17
,כמון,2018,4
,כסיפה,2018,3
,כסרא-סמיע,2018,21
,כפר ברוך,2018,31
,כפר החורש,2018,13
,כפר ורדים,2018,67
,כפר חנניה,2018,6
,כפר יאסיף,2018,95
,כפר יחזקאל,2018,50
,כפר מנדא,2018,157
,כפר מסריק,2018,4
,כפר מצר,2018,4
,כפר סמיע,2018,20
,כפר ראש הנקרה,2018,8
,כפר רופין,2018,13
,כפר תבור,2018,101
,כרמים,2018,7
,לבון,2018,6
,להב,2018,9
,להבים,2018,87
,לוזית,2018,4
,לוחמי הגיטאות,2018,5
,לוטם,2018,3
,ליבנה,2018,3
,לימן,2018,64
,לפידות,2018,1
,לקיה,2018,8
,מ. א. בני שמעון,2018,1
,מ. א. בקעת בית שאן,2018,3
,מ. א. הגליל העליון,2018,29
,מ. א. חבל אילות,2018,1
,מ. א. יואב,2018,1
,מ. א. מגידו,2018,3
,מ. א. מטה אשר,2018,1
,מ. א. מטה יהודה,2018,20
,מ. א. מרום הגליל,2018,14
,מ. א. משגב,2018,45
,מ. א. תמר,2018,1
,מבוא ביתר,2018,2
,מבוא דותן,2018,1
,מבוא חמה,2018,1
,מבועים,2018,5
,מבשרת ציון,2018,472
,מג`ד אל-כרום,2018,196
,מגדל העמק,2018,662
,מגידו,2018,40
,מגן שאול,2018,5
,מדרשת בן גוריון,2018,3
,מודיעין עילית,2018,1
,מולדת,2018,8
,מועאוויה,2018,19
,מוצא עילית,2018,34
,מוצא תחתית,2018,7
,מוקייבלה,2018,1
,מורן,2018,2
,מורשת,2018,9
,מושיירפה,2018,6
,מזרע,2018,13
,מזרעה,2018,45
,מחנה גבעת חנניה,2018,3
,מטע,2018,3
,מי עמי,2018,2
,מיטב,2018,5
,מירב,2018,3
,מירון,2018,13
,מיתר,2018,98
,מכמנים,2018,18
,מכר,2018,11
,מלאה,2018,2
,מנוף,2018,2
,מנות,2018,19
,מסילות,2018,12
,מסילת ציון,2018,2
,מסעדה,2018,1
,מעגלים,2018,5
,מעונה,2018,4
,מעיליא,2018,150
,מעלה גלבוע,2018,46
,מעלה גמלא,2018,1
,מעלה החמישה,2018,2
,מעלה עירון,2018,88
,מעלות-תרשיחא,2018,235
,מצובה,2018,8
,"מצפה אבי""ב",2018,4
,מצפה נטופה,2018,5
,מצפה רמון,2018,75
,מרום גולן,2018,6
,מרחב עם,2018,4
,משאבי שדה,2018,2
,משגב,2018,74
,משמר העמק,2018,7
,מתת,2018,12
,נאות גולן,2018,6
,נאות הכיכר,2018,2
,נבטים,2018,8
,נוב,2018,8
,נווה אור,2018,6
,"נווה אטי""ב",2018,2
,נווה אילן,2018,63
,נווה איתן,2018,1
,נווה זוהר,2018,44
,נווה זיו,2018,2
,נווה מיכאל,2018,2
,נורית,2018,6
,נחושה,2018,9
,נחל צלמון,2018,2
,נחלה,2018,3
,נחם,2018,12
,נחף,2018,79
,נטור,2018,1
,ניצנה )קהילת חינוך(,2018,3
,ניר דוד )תל עמל(,2018,26
,ניר יפה,2018,1
,ניר משה,2018,2
,ניר עקיבא,2018,40
,נס הרים,2018,5
,נס עמים,2018,2
,נצרת,2018,410
,"נתיב הל""ה",2018,54
,נתיב השיירה,2018,1
,סאג'ור,2018,56
,סגולה,2018,5
,סח'נין,2018,417
,סלמה,2018,7
,סער,2018,8
,ספיר,2018,9
,עבדון,2018,1
,עברון,2018,1
,עוזייר,2018,3
,עומר,2018,106
,עידן,2018,2
,עין אל-אסד,2018,16
,עין בוקק,2018,1
,עין גדי,2018,16
,עין הבשור,2018,15
,עין המפרץ,2018,211
,"עין הנצי""ב",2018,1
,עין זיוון,2018,3
,עין חמד,2018,3
,עין יהב,2018,6
,עין יעקב,2018,11
,"עין כרם-בי""ס חקלאי",2018,19
,עין נקובא,2018,14
,עין ראפה,2018,2
,עין תמר,2018,11
,עמינדב,2018,3
,עמיעוז,2018,1
,עמקה,2018,2
,עצמון שגב,2018,33
,עראבה,2018,268
,עראמשה,2018,2
,ערערה,2018,68
,ערערה-בנגב,2018,12
,פארן,2018,4
,פטיש,2018,4
,פלך,2018,1
,פסוטה,2018,69
,"פעמי תש""ז",2018,2
,פקיעין )בוקייעה(,2018,48
,פקיעין חדשה,2018,1
,צביה,2018,2
,צהל,2018,69
,צוחר,2018,5
,צופר,2018,2
,צוקים,2018,9
,צור הדסה,2018,141
,צוריאל,2018,1
,צורית,2018,4
,צנדלה,2018,4
,קבוצת יבנה,2018,1
,קדמת צבי,2018,6
,קלחים,2018,3
,קלע,2018,2
,קציר,2018,22
,קצרין,2018,144
,קריית יערים,2018,97
,קריית מלאכי,2018,398
,קריית ענבים,2018,42
,קרית יערים)מוסד(,2018,3
,קשת,2018,3
,ראמה,2018,74
,רביבים,2018,8
,רגבה,2018,23
,רהט,2018,27
,רוויה,2018,1
,רוחמה,2018,12
,רומאנה,2018,7
,רומת הייב,2018,10
,רחוב,2018,4
,ריחן,2018,1
,רם-און,2018,16
,רמות,2018,6
,רמת חובב,2018,3
,רמת מגשימים,2018,1
,רמת רזיאל,2018,2
,רמת רחל,2018,2
,רנן,2018,6
,רקפת,2018,3
,רשפים,2018,12
,רתמים,2018,2
,שבי ציון,2018,10
,שגב-שלום,2018,61
,שדה בוקר,2018,5
,שדה דוד,2018,5
,שדה משה,2018,2
,שדה נחום,2018,34
,שדה צבי,2018,6
,שדי תרומות,2018,1
,שואבה,2018,5
,שובל,2018,1
,שומרה,2018,1
,שוקדה,2018,2
,שורש,2018,21
,שורשים,2018,1
,שזור,2018,1
,שייח' דנון,2018,7
,שלוחות,2018,5
,שלומי,2018,135
,שמרת,2018,7
,שמשית,2018,8
,שעב,2018,39
,שרונה,2018,15
,שריגים )לי-און(,2018,6
,שרשרת,2018,16
,תאשור,2018,21
,תדהר,2018,2
,תובל,2018,20
,תירוש,2018,2
,תל יוסף,2018,1
,תל שבע,2018,4
,תל תאומים,2018,5
,תפרח,2018,3
,תקומה,2018,1
,אבטין,2018,28
,אביאל,2018,6
,אביבים,2018,1
,אום אל-גנם,2018,2
,אור עקיבא,2018,347
,אושה,2018,54
,איילת השחר,2018,11
,אילניה,2018,4
,אכסאל,2018,50
,אלומות,2018,8
,אלוני אבא,2018,3
,אליפלט,2018,13
,אלמגור,2018,3
,אמירים,2018,6
,אמנון,2018,10
,אעבלין,2018,266
,אפק,2018,33
,אשדות יעקב )איחוד(,2018,71
,אשדות יעקב )מאוחד(,2018,20
,ביריה,2018,4
,בית אורן,2018,2
,בית הלל,2018,2
,בית זרע,2018,14
,בית לחם הגלילית,2018,4
,בית רימון,2018,2
,בית שערים,2018,6
,בלפוריה,2018,14
,בנימינה-גבעת עדה,2018,196
,בסמת טבעון,2018,56
,בר יוחאי,2018,1
,בת שלמה,2018,12
,ג'ש )גוש חלב(,2018,29
,גבע כרמל,2018,3
,גבעת אבני,2018,10
,"גבעת ניל""י",2018,2
,גבעת עדה,2018,64
,גבת,2018,33
,גדות,2018,1
,גונן,2018,5
,גינוסר,2018,2
,גיניגר,2018,17
,דאלית אל-כרמל,2018,283
,דבוריה,2018,69
,דגניה א',2018,196
,דגניה ב',2018,82
,דור,2018,14
,דליה,2018,5
,דלתון,2018,8
,הבונים,2018,34
,הושעיה,2018,2
,הזורע,2018,1
,הזורעים,2018,3
,החותרים,2018,4
,היוגב,2018,22
,הסוללים,2018,6
,זכרון יעקב,2018,384
,זרזיר,2018,47
,ח'ואלד,2018,1
,חולתה,2018,1
,חוקוק,2018,72
,חזון,2018,24
,חלף,2018,1
,חמאם,2018,9
,חצור הגלילית,2018,124
,חרוצים,2018,9
,טבעון,2018,3
,טובא-זנגריה,2018,16
,טורעאן,2018,127
,טירת כרמל,2018,528
,טמרה )יזרעאל(,2018,1
,טפחות,2018,1
,יבנאל,2018,107
,יובל,2018,18
,יזרעאל,2018,1
,יסוד המעלה,2018,11
,יפעת,2018,2
,יפתח,2018,2
,יקנעם )מושבה(,2018,29
,יקנעם עילית,2018,360
,כדורי,2018,1
,כורזים,2018,1
,כחל,2018,6
,כלנית,2018,17
,כנרת )מושבה(,2018,20
,כנרת )קבוצה(,2018,1
,כעביה-טבאש-חג'אג'רה,2018,11
,כפר ביאליק,2018,7
,כפר בלום,2018,5
,כפר גדעון,2018,1
,כפר גליקסון,2018,10
,כפר גלעדי,2018,8
,כפר הנשיא,2018,9
,כפר זיתים,2018,4
,כפר חושן,2018,4
,כפר חיטים,2018,4
,כפר חסידים א',2018,5
,כפר חסידים ב',2018,1
,כפר יהושע,2018,8
,כפר כמא,2018,12
,כפר כנא,2018,181
,כפר סאלד,2018,1
,כפר פינס,2018,1
,כפר קיש,2018,2
,כפר קרע,2018,73
,כפר שמאי,2018,4
,כרכום,2018,3
,כרם בן זמרה,2018,1
,"כרם מהר""ל",2018,9
,לביא,2018,1
,לבנים,2018,1
,להבות הבשן,2018,16
,מגאר,2018,256
,מגדים,2018,4
,מגדל,2018,106
,מדרך עוז,2018,2
,מחניים,2018,7
,מטולה,2018,21
,מלכיה,2018,19
,מנחמיה,2018,7
,מנרה,2018,29
,מסד,2018,8
,מסדה,2018,2
,מעגן,2018,9
,מעין ברוך,2018,44
,מצפה,2018,1
,מרחביה )מושב(,2018,123
,מרחביה )קיבוץ(,2018,40
,משגב עם,2018,17
,משהד,2018,32
,משמר הירדן,2018,11
,נאות מרדכי,2018,14
,נאעורה,2018,18
,נהלל,2018,10
,נווה ים,2018,6
,נופית,2018,12
,נחשולים,2018,20
,ניין,2018,22
,סולם,2018,7
,עארה,2018,12
,עדי,2018,7
,עיילבון,2018,72
,עילוט,2018,48
,עין איילה,2018,5
,עין גב,2018,1
,עין דור,2018,8
,עין הוד,2018,1
,עין השופט,2018,31
,עין כרמל,2018,21
,עין מאהל,2018,89
,עין עירון,2018,3
,עלמה,2018,3
,עמיעד,2018,11
,עמיקם,2018,4
,עמיר,2018,74
,עמריה,2018,1
,עספיא,2018,148
,עתלית,2018,279
,פוריה - כפר עבודה,2018,2
,פוריה - נווה עובד,2018,10
,פוריה עילית,2018,47
,פוריידיס,2018,22
,פרוד,2018,6
,צבעון,2018,7
,ציפורי,2018,11
,צפת,2018,594
,צרופה,2018,3
,קדרים,2018,10
,קורנית,2018,4
,קיסריה,2018,116
,קריית טבעון,2018,212
,קריית שמונה,2018,503
,קרית חיים,2018,198
,קרית חרושת,2018,1
,קרני שומרון,2018,1
,ראש פינה,2018,54
,רגבים,2018,10
,ריחאניה,2018,8
,ריינה,2018,145
,רכסים,2018,142
,רמות מנשה,2018,24
,רמות נפתלי,2018,1
,רמת השופט,2018,1
,רמת יוחנן,2018,1
,רמת ישי,2018,103
,רמת צבי,2018,4
,שאר ישוב,2018,2
,שבלי - אום אל-גנם,2018,15
,שדה אילן,2018,4
,שדה יעקב,2018,5
,שדה נחמיה,2018,7
,שדות ים,2018,15
,שדמות דבורה,2018,4
,שכניה,2018,5
,שניר,2018,5
,שער הגולן,2018,1
,שער העמקים,2018,2
,שפר,2018,4
,שפרעם,2018,258
,שריד,2018,7
,תל עדשים,2018,10
,תל קציר,2018,19
,תמרת,2018,8
,*קדימה-צורן*,2018,25
,אביחיל,2018,14
,אבן יהודה,2018,114
,אודים,2018,6
,אום אל-קוטוף,2018,2
,אומץ,2018,1
,אזור,2018,253
,"אזור רמת גן מ""א 42",2018,1
,אחיטוב,2018,7
,אחיסמך,2018,201
,אחיעזר,2018,6
,איבתאן,2018,4
,אייל,2018,1
,אליכין,2018,70
,אלישיב,2018,3
,אלישמע,2018,2
,אלעד,2018,313
,באקה אל-גרביה,2018,82
,באר טוביה,2018,14
,בארותיים,2018,3
,בורגתה,2018,3
,בחן,2018,5
,ביר א סכה,2018,3
,בית אלעזרי,2018,5
,בית גמליאל,2018,2
,בית דג'ן)שכם(,2018,86
,בית דגן,2018,92
,בית הלוי,2018,1
,בית חירות,2018,5
,בית חלקיה,2018,12
,בית חנניה,2018,1
,בית חשמונאי,2018,12
,בית יהושע,2018,12
,בית ינאי,2018,4
,בית יצחק-שער חפר,2018,12
,בית נחמיה,2018,3
,בית עוזיאל,2018,2
,בית עמרא,2018,10
,בית עריף,2018,8
,בן זכאי,2018,75
,בן שמן )מושב(,2018,8
,בני דרור,2018,6
,בני עטרות,2018,2
,בני ציון,2018,9
,בני ראם,2018,2
,בניה,2018,9
,בצרה,2018,16
,בקוע,2018,21
,ברקת,2018,38
,בת חן,2018,1
,בת חפר,2018,22
,ג'לג'וליה,2018,79
,ג'סר א-זרקא,2018,16
,גאולי תימן,2018,3
,גאולים,2018,5
,גבעת ברנר,2018,18
,גבעת חיים )איחוד(,2018,10
,גבעת חיים )מאוחד(,2018,1
,"גבעת כ""ח",2018,5
,גבעת שמואל,2018,607
,גבעת שפירא,2018,1
,גזר,2018,15
,גיזו,2018,2
,גינתון,2018,1
,גליל ים,2018,141
,גן השומרון,2018,15
,גן חיים,2018,19
,גן יאשיה,2018,1
,גן שורק,2018,11
,גן שמואל,2018,1
,גנות,2018,9
,גנות הדר,2018,4
,גני הדר,2018,10
,גני טל,2018,8
,גני יהודה,2018,7
,גני יוחנן,2018,2
,גני עם,2018,4
,גני תקווה,2018,306
,געש,2018,13
,"דרום השרון מ""א 02",2018,4
,הדסים,2018,1
,הדר עם,2018,5
,הודיה,2018,4
,המעפיל,2018,75
,העוגן,2018,5
,זיתן,2018,8
,זמר,2018,32
,ח'ואלד )שבט(,2018,2
,חבצלת השרון,2018,11
,חג'אג'רה*,2018,2
,חגור,2018,3
,חגלה,2018,2
,חדיד,2018,2
,חופית,2018,11
,חורשים,2018,4
,חיבת ציון,2018,8
,חירות,2018,1
,חמד,2018,3
,חניאל,2018,8
,חפץ חיים,2018,6
,חרב לאת,2018,5
,טייבה,2018,232
,טירה,2018,164
,טירת יהודה,2018,2
,טל שחר,2018,6
,יגל,2018,4
,יד בנימין,2018,6
,יד חנה,2018,11
,"יד רמב""ם",2018,4
,יהוד,2018,418
,יהוד-מונוסון,2018,102
,ימא,2018,8
,ינוב,2018,370
,יעף,2018,1
,יציץ,2018,1
,יקום,2018,10
,ירחיב,2018,18
,ירקונה,2018,3
,ישעי,2018,2
,כוכב יאיר,2018,74
,כוכב מיכאל,2018,2
,כנות,2018,2
,כפר אביב,2018,3
,כפר אוריה,2018,2
,"כפר אז""ר",2018,15
,"כפר ביל""ו",2018,10
,כפר בן נון,2018,3
,כפר ברא,2018,55
,כפר המכבי,2018,10
,כפר הס,2018,9
,"כפר הרא""ה",2018,8
,כפר ויתקין,2018,9
,"כפר חב""ד",2018,7
,כפר טרומן,2018,8
,כפר ידידיה,2018,6
,כפר יונה,2018,312
,"כפר מל""ל",2018,4
,כפר מרדכי,2018,2
,כפר נטר,2018,1
,כפר קאסם,2018,115
,כפר שמואל,2018,2
,כפר שמריהו,2018,40
,כרמי יוסף,2018,28
,להבות חביבה,2018,7
,לפיד,2018,12
,מאור,2018,10
,מגל,2018,40
,מגשימים,2018,2
,מזור,2018,2
,מזכרת בתיה,2018,208
,מייסר,2018,4
,מישר,2018,5
,מכבים-רעות,2018,46
,מכמורת,2018,10
,מעין צבי,2018,1
,מענית,2018,23
,מעש,2018,4
,מצליח,2018,13
,מרגה,2018,8
,משגב דב,2018,14
,משמר דוד,2018,19
,משמר השבעה,2018,4
,משמרות,2018,18
,משמרת,2018,7
,מתן,2018,29
,נהורה,2018,28
,נווה אפרים,2018,22
,נווה ימין,2018,4
,נווה ירק,2018,6
,נווה מבטח,2018,2
,נוף איילון,2018,13
,נורדיה,2018,12
,נחלים,2018,13
,נחשון,2018,2
,ניצני עוז,2018,4
,ניר אליהו,2018,1
,ניר צבי,2018,8
,נירית,2018,4
,נצר חזני,2018,1
,נצר סרני,2018,3
,סביון*,2018,78
,סתריה,2018,12
,עדנים,2018,14
,עולש,2018,7
,עזריאל,2018,6
,עין ורד,2018,11
,עין שמר,2018,8
,עין שריד,2018,20
,"עמק חפר מזרח מ""א 61",2018,1
,עשרת,2018,8
,פדיה,2018,1
,פורת,2018,2
,פרדסיה,2018,123
,פתחיה,2018,3
,צופית,2018,19
,צוקי ים,2018,1
,צור יגאל,2018,39
,צור יצחק,2018,130
,צור משה,2018,20
,צור נתן,2018,25
,צורן,2018,34
,צלפון,2018,5
,צפריה,2018,20
,צרעה,2018,7
,קדימה-צורן,2018,240
,קדרון,2018,4
,קלנסווה,2018,86
,קריית עקרון,2018,84
,ראס עלי,2018,1
,רינתיה,2018,2
,רמות השבים,2018,11
,רמות מאיר,2018,4
,רמת אפעל,2018,24
,רשפון,2018,9
,שדה ורבורג,2018,12
,שדה יצחק,2018,11
,שדי חמד,2018,3
,שדמה,2018,3
,שוהם,2018,406
,שושנת העמקים,2018,2
,שעלבים,2018,1
,שער אפרים,2018,8
,שפיים,2018,11
,תל יצחק,2018,6
,תל מונד,2018,186
,תלמי אלעזר,2018,2
,תנובות,2018,4
,אביגדור,2018,2
,אבן שמואל,2018,10
,אור הנר,2018,2
,אורות,2018,2
,אחווה,2018,4
,אירוס,2018,12
,איתן,2018,11
,אלומה,2018,11
,אמונים,2018,4
,אמציה,2018,36
,ארז,2018,2
,באר גנים,2018,19
,ביצרון,2018,4
,בית חנן,2018,3
,בית עובד,2018,6
,בית עזרא,2018,1
,בית שקמה,2018,7
,ביתר עילית,2018,2
,בני דקלים,2018,1
,בני דרום,2018,5
,"בני עי""ש",2018,55
,ברור חיל,2018,10
,בת הדר,2018,4
,בת חצור,2018,3
,גאליה,2018,9
,גבים,2018,9
,גבעת השלושה,2018,23
,גבעתי,2018,1
,גברעם,2018,47
,גיאה,2018,3
,גיבתון,2018,8
,גן הדרום,2018,2
,גן יבנה,2018,225
,גן שלמה,2018,1
,דורות,2018,3
,הראל,2018,1
,ורדון,2018,1
,זבדיאל,2018,8
,זוהר,2018,4
,זיקים,2018,3
,זמרת,2018,3
,זרחיה,2018,4
,חולדה,2018,46
,חלץ,2018,3
,חצב,2018,5
,חצור-אשדוד,2018,2
,יבול,2018,4
,יד מרדכי,2018,3
,יד נתן,2018,2
,ינון,2018,4
,יסודות,2018,4
,כפר אחים,2018,7
,כפר גבירול,2018,1
,כפר דניאל,2018,4
,כפר הנגיד,2018,8
,"כפר הרי""ף",2018,2
,כפר ורבורג,2018,2
,כפר מימון,2018,13
,כפר מנחם,2018,7
,כפר סירקין,2018,6
,כפר עזה,2018,1
,כרמיה,2018,2
,לכיש,2018,4
,מ. א. באר טוביה,2018,1
,מ. א. גזר,2018,2
,מ. א. גן רוה,2018,2
,מ. א. חבל יבנה,2018,13
,מ. א. עמק לוד,2018,5
,מבחור,2018,1
,מכחול,2018,1
,מלילות,2018,4
,מנוחה,2018,1
,מקווה ישראל,2018,1
,מרכז שפירא,2018,68
,משען,2018,1
,נגבה,2018,4
,נוה,2018,3
,נווה שלום,2018,57
,נחל עוז,2018,65
,נחלת יהודה,2018,166
,נטעים,2018,4
,ניצן,2018,8
,ניצנים,2018,33
,ניר בנים,2018,5
,ניר גלים,2018,59
,"ניר ח""ן",2018,2
,ניר ישראל,2018,6
,ניר עם,2018,19
,נתיב העשרה,2018,1
,עוזה,2018,2
,עוצם,2018,1
,עזר,2018,2
,עזריה,2018,5
,עזריקם,2018,4
,עין צורים,2018,2
,עינת,2018,1
,ערוגות,2018,3
,קוממיות,2018,4
,רבדים,2018,6
,רווחה,2018,6
,רימונים,2018,1
,שדה יואב,2018,4
,שדה עוזיהו,2018,2
,שחר,2018,9
,שיבולים,2018,6
,שלווה,2018,8
,שפיר,2018,12
,שקף,2018,2
,שתולים,2018,8
,תימורים,2018,8
,"תלמי ביל""ו",2018,1
,תלמי יפה,2018,4
,תלמי מנשה,2018,2
,תלמים,2018,2
,,2019,16
,אבו ג'ווייעד )שבט(,2019,19
,אבו גוש,2019,37
,אבו סנאן,2019,53
,אבו קורינאת )שבט(,2019,23
,אבטליון,2019,4
,אביטל,2019,3
,אביעזר,2019,4
,אבירים,2019,7
,אבן מנחם,2019,2
,אבני איתן,2019,10
,אבשלום,2019,3
,אדמית,2019,2
,אדרת,2019,2
,אודם,2019,1
,אוהד,2019,6
,אום אל-פחם,2019,265
,אומן,2019,13
,אחוזת ברק,2019,14
,אחיהוד,2019,6
,אילון,2019,16
,אילות,2019,6
,אל סייד,2019,3
,אל-רום,2019,10
,אלון הגליל,2019,10
,אלי-עד,2019,1
,אליעד,2019,8
,אעבלין,2019,223
,אפיק,2019,3
,ארבל,2019,1
,אשבול,2019,11
,אשחר,2019,36
,אשלים,2019,2
,אשרת,2019,23
,אשתאול,2019,2
,באר אורה,2019,9
,בוסתן הגליל,2019,61
,בועיינה-נוג'ידאת,2019,49
,בטחה,2019,1
,ביאדה,2019,1
,ביר אל-מכסור,2019,92
,ביר הדאג',2019,1
,בית אלפא,2019,37
,בית ג'ן,2019,78
,בית הגדי,2019,2
,בית העמק,2019,13
,בית השיטה,2019,4
,בית זית,2019,6
,בית חנניה,2019,7
,בית יוסף,2019,2
,בית מאיר,2019,3
,בית ניר,2019,1
,בית קמה,2019,3
,בית שאן,2019,274
,בן עמי,2019,4
,בני יהודה,2019,10
,בני נצרים,2019,4
,"בסמ""ה",2019,21
,בענה,2019,49
,בצת,2019,24
,ברוש,2019,7
,ברק,2019,9
,ג'דיידה-מכר,2019,62
,ג'ולס,2019,81
,ג'ת,2019,54
,גבולות,2019,2
,גבעות בר,2019,6
,גבעת אבני,2019,8
,גבעת אלה,2019,16
,גבעת יואב,2019,7
,גבעת יערים,2019,15
,גבעת ישעיהו,2019,4
,גדיידה,2019,2
,גדיש,2019,2
,גדעונה,2019,5
,גדרה,2019,669
,גורן,2019,1
,גורנות הגליל,2019,5
,גזית,2019,37
,גילון,2019,3
,גילת,2019,11
,גיתה,2019,34
,גלאון,2019,34
,גן נר,2019,20
,געתון,2019,4
,גפן,2019,13
,גשור,2019,3
,גשר הזיו,2019,9
,גת בגליל,2019,4
,דבורה,2019,1
,דבירה,2019,7
,דברת,2019,21
,דייר אל-אסד,2019,25
,דייר חנא,2019,89
,דקל,2019,26
,דריג'את,2019,2
,הושעיה,2019,2
,הילה,2019,2
,הררית,2019,5
,זכריה,2019,1
,זלפה,2019,7
,זנוח,2019,3
,זרועה,2019,6
,חבר,2019,12
,חברון,2019,1
,חד-נס,2019,9
,חוסן,2019,12
,חורה,2019,18
,חורפיש,2019,32
,חלוץ,2019,4
,חמדיה,2019,13
,חניתה,2019,4
,חנתון,2019,5
,חספין,2019,28
,חפצי-בה,2019,4
,חצבה,2019,4
,חריש,2019,1657
,טייבה )בעמק(,2019,5
,טירת צבי,2019,6
,טל-אל,2019,29
,טללים,2019,2
,טמרה,2019,167
,יאנוח,2019,1
,יאנוח-ג'ת,2019,52
,יבול,2019,18
,יגור,2019,3
,יהל,2019,4
,יובלים,2019,4
,יודפת,2019,2
,יונתן,2019,2
,יושיביה,2019,6
,יזרעם,2019,4
,יחד,2019,1
,יחיעם,2019,7
,יטבתה,2019,1
,יסעור,2019,9
,יערה,2019,4
,יפיע,2019,139
,ירדנה,2019,6
,ירוחם,2019,110
,ירכא,2019,55
,ישעי,2019,2
,כאבול,2019,57
,כאוכב אבו אל-היג'א,2019,13
,כברי,2019,2
,כיסרא,2019,3
,כישור,2019,2
,כליל,2019,8
,כמאנה,2019,104
,כמון,2019,6
,כנף,2019,3
,כסיפה,2019,4
,כסרא-סמיע,2019,33
,כפר ברוך,2019,7
,כפר החורש,2019,25
,כפר ורדים,2019,87
,כפר חנניה,2019,9
,כפר חרוב,2019,3
,כפר יאסיף,2019,86
,כפר יחזקאל,2019,9
,כפר כנא,2019,111
,כפר מנדא,2019,180
,כפר מסריק,2019,12
,כפר מצר,2019,1
,כפר סמיע,2019,8
,כפר ראש הנקרה,2019,6
,כפר רוזנואלד )זרעית(,2019,2
,כפר רופין,2019,4
,כפר תבור,2019,86
,כרם שלום,2019,9
,כרמים,2019,4
,לבון,2019,9
,להב,2019,7
,להבים,2019,68
,לוזית,2019,6
,לוחמי הגיטאות,2019,3
,לוטם,2019,12
,ליבנה,2019,1
,לימן,2019,18
,לפידות,2019,2
,לקיה,2019,3
,מ. א. אשכול,2019,1
,מ. א. בקעת בית שאן,2019,4
,מ. א. הגליל העליון,2019,25
,מ. א. מגידו,2019,4
,מ. א. מטה יהודה,2019,8
,מ. א. משגב,2019,30
,מ. א. רמת נגב,2019,1
,מ. א. שדות הנגב,2019,3
,מ. א. תמר,2019,6
,מבוא ביתר,2019,5
,מבועים,2019,5
,מבשרת ציון,2019,318
,מג`ד אל-כרום,2019,92
,מגדל העמק,2019,549
,מגידו,2019,14
,מגן,2019,1
,מגן שאול,2019,3
,מדרשת בן גוריון,2019,6
,מודיעין עילית,2019,4
,מולדת,2019,3
,מועאוויה,2019,11
,מוצא עילית,2019,44
,מוצא תחתית,2019,7
,מוקייבלה,2019,35
,מורן,2019,1
,מורשת,2019,4
,מושיירפה,2019,5
,מזכרת בתיה,2019,159
,מזרעה,2019,8
,מחנה גבעת חנניה,2019,2
,מטע,2019,4
,מי עמי,2019,3
,מיטב,2019,1
,מירב,2019,9
,מירון,2019,9
,מיתר,2019,118
,מכחול,2019,8
,מכמנים,2019,14
,מכר,2019,8
,מלילות,2019,3
,מנוף,2019,4
,מנות,2019,1
,מנשית זבדה,2019,1
,מסילות,2019,20
,מסילת ציון,2019,2
,מסלול,2019,45
,מסעדה,2019,1
,מעגלים,2019,1
,מעוז חיים,2019,2
,מעונה,2019,2
,מעיליא,2019,53
,מעלה גלבוע,2019,14
,מעלה גמלא,2019,3
,מעלה עירון,2019,72
,מעלות-תרשיחא,2019,271
,מצובה,2019,7
,"מצפה אבי""ב",2019,3
,מצפה נטופה,2019,4
,מצפה רמון,2019,93
,מרום גולן,2019,2
,מרחב עם,2019,5
,משגב,2019,44
,משמר הנגב,2019,3
,נאות גולן,2019,3
,נאות הכיכר,2019,1
,נאות סמדר,2019,1
,נבטים,2019,14
,נוב,2019,9
,נוה,2019,13
,נווה אור,2019,4
,"נווה אטי""ב",2019,5
,נווה אילן,2019,13
,נווה איתן,2019,10
,נווה זוהר,2019,13
,נווה זיו,2019,3
,נווה מיכאל,2019,6
,נורית,2019,5
,נחושה,2019,4
,נחלה,2019,7
,נחם,2019,3
,נחף,2019,81
,נטועה,2019,3
,נטור,2019,2
,נטף,2019,5
,ניצנה )קהילת חינוך(,2019,6
,ניצני סיני,2019,1
,ניר דוד )תל עמל(,2019,3
,ניר יפה,2019,4
,ניר עקיבא,2019,24
,נירים,2019,1
,נס הרים,2019,1
,נס עמים,2019,2
,נצרת,2019,329
,"נתיב הל""ה",2019,50
,נתיב השיירה,2019,5
,סאג'ור,2019,78
,סגולה,2019,5
,סח'נין,2019,296
,סלמה,2019,11
,סעד,2019,1
,סער,2019,1
,ספיר,2019,4
,עבדון,2019,1
,עוזייר,2019,2
,עומר,2019,108
,עילוט,2019,32
,עין אל-אסד,2019,15
,עין בוקק,2019,2
,עין גדי,2019,2
,עין הבשור,2019,25
,עין המפרץ,2019,25
,"עין הנצי""ב",2019,1
,עין זיוון,2019,6
,עין חצבה,2019,1
,עין יהב,2019,15
,עין יעקב,2019,6
,"עין כרם-בי""ס חקלאי",2019,10
,עין נקובא,2019,11
,עין ראפה,2019,5
,עין תמר,2019,2
,עמקה,2019,6
,עספיא,2019,139
,עצמון שגב,2019,10
,עראבה,2019,154
,עראמשה,2019,5
,ערערה,2019,49
,ערערה-בנגב,2019,14
,פארן,2019,2
,פדויים,2019,14
,פטיש,2019,11
,פלך,2019,1
,פסוטה,2019,49
,"פעמי תש""ז",2019,5
,פקיעין )בוקייעה(,2019,23
,פקיעין חדשה,2019,2
,צאלים,2019,1
,צביה,2019,2
,צהל,2019,68
,צוחר,2019,4
,צופר,2019,2
,צוקים,2019,3
,צור הדסה,2019,84
,צורית,2019,4
,צנדלה,2019,7
,צפרירים,2019,1
,קדמת צבי,2019,2
,קורנית,2019,2
,קלחים,2019,2
,קלע,2019,2
,קציר,2019,16
,קצרין,2019,142
,קריית יערים,2019,71
,קריית ענבים,2019,50
,קריית שדה התעופה,2019,1
,קרית יערים)מוסד(,2019,5
,קשת,2019,3
,ראמה,2019,63
,רביבים,2019,3
,רגבה,2019,7
,רהט,2019,44
,רוויה,2019,1
,רוחמה,2019,2
,רחוב,2019,1
,רם-און,2019,5
,רמות,2019,10
,רמת חובב,2019,3
,רמת מגשימים,2019,5
,רמת רזיאל,2019,6
,רמת רחל,2019,1
,רקפת,2019,2
,רשפים,2019,20
,רתמים,2019,6
,שבי ציון,2019,11
,שגב-שלום,2019,27
,שדה בוקר,2019,59
,שדה משה,2019,2
,שדה נחום,2019,31
,שדה ניצן,2019,5
,שדה צבי,2019,2
,שדי תרומות,2019,3
,שואבה,2019,1
,שובל,2019,6
,שומרה,2019,3
,שורש,2019,11
,שורשים,2019,1
,שזור,2019,1
,שיבולים,2019,3
,שייח' דנון,2019,1
,שלומי,2019,174
,שמרת,2019,3
,שמשית,2019,21
,שני,2019,2
,שעב,2019,12
,שעל,2019,5
,שרונה,2019,1
,שריגים )לי-און(,2019,33
,שרשרת,2019,19
,שתולה,2019,3
,תאשור,2019,6
,תדהר,2019,5
,תובל,2019,2
,תל עדשים,2019,17
,תל שבע,2019,165
,תל תאומים,2019,3
,תלמי אליהו,2019,1
,"תלמי ביל""ו",2019,2
,תפרח,2019,1
,תקומה,2019,3
,תראבין א-צאנע )שבט(,2019,6
,אבטין,2019,25
,אביאל,2019,2
,אביבים,2019,2
,אור עקיבא,2019,956
,אושה,2019,15
,איילת השחר,2019,18
,אילניה,2019,5
,אכסאל,2019,40
,אלומות,2019,4
,אלוני אבא,2019,5
,אלונים,2019,152
,אליפלט,2019,10
,אליקים,2019,1
,אלמגור,2019,16
,אמנון,2019,11
,אפיקים,2019,2
,אפק,2019,28
,אשדות יעקב )איחוד(,2019,28
,אשדות יעקב )מאוחד(,2019,18
,ביריה,2019,10
,בית אורן,2019,2
,בית הלל,2019,4
,בית זרע,2019,4
,בית לחם הגלילית,2019,6
,בית קשת,2019,45
,בית רימון,2019,2
,בית שערים,2019,8
,בלפוריה,2019,19
,בנימינה-גבעת עדה,2019,189
,בסמת טבעון,2019,54
,בר יוחאי,2019,2
,ברקאי,2019,1
,בת שלמה,2019,10
,ג'ש )גוש חלב(,2019,33
,גבע כרמל,2019,12
,"גבעת ניל""י",2019,2
,גבעת עדה,2019,63
,גבת,2019,33
,גדות,2019,3
,גיניגר,2019,5
,דאלית אל-כרמל,2019,222
,דבוריה,2019,80
,דגניה א',2019,3
,דגניה ב',2019,1
,"דוב""ב",2019,2
,דור,2019,2
,דחי,2019,13
,דליה,2019,3
,דלתון,2019,4
,דפנה,2019,4
,הבונים,2019,7
,הגושרים,2019,15
,הזורעים,2019,13
,החותרים,2019,7
,היוגב,2019,8
,הסוללים,2019,4
,זובידאת )שבט(,2019,1
,זכרון יעקב,2019,356
,זרזיר,2019,18
,ח'ואלד )שבט(,2019,2
,חולתה,2019,11
,חוקוק,2019,4
,חזון,2019,3
,חצור הגלילית,2019,177
,חרוצים,2019,4
,טבעון,2019,6
,טובא-זנגריה,2019,9
,טורעאן,2019,154
,טירת כרמל,2019,474
,טמרה )יזרעאל(,2019,1
,טפחות,2019,1
,יבנאל,2019,106
,יובל,2019,17
,יזרעאל,2019,4
,יסוד המעלה,2019,8
,יפעת,2019,4
,יפתח,2019,2
,יקנעם )מושבה(,2019,15
,יקנעם עילית,2019,313
,כחל,2019,4
,כלנית,2019,4
,כנרת )מושבה(,2019,11
,כעביה-טבאש-חג'אג'רה,2019,7
,כפר ביאליק,2019,4
,כפר בלום,2019,9
,כפר גדעון,2019,1
,כפר גליקסון,2019,16
,כפר גלעדי,2019,22
,כפר המכבי,2019,4
,כפר הנשיא,2019,5
,כפר חושן,2019,2
,כפר חסידים א',2019,4
,כפר יהושע,2019,7
,כפר כמא,2019,21
,כפר סאלד,2019,9
,כפר פינס,2019,2
,כפר קיש,2019,31
,כפר קרע,2019,35
,כפר שמאי,2019,1
,כרמל,2019,2
,לביא,2019,1
,לבנים,2019,30
,להבות הבשן,2019,8
,מ. א. הגליל התחתון,2019,2
,מ. א. מרום הגליל,2019,8
,מגאר,2019,90
,מגדים,2019,12
,מגדל,2019,119
,מדרך עוז,2019,2
,מזרע,2019,7
,מחניים,2019,8
,מטולה,2019,16
,מלכיה,2019,1
,מנחמיה,2019,20
,מנרה,2019,15
,מסד,2019,17
,מסדה,2019,4
,מעגן,2019,11
,מעגן מיכאל,2019,1
,מעין ברוך,2019,11
,מעין צבי,2019,2
,מצפה,2019,5
,מרגליות,2019,7
,מרחביה )מושב(,2019,38
,מרחביה )קיבוץ(,2019,9
,משגב עם,2019,11
,משהד,2019,43
,משמר הירדן,2019,6
,משמר העמק,2019,3
,נאות מרדכי,2019,5
,נאעורה,2019,26
,נהלל,2019,3
,נווה ים,2019,8
,נופית,2019,14
,נחשולים,2019,2
,ניין,2019,17
,ניר עציון,2019,90
,סולם,2019,9
,עארה,2019,3
,עדי,2019,6
,עופר,2019,5
,עיילבון,2019,23
,עין איילה,2019,8
,עין דור,2019,8
,עין הוד,2019,10
,עין העמק,2019,2
,עין זיתים,2019,2
,עין כרמל,2019,130
,עין מאהל,2019,111
,עכברה,2019,1
,עלמה,2019,3
,עמיעד,2019,15
,עמיקם,2019,3
,עמיר,2019,56
,עתלית,2019,198
,פוריה - נווה עובד,2019,15
,פוריה עילית,2019,33
,פוריידיס,2019,44
,פרוד,2019,5
,צבעון,2019,3
,ציפורי,2019,14
,צפת,2019,445
,צרופה,2019,1
,קדרים,2019,5
,קיסריה,2019,138
,קריית טבעון,2019,324
,קריית שמונה,2019,394
,קרית חיים,2019,173
,ראש פינה,2019,54
,רגבים,2019,26
,רומאנה,2019,8
,רומת הייב,2019,3
,ריחאניה,2019,5
,ריינה,2019,113
,רכסים,2019,114
,רמות מנשה,2019,8
,רמות נפתלי,2019,2
,רמת דוד,2019,5
,רמת השופט,2019,3
,רמת יוחנן,2019,1
,רמת ישי,2019,105
,רמת צבי,2019,3
,שאר ישוב,2019,1
,שבלי - אום אל-גנם,2019,21
,שדה אילן,2019,5
,שדה אליעזר,2019,15
,שדה יעקב,2019,3
,שדה נחמיה,2019,18
,שדות ים,2019,14
,שדמות דבורה,2019,12
,שכניה,2019,4
,שמיר,2019,1
,שער הגולן,2019,2
,שער העמקים,2019,6
,שפר,2019,5
,שפרעם,2019,212
,שריד,2019,27
,תל קציר,2019,9
,תמרת,2019,8
,*קדימה-צורן*,2019,87
,אביחיל,2019,3
,אבן יהודה,2019,204
,אודים,2019,8
,אומץ,2019,5
,אזור,2019,182
,אחיטוב,2019,2
,אחיסמך,2019,149
,איבתאן,2019,5
,אליכין,2019,19
,אלישיב,2019,2
,אלישמע,2019,3
,אלעד,2019,234
,באקה אל-גרביה,2019,82
,בארותיים,2019,5
,בורגתה,2019,10
,בחן,2019,13
,ביר א סכה,2019,4
,בית אלעזרי,2019,3
,בית דג'ן)שכם(,2019,19
,בית דגן,2019,139
,בית חירות,2019,11
,בית חלקיה,2019,10
,בית חשמונאי,2019,11
,בית יהושע,2019,3
,בית ינאי,2019,4
,בית יצחק-שער חפר,2019,7
,בית נחמיה,2019,1
,בית עוזיאל,2019,4
,בית עמרא,2019,4
,בית עריף,2019,2
,ביתן אהרן,2019,6
,בן זכאי,2019,296
,בן שמן )מושב(,2019,5
,בני דרור,2019,31
,בני עטרות,2019,2
,בני ציון,2019,3
,בני ראם,2019,4
,בניה,2019,4
,בצרה,2019,40
,בקוע,2019,8
,ברקת,2019,41
,בת חן,2019,2
,בת חפר,2019,40
,ג'לג'וליה,2019,88
,ג'סר א-זרקא,2019,30
,גאולי תימן,2019,1
,"גבעת ח""ן",2019,2
,גבעת חיים )איחוד(,2019,6
,גבעת חיים )מאוחד(,2019,1
,גבעת שמואל,2019,623
,גזר,2019,6
,גינתון,2019,3
,גליל ים,2019,39
,גמזו,2019,3
,גן השומרון,2019,12
,גן חיים,2019,16
,גן יאשיה,2019,2
,גן שורק,2019,4
,גנות,2019,5
,גנות הדר,2019,1
,גני הדר,2019,5
,גני טל,2019,6
,גני יהודה,2019,13
,גני יוחנן,2019,5
,גני תקווה,2019,332
,געש,2019,11
,"דרום השרון מ""א 81",2019,1
,הדסים,2019,1
,הדר עם,2019,3
,המעפיל,2019,14
,העוגן,2019,7
,הרדוף,2019,1
,זמר,2019,49
,חבצלת השרון,2019,8
,חג'אג'רה*,2019,1
,חגור,2019,5
,חגלה,2019,1
,חולדה,2019,7
,חופית,2019,12
,חורשים,2019,4
,חיבת ציון,2019,6
,חירות,2019,4
,חמד,2019,11
,חניאל,2019,2
,חפץ חיים,2019,4
,חרב לאת,2019,5
,טייבה,2019,88
,טירה,2019,63
,טירת יהודה,2019,7
,טל שחר,2019,2
,יגל,2019,5
,יד בנימין,2019,8
,יד חנה,2019,7
,"יד רמב""ם",2019,9
,יהוד,2019,595
,יהוד-מונוסון,2019,178
,ימא,2019,5
,ינוב,2019,245
,יציץ,2019,3
,ירחיב,2019,6
,ירקונה,2019,1
,כוכב יאיר,2019,57
,כנות,2019,4
,כפר אביב,2019,2
,כפר אוריה,2019,1
,"כפר אז""ר",2019,17
,"כפר ביל""ו",2019,3
,כפר בן נון,2019,7
,כפר ברא,2019,30
,כפר הס,2019,10
,"כפר הרא""ה",2019,2
,כפר ויתקין,2019,7
,"כפר חב""ד",2019,7
,כפר חיים,2019,1
,כפר טרומן,2019,3
,כפר ידידיה,2019,3
,כפר יונה,2019,388
,כפר יעבץ,2019,1
,כפר מונש,2019,3
,"כפר מל""ל",2019,11
,כפר מרדכי,2019,3
,כפר נטר,2019,6
,כפר קאסם,2019,93
,כפר שמואל,2019,5
,כפר שמריהו,2019,44
,כרמי יוסף,2019,20
,להבות חביבה,2019,3
,לפיד,2019,16
,מ. א. חבל מודיעין,2019,1
,מ. א. עמק לוד,2019,3
,מאור,2019,10
,מגל,2019,36
,מגשימים,2019,3
,מזור,2019,4
,מחסיה,2019,3
,מייסר,2019,1
,מכבים-רעות,2019,53
,מכמורת,2019,10
,מענית,2019,40
,מעש,2019,8
,מצליח,2019,18
,מרגה,2019,4
,משאבי שדה,2019,2
,משגב דב,2019,2
,משמר איילון,2019,4
,משמר דוד,2019,13
,משמר השבעה,2019,2
,משמר השרון,2019,15
,משמרות,2019,10
,משמרת,2019,10
,מתן,2019,23
,נהורה,2019,6
,נווה אפרים,2019,15
,נווה ימין,2019,10
,נווה ירק,2019,5
,נווה מבטח,2019,1
,נוף איילון,2019,7
,נורדיה,2019,22
,נחלים,2019,31
,נחשון,2019,4
,נחשונים,2019,1
,ניצני עוז,2019,6
,ניר צבי,2019,9
,נירית,2019,6
,נצר חזני,2019,1
,נצר סרני,2019,288
,סביון*,2019,65
,סתריה,2019,6
,עדנים,2019,10
,עולש,2019,10
,עזריאל,2019,8
,עין ורד,2019,1
,עין חוד,2019,3
,עין שמר,2019,43
,עין שריד,2019,16
,עלי זהב,2019,1
,"עמק חפר מזרח מ""א 61",2019,5
,עשרת,2019,7
,פדיה,2019,3
,פורת,2019,3
,פלמחים,2019,2
,פרדסיה,2019,65
,פתחיה,2019,3
,צופית,2019,15
,צור יגאל,2019,39
,צור יצחק,2019,151
,צור משה,2019,11
,צור נתן,2019,27
,צורן,2019,45
,צפריה,2019,12
,צרעה,2019,48
,קדימה-צורן,2019,92
,קדרון,2019,8
,קלנסווה,2019,102
,קריית עקרון,2019,63
,ראס עלי,2019,5
,רינתיה,2019,1
,רמות השבים,2019,17
,רמות מאיר,2019,4
,רמת אפעל,2019,54
,רמת הכובש,2019,1
,רשפון,2019,9
,שדה ורבורג,2019,10
,שדה יצחק,2019,5
,שדות מיכה,2019,3
,שדי חמד,2019,6
,שדמה,2019,1
,שוהם,2019,647
,שושנת העמקים,2019,3
,שילת,2019,8
,שעלבים,2019,2
,שער אפרים,2019,11
,שפיים,2019,4
,תל יצחק,2019,10
,תל מונד,2019,253
,תלמי אלעזר,2019,4
,תנובות,2019,7
,אבו קרינאת )יישוב(,2019,1
,אבן שמואל,2019,6
,אור הנר,2019,6
,אורות,2019,1
,אחוזם,2019,7
,אירוס,2019,12
,איתן,2019,19
,אלומה,2019,8
,אמונים,2019,13
,אמציה,2019,28
,ארז,2019,49
,באר גנים,2019,12
,באר טוביה,2019,18
,ביצרון,2019,11
,בית גוברין,2019,1
,בית חנן,2019,4
,בית עובד,2019,2
,בית עזרא,2019,4
,בית רבן,2019,1
,בית שקמה,2019,10
,ביתר עילית,2019,1
,בני דקלים,2019,46
,בני דרום,2019,11
,"בני עי""ש",2019,57
,ברור חיל,2019,6
,ברכיה,2019,3
,בת הדר,2019,2
,גאליה,2019,4
,גבים,2019,2
,גבעולים,2019,6
,גבעת ברנר,2019,5
,גבעת השלושה,2019,4
,גבעת זאב,2019,2
,גבעתי,2019,1
,גברעם,2019,1
,גיאה,2019,13
,גיבתון,2019,6
,גן הדרום,2019,5
,גן יבנה,2019,218
,גן שלמה,2019,138
,דורות,2019,1
,"דרום השרון מ""א 02",2019,1
,הודיה,2019,7
,הר גילה,2019,3
,ורדון,2019,5
,זבדיאל,2019,16
,זוהר,2019,4
,זיקים,2019,5
,זמרת,2019,1
,זרחיה,2019,5
,חלץ,2019,2
,חצב,2019,4
,יד נתן,2019,2
,ינון,2019,2
,יסודות,2019,4
,כוכב מיכאל,2019,5
,כפר אהרון,2019,1
,כפר אחים,2019,1
,כפר דניאל,2019,2
,כפר הנגיד,2019,1
,"כפר הרי""ף",2019,2
,כפר ורבורג,2019,8
,כפר מימון,2019,3
,כפר מנחם,2019,5
,כפר סירקין,2019,6
,כפר עזה,2019,2
,כרמיה,2019,2
,לכיש,2019,46
,מ. א. חבל יבנה,2019,26
,מ. א. לכיש,2019,2
,מבחור,2019,1
,מבקיעים,2019,14
,מישר,2019,1
,מנוחה,2019,3
,מרכז שפירא,2019,95
,משען,2019,3
,נגבה,2019,2
,נוגה,2019,1
,נווה שלום,2019,1
,נחל עוז,2019,5
,נחלת יהודה,2019,9
,נטעים,2019,5
,ניצן,2019,17
,ניצנים,2019,17
,ניר בנים,2019,5
,ניר גלים,2019,87
,"ניר ח""ן",2019,8
,ניר ישראל,2019,10
,ניר עם,2019,9
,נתיב העשרה,2019,3
,עוזה,2019,2
,עוצם,2019,11
,עזר,2019,3
,עזריה,2019,3
,עין צורים,2019,15
,עינת,2019,3
,עלמון,2019,1
,ערוגות,2019,3
,צלפון,2019,3
,קבוצת יבנה,2019,1
,קריית מלאכי,2019,422
,רימונים,2019,1
,שדה דוד,2019,3
,שדה יואב,2019,1
,שדה עוזיהו,2019,1
,שובה,2019,1
,שומריה,2019,1
,שחר,2019,4
,שלווה,2019,3
,שער הנגב,2019,3
,שפיר,2019,7
,שקף,2019,3
,שתולים,2019,3
,תושיה,2019,1
,תימורים,2019,12
,תל חי,2019,1
,תלמי יחיאל,2019,4
,תלמי יפה,2019,6
,תלמי מנשה,2019,2
,,2020,40
,*עראבה*,2020,1
,אבו ג'ווייעד )שבט(,2020,2
,אבו גוש,2020,25
,אבו סנאן,2020,82
,אבו קרינאת )יישוב(,2020,1
,אבטליון,2020,8
,אבירים,2020,2
,אבן מנחם,2020,4
,אבן ספיר,2020,4
,אבני איתן,2020,3
,אבשלום,2020,5
,אדירים,2020,2
,אדמית,2020,2
,אדרת,2020,21
,אודם,2020,55
,אוהד,2020,7
,אום אל-פחם,2020,264
,אומן,2020,6
,אורה,2020,2
,אורים,2020,1
,"אזור באר שבע מ""א 14",2020,1
,"אזור נהריה של""ש",2020,1
,אחוזת ברק,2020,12
,אחיהוד,2020,8
,אילון,2020,13
,אל-רום,2020,1
,אלון הגליל,2020,4
,אלוני הבשן,2020,5
,אלי-עד,2020,6
,אלקוש,2020,2
,אניעם,2020,3
,אעבלין,2020,235
,אפיק,2020,1
,אריאל,2020,2
,אשבול,2020,5
,אשחר,2020,10
,אשלים,2020,3
,אשרת,2020,10
,אשתאול,2020,2
,באר אורה,2020,17
,בוסתן הגליל,2020,42
,בועיינה-נוג'ידאת,2020,81
,בוקעאתא,2020,1
,ביאדה,2020,2
,בית אלפא,2020,17
,בית ג'ן,2020,74
,בית גוברין,2020,2
,בית הגדי,2020,25
,בית העמק,2020,113
,בית השיטה,2020,212
,בית זית,2020,6
,בית יוסף,2020,4
,בית מאיר,2020,10
,בית ניר,2020,27
,בית נקופה,2020,2
,בית קמה,2020,2
,בית שאן,2020,276
,בית שערים,2020,6
,בן עמי,2020,3
,בני יהודה,2020,8
,בני נצרים,2020,7
,"בסמ""ה",2020,34
,בענה,2020,50
,בצת,2020,26
,בר גיורא,2020,3
,ברוש,2020,4
,ברטעה,2020,2
,ברק,2020,48
,ג'דיידה-מכר,2020,68
,ג'ולס,2020,245
,ג'ת,2020,56
,גבעולים,2020,2
,גבעות בר,2020,6
,גבעת אלה,2020,3
,גבעת יואב,2020,7
,גבעת יערים,2020,19
,גבעת ישעיהו,2020,1
,גדיידה,2020,3
,גדיש,2020,2
,גדעונה,2020,9
,גדרה,2020,597
,גורן,2020,2
,גורנות הגליל,2020,2
,גזית,2020,7
,גילון,2020,10
,גילת,2020,12
,גיתה,2020,11
,גלאון,2020,21
,גן נר,2020,14
,געתון,2020,17
,גפן,2020,2
,גשור,2020,13
,גשר,2020,3
,גשר הזיו,2020,3
,גת )קיבוץ(,2020,3
,גת בגליל,2020,8
,דבוריה,2020,98
,דבירה,2020,2
,דברת,2020,16
,דייר אל-אסד,2020,19
,דייר חנא,2020,52
,דקל,2020,18
,"דרום השרון מ""א 81",2020,5
,הושעיה,2020,2
,הילה,2020,3
,הר אדר,2020,1
,הררית,2020,8
,זכריה,2020,2
,זלפה,2020,2
,זרועה,2020,8
,חבר,2020,23
,חד-נס,2020,8
,חוסן,2020,16
,חורה,2020,7
,חורפיש,2020,39
,חלוץ,2020,2
,חמדיה,2020,10
,חניתה,2020,7
,חנתון,2020,5
,חספין,2020,14
,חפצי-בה,2020,9
,חצבה,2020,28
,חריש,2020,1377
,חרשים,2020,2
,טייבה )בעמק(,2020,4
,טירת צבי,2020,8
,טל שחר,2020,8
,טל-אל,2020,8
,טללים,2020,2
,טמרה,2020,222
,יאנוח,2020,4
,יאנוח-ג'ת,2020,67
,יבול,2020,21
,יד השמונה,2020,1
,יהל,2020,8
,יובלים,2020,1
,יושיביה,2020,1
,יזרעאל,2020,1
,יזרעם,2020,3
,יחיעם,2020,7
,ים המלח - בתי מלון,2020,1
,יסעור,2020,19
,יעד,2020,3
,יערה,2020,7
,יפיע,2020,61
,ירדנה,2020,4
,ירוחם,2020,110
,ירכא,2020,63
,יתד,2020,1
,כאבול,2020,22
,כאוכב אבו אל-היג'א,2020,25
,כברי,2020,4
,כיסופים,2020,2
,כישור,2020,5
,כליל,2020,16
,כמאנה,2020,6
,כמון,2020,7
,כנף,2020,4
,כסיפה,2020,1
,כסרא-סמיע,2020,29
,כפר החורש,2020,48
,כפר ורדים,2020,103
,כפר חנניה,2020,5
,כפר חרוב,2020,1
,כפר יאסיף,2020,101
,כפר יחזקאל,2020,8
,כפר מנדא,2020,167
,כפר מסריק,2020,1
,כפר מצר,2020,1
,כפר סמיע,2020,10
,כפר ראש הנקרה,2020,4
,כפר רופין,2020,11
,כפר תבור,2020,147
,כרמים,2020,41
,לבון,2020,38
,להב,2020,1
,להבים,2020,89
,לוזית,2020,6
,לוחמי הגיטאות,2020,35
,לוטם,2020,4
,ליבנה,2020,1
,לימן,2020,8
,לקיה,2020,1
,מ. א. בני שמעון,2020,3
,מ. א. בקעת בית שאן,2020,1
,מ. א. גולן,2020,1
,מ. א. הגליל העליון,2020,11
,מ. א. הערבה התיכונה,2020,1
,מ. א. מגידו,2020,3
,מ. א. מטה אשר,2020,7
,מ. א. מטה יהודה,2020,17
,מ. א. מרחבים,2020,3
,מ. א. משגב,2020,12
,מ. א. רמת נגב,2020,1
,מ. מ. רמת חובב,2020,1
,מבוא ביתר,2020,9
,מבועים,2020,8
,מבשרת ציון,2020,245
,מג`ד אל-כרום,2020,159
,מגדל העמק,2020,348
,מגידו,2020,39
,מגן שאול,2020,4
,מדרשת בן גוריון,2020,2
,מודיעין עילית,2020,8
,מולדת,2020,9
,מועאוויה,2020,16
,מוצא עילית,2020,28
,מוצא תחתית,2020,10
,מוקייבלה,2020,13
,מורן,2020,3
,מורשת,2020,1
,מושיירפה,2020,23
,מזרעה,2020,33
,מטע,2020,1
,מי עמי,2020,5
,מיטב,2020,1
,מיצר,2020,27
,מירב,2020,1
,מירון,2020,17
,מיתר,2020,177
,מכמנים,2020,3
,מכר,2020,7
,מלילות,2020,1
,מנוף,2020,3
,מנות,2020,6
,מנשית זבדה,2020,19
,מסילות,2020,2
,מסילת ציון,2020,1
,מסלול,2020,14
,מסעדה,2020,2
,מעגלים,2020,6
,מעוז חיים,2020,3
,מעיליא,2020,84
,מעלה גלבוע,2020,5
,מעלה גמלא,2020,7
,מעלה החמישה,2020,5
,מעלה עירון,2020,51
,מעלות-תרשיחא,2020,274
,מפלסים,2020,1
,מצובה,2020,5
,"מצפה אבי""ב",2020,1
,מצפה רמון,2020,104
,מרום גולן,2020,12
,מרחב עם,2020,3
,משאבי שדה,2020,1
,משגב,2020,42
,משמר הנגב,2020,3
,משמר העמק,2020,12
,נאות גולן,2020,2
,נאות הכיכר,2020,2
,נאות סמדר,2020,2
,נבטים,2020,2
,נוב,2020,6
,נוה,2020,2
,נווה אור,2020,7
,"נווה אטי""ב",2020,2
,נווה אילן,2020,14
,נווה איתן,2020,6
,נווה זוהר,2020,4
,נווה זיו,2020,24
,נווה מיכאל,2020,145
,נורית,2020,7
,נחושה,2020,3
,נחלה,2020,9
,נחם,2020,4
,נחף,2020,51
,נטור,2020,3
,נטף,2020,4
,ניצנה )קהילת חינוך(,2020,1
,ניצני סיני,2020,3
,ניצנים,2020,22
,ניר דוד )תל עמל(,2020,33
,ניר יפה,2020,5
,ניר משה,2020,2
,נירים,2020,95
,נס הרים,2020,1
,נס עמים,2020,1
,נצרת,2020,386
,"נתיב הל""ה",2020,43
,נתיב השיירה,2020,1
,סאג'ור,2020,55
,סגולה,2020,10
,סופה,2020,33
,סח'נין,2020,350
,סלמה,2020,9
,סמר,2020,3
,סער,2020,4
,ספיר,2020,9
,עבדון,2020,1
,עוזייר,2020,9
,עומר,2020,95
,עידן,2020,5
,עילוט,2020,28
,עין איברהים,2020,1
,עין אל-אסד,2020,26
,עין גב,2020,2
,עין גדי,2020,4
,עין הבשור,2020,14
,עין המפרץ,2020,19
,"עין הנצי""ב",2020,2
,עין השלושה,2020,9
,עין חרוד )מאוחד(,2020,3
,עין יהב,2020,15
,עין יעקב,2020,7
,"עין כרם-בי""ס חקלאי",2020,5
,עין נקובא,2020,9
,עין קיניא,2020,1
,עין ראפה,2020,3
,עמינדב,2020,4
,עמקה,2020,3
,עצמון שגב,2020,32
,עראבה,2020,155
,עראמשה,2020,1
,ערערה,2020,70
,ערערה-בנגב,2020,12
,פארן,2020,4
,פארק תעשיות עידן הנג,2020,2
,פדויים,2020,1
,פלך,2020,6
,פסוטה,2020,43
,"פעמי תש""ז",2020,4
,פקיעין )בוקייעה(,2020,35
,פקיעין חדשה,2020,9
,צביה,2020,2
,צהל,2020,44
,צוקים,2020,6
,צור הדסה,2020,79
,צוריאל,2020,6
,צורית,2020,6
,צנדלה,2020,35
,קדמת צבי,2020,7
,קורנית,2020,3
,קלחים,2020,5
,קלע,2020,2
,קציר,2020,14
,קצרין,2020,194
,קריית יערים,2020,40
,קריית ענבים,2020,49
,קרית יערים)מוסד(,2020,3
,קשת,2020,2
,ראמה,2020,98
,רביבים,2020,4
,רגבה,2020,4
,רהט,2020,21
,רוויה,2020,5
,רוחמה,2020,9
,רומאנה,2020,5
,רחוב,2020,7
,רם-און,2020,6
,רמות,2020,9
,רמת חובב,2020,4
,רמת מגשימים,2020,5
,רמת רזיאל,2020,4
,רנן,2020,2
,רקפת,2020,2
,רשפים,2020,10
,שבטה,2020,1
,שבי דרום,2020,3
,שבי ציון,2020,14
,שגב-שלום,2020,18
,שדה בוקר,2020,2
,שדה יצחק,2020,8
,שדה משה,2020,4
,שדה נחום,2020,37
,שדה ניצן,2020,1
,שדה צבי,2020,4
,שדי אברהם,2020,1
,שדי תרומות,2020,9
,שואבה,2020,5
,שובל,2020,6
,שומרה,2020,2
,שוקדה,2020,4
,שורש,2020,16
,שורשים,2020,18
,שיבולים,2020,9
,שייח' דנון,2020,1
,שלומי,2020,158
,שלומית,2020,2
,שמרת,2020,21
,שמשית,2020,15
,שני,2020,1
,שעב,2020,10
,שעל,2020,4
,שריגים )לי-און(,2020,27
,שרשרת,2020,3
,שתולה,2020,1
,תדהר,2020,2
,תובל,2020,49
,תל שבע,2020,7
,תל תאומים,2020,16
,"תלמי ביל""ו",2020,2
,תלמי יוסף,2020,1
,תפרח,2020,1
,תקומה,2020,4
,תראבין א-צאנע )שבט(,2020,2
,תרום,2020,2
,אבטין,2020,27
,אביאל,2020,5
,אביבים,2020,2
,אום אל-גנם,2020,3
,אור הגנוז,2020,1
,אור עקיבא,2020,501
,אושה,2020,40
,איילת השחר,2020,19
,אילניה,2020,6
,אכסאל,2020,46
,אלומות,2020,6
,אלוני אבא,2020,8
,אלונים,2020,32
,אליפלט,2020,18
,אליקים,2020,9
,אלמגור,2020,12
,אמירים,2020,2
,אמנון,2020,9
,אפיקים,2020,13
,אפק,2020,152
,ארבל,2020,2
,אשדות יעקב )איחוד(,2020,34
,אשדות יעקב )מאוחד(,2020,11
,ביר אל-מכסור,2020,32
,ביריה,2020,6
,בית הלל,2020,2
,בית לחם הגלילית,2020,5
,בית קשת,2020,15
,בית רימון,2020,7
,בלפוריה,2020,31
,בנימינה-גבעת עדה,2020,220
,בסמת טבעון,2020,25
,בר יוחאי,2020,2
,בת שלמה,2020,10
,ג'ש )גוש חלב(,2020,36
,גבע כרמל,2020,12
,גבעת אבני,2020,12
,"גבעת ניל""י",2020,1
,גבעת עדה,2020,45
,גבת,2020,30
,גונן,2020,4
,גינוסר,2020,1
,גיניגר,2020,8
,"גליל תחתון מז מ""א 2",2020,2
,"גליל תחתון מז של""ש",2020,1
,דאלית אל-כרמל,2020,222
,דגניה א',2020,31
,דגניה ב',2020,3
,דור,2020,4
,דחי,2020,3
,דליה,2020,2
,דלתון,2020,3
,דן,2020,2
,דפנה,2020,12
,הבונים,2020,39
,הגושרים,2020,15
,הזורעים,2020,10
,החותרים,2020,41
,היוגב,2020,14
,הסוללים,2020,6
,ואדי אל-ועד,2020,1
,זובידאת )שבט(,2020,1
,זכרון יעקב,2020,354
,זרזיר,2020,29
,חולתה,2020,16
,חוקוק,2020,3
,חזון,2020,14
,חלף,2020,2
,חמאם,2020,3
,חצור הגלילית,2020,198
,חרוצים,2020,7
,טבעון,2020,20
,טובא-זנגריה,2020,3
,טורעאן,2020,78
,טירת כרמל,2020,527
,טפחות,2020,7
,יבנאל,2020,89
,יובל,2020,2
,יודפת,2020,1
,יסוד המעלה,2020,19
,יפתח,2020,5
,יקנעם )מושבה(,2020,40
,יקנעם עילית,2020,651
,כדורי,2020,1
,כורזים,2020,10
,כחל,2020,4
,כלנית,2020,5
,כנרת )מושבה(,2020,19
,כעביה-טבאש-חג'אג'רה,2020,7
,כפר ביאליק,2020,13
,כפר בלום,2020,12
,כפר ברוך,2020,3
,כפר גדעון,2020,1
,כפר גליקסון,2020,8
,כפר גלעדי,2020,2
,כפר הנשיא,2020,4
,כפר זיתים,2020,3
,כפר חושן,2020,1
,כפר חיטים,2020,4
,כפר חסידים א',2020,2
,כפר חסידים ב',2020,2
,כפר יהושע,2020,22
,כפר כמא,2020,3
,כפר כנא,2020,133
,כפר סאלד,2020,8
,כפר פינס,2020,1
,כפר קיש,2020,16
,כפר קרע,2020,30
,כפר שמאי,2020,6
,כרכום,2020,6
,"כרם מהר""ל",2020,5
,כרמל,2020,1
,לביא,2020,2
,לבנים,2020,26
,להבות הבשן,2020,6
,מ. א. הגליל התחתון,2020,5
,מ. א. מרום הגליל,2020,2
,מ. א. עמק הירדן,2020,1
,מ. א. עמק יזרעאל,2020,3
,מאיר שפיה,2020,2
,מגאר,2020,112
,מגדים,2020,11
,מגדל,2020,108
,מדרך עוז,2020,5
,מחניים,2020,7
,מטולה,2020,34
,מלכיה,2020,11
,מנחמיה,2020,26
,מסד,2020,32
,מסדה,2020,5
,מעגן,2020,2
,מעין ברוך,2020,10
,מעין צבי,2020,3
,מענית,2020,171
,מצפה,2020,3
,מצפה נטופה,2020,17
,מרחביה )מושב(,2020,12
,מרחביה )קיבוץ(,2020,5
,מרכז אזורי מרום הגליל,2020,1
,משגב עם,2020,6
,משהד,2020,32
,משמר הירדן,2020,6
,נאות מרדכי,2020,6
,נאעורה,2020,6
,נהלל,2020,11
,נווה ים,2020,8
,נופית,2020,11
,נחשולים,2020,2
,ניין,2020,16
,ניר עציון,2020,7
,סולם,2020,7
,עארה,2020,3
,עדי,2020,8
,עופר,2020,4
,עיילבון,2020,40
,עין איילה,2020,21
,עין דור,2020,17
,עין הוד,2020,13
,עין העמק,2020,1
,עין כרמל,2020,36
,עין מאהל,2020,103
,עין עירון,2020,1
,עלמה,2020,3
,עמיעד,2020,17
,עמיקם,2020,6
,עמיר,2020,15
,"עמק יזרעאל מ""א 31",2020,4
,"עמק יזרעאל מ""א 9",2020,1
,עספיא,2020,160
,עתלית,2020,238
,פוריה - כפר עבודה,2020,2
,פוריה - נווה עובד,2020,35
,פוריה עילית,2020,45
,פוריידיס,2020,46
,פרוד,2020,10
,צבעון,2020,2
,ציפורי,2020,18
,צמח,2020,2
,צפת,2020,520
,צרופה,2020,5
,קדרים,2020,11
,קיסריה,2020,160
,קריית טבעון,2020,375
,קריית שמונה,2020,470
,קרית בנימין,2020,1
,קרית חיים,2020,54
,ראש פינה,2020,55
,רביד,2020,1
,רגבים,2020,124
,ריחאניה,2020,4
,ריינה,2020,127
,רכסים,2020,68
,רמות מנשה,2020,2
,רמות נפתלי,2020,1
,רמת דוד,2020,3
,רמת ישי,2020,104
,רמת צבי,2020,2
,שבלי - אום אל-גנם,2020,17
,שדה אילן,2020,19
,שדה אליעזר,2020,6
,שדה יעקב,2020,4
,שדה נחמיה,2020,9
,שדות ים,2020,42
,שדמות דבורה,2020,12
,שכניה,2020,4
,שמיר,2020,1
,שניר,2020,2
,שפר,2020,1
,שפרעם,2020,232
,שרונה,2020,6
,שריד,2020,2
,תל עדשים,2020,13
,תל קציר,2020,9
,תמרת,2020,49
,*קדימה-צורן*,2020,38
,אביחיל,2020,4
,אבן יהודה,2020,212
,אודים,2020,6
,אום אל-קוטוף,2020,1
,אומץ,2020,5
,אזור,2020,292
,אחיטוב,2020,5
,אחיסמך,2020,65
,איבתאן,2020,7
,אליכין,2020,24
,אלישמע,2020,6
,אלעד,2020,209
,ארסוף,2020,6
,באקה אל-גרביה,2020,69
,באקה-ג'ת**,2020,3
,בארות יצחק,2020,1
,בארותיים,2020,13
,בורגתה,2020,2
,בחן,2020,9
,ביצרון,2020,2
,ביר א סכה,2020,1
,בית אלעזרי,2020,4
,בית גמליאל,2020,3
,בית דג'ן)שכם(,2020,2
,בית דגן,2020,65
,בית הלוי,2020,1
,בית חירות,2020,12
,בית חלקיה,2020,5
,בית חנניה,2020,3
,בית חשמונאי,2020,10
,בית יהושע,2020,8
,בית ינאי,2020,4
,בית יצחק-שער חפר,2020,18
,בית ליד,2020,1
,בית עוזיאל,2020,3
,בית עמרא,2020,4
,בית עריף,2020,3
,ביתן אהרן,2020,1
,בן זכאי,2020,186
,בן שמן )מושב(,2020,4
,בני דרור,2020,5
,בני עטרות,2020,5
,בני ציון,2020,10
,בני ראם,2020,1
,בניה,2020,6
,בצרה,2020,24
,בקוע,2020,7
,ברקת,2020,21
,בת חן,2020,3
,בת חפר,2020,62
,ג'לג'וליה,2020,32
,ג'לג'יליא,2020,1
,ג'סר א-זרקא,2020,18
,גאולים,2020,6
,גבעת ברנר,2020,10
,"גבעת ח""ן",2020,1
,גבעת חיים )איחוד(,2020,1
,גבעת חיים )מאוחד(,2020,1
,"גבעת כ""ח",2020,7
,גבעת שמואל,2020,547
,גבעת שפירא,2020,3
,גזר,2020,22
,גינתון,2020,3
,גליל ים,2020,121
,גמזו,2020,1
,גן השומרון,2020,8
,גן חיים,2020,28
,גן יאשיה,2020,1
,גן שורק,2020,7
,גן שמואל,2020,1
,גנות,2020,15
,גנות הדר,2020,2
,גני הדר,2020,17
,גני טל,2020,3
,גני יהודה,2020,6
,גני יוחנן,2020,6
,גני עם,2020,5
,גני תקווה,2020,383
,געש,2020,10
,"דרום השרון מ""א 02",2020,4
,הדר עם,2020,3
,המעפיל,2020,1
,העוגן,2020,23
,הרדוף,2020,111
,זיתן,2020,5
,זמר,2020,22
,חבצלת השרון,2020,6
,חג'אג'רה*,2020,2
,חגור,2020,5
,חגלה,2020,3
,חדיד,2020,2
,חופית,2020,33
,חיבת ציון,2020,2
,חמד,2020,11
,חניאל,2020,6
,חפץ חיים,2020,12
,חרב לאת,2020,14
,טייבה,2020,88
,טירה,2020,58
,טירת יהודה,2020,7
,יגל,2020,4
,יד בנימין,2020,6
,יד חנה,2020,9
,"יד רמב""ם",2020,4
,יהוד,2020,366
,יהוד-מונוסון,2020,60
,ימא,2020,3
,ינוב,2020,234
,יעף,2020,1
,יציץ,2020,5
,יקום,2020,24
,ירחיב,2020,6
,ירקונה,2020,1
,ישעי,2020,1
,ישרש,2020,4
,כוכב יאיר,2020,63
,כנות,2020,3
,"כפר אז""ר",2020,14
,"כפר ביל""ו",2020,3
,כפר ברא,2020,43
,כפר המכבי,2020,7
,כפר הס,2020,16
,"כפר הרא""ה",2020,7
,כפר ויתקין,2020,9
,"כפר חב""ד",2020,9
,כפר חיים,2020,8
,כפר טרומן,2020,4
,כפר ידידיה,2020,5
,כפר יונה,2020,432
,כפר יעבץ,2020,5
,כפר מונש,2020,8
,"כפר מל""ל",2020,12
,כפר מרדכי,2020,2
,כפר נטר,2020,11
,כפר קאסם,2020,65
,כפר רות,2020,2
,כפר שמואל,2020,6
,כפר שמריהו,2020,64
,כרמי יוסף,2020,16
,להבות חביבה,2020,2
,לפיד,2020,18
,מ. א. חוף השרון,2020,2
,מ. א. מנשה,2020,1
,מאור,2020,58
,מגל,2020,14
,מגשימים,2020,3
,מזור,2020,5
,מזכרת בתיה,2020,154
,מחסיה,2020,1
,מייסר,2020,19
,מישר,2020,5
,מכבים-רעות,2020,62
,מכמורת,2020,8
,מעלה אדומים,2020,1
,מעש,2020,4
,מצליח,2020,32
,מצר,2020,1
,מרגה,2020,1
,משגב דב,2020,9
,משמר איילון,2020,1
,משמר דוד,2020,19
,משמר השבעה,2020,2
,משמרות,2020,25
,משמרת,2020,10
,מתן,2020,21
,נהורה,2020,8
,נווה אפרים,2020,29
,נווה ימין,2020,9
,נווה ירק,2020,8
,נווה מבטח,2020,1
,נוף איילון,2020,6
,נופך,2020,2
,נורדיה,2020,8
,נחלים,2020,54
,נחשון,2020,2
,נחשונים,2020,7
,ניצני עוז,2020,4
,נירית,2020,2
,נען,2020,210
,נצר חזני,2020,2
,נצר סרני,2020,238
,סביון*,2020,97
,סתריה,2020,9
,עדנים,2020,15
,עולש,2020,8
,עזריאל,2020,5
,עין החורש,2020,1
,עין ורד,2020,10
,עין שמר,2020,14
,עין שריד,2020,21
,עינת,2020,22
,עלי,2020,1
,"עמק חפר מזרח מ""א 61",2020,1
,"עמק יזרעאל מ""א 8",2020,6
,עשרת,2020,10
,פארק תעשיות עמק חפר,2020,1
,פדואל,2020,1
,פדיה,2020,1
,פורת,2020,3
,פרדסיה,2020,120
,פתחיה,2020,4
,צופית,2020,16
,צור יגאל,2020,21
,צור יצחק,2020,124
,צור משה,2020,6
,צור נתן,2020,37
,צורן,2020,47
,צפריה,2020,2
,קדימה-צורן,2020,138
,קדרון,2020,4
,קלנסווה,2020,91
,קריית עקרון,2020,65
,ראס עלי,2020,2
,רינתיה,2020,2
,רמות השבים,2020,23
,רמת אפעל,2020,51
,רשפון,2020,15
,שדה ורבורג,2020,15
,שדי חמד,2020,4
,שוהם,2020,373
,שושנת העמקים,2020,1
,שילת,2020,9
,שעלבים,2020,5
,שער אפרים,2020,7
,שפיים,2020,3
,תל יצחק,2020,1
,תל מונד,2020,310
,תלמי אלעזר,2020,5
,תנובות,2020,4
,אביגדור,2020,5
,אבן שמואל,2020,2
,אור הנר,2020,11
,אורות,2020,2
,"אזור לכיש מ""א 05",2020,1
,"אזור פתח תקוה של""ש",2020,1
,"אזור פתח תקווה מ""א 02",2020,1
,"אזור פתח תקווה מ""א 52",2020,1
,"אזור תל אביב של""ש",2020,1
,אחוזם,2020,2
,אירוס,2020,34
,איתן,2020,18
,אלומה,2020,4
,אליאב,2020,3
,אמונים,2020,2
,אמציה,2020,28
,אפרת,2020,1
,ארז,2020,7
,באר גנים,2020,20
,באר טוביה,2020,18
,בית חנן,2020,6
,בית עובד,2020,6
,בית עזרא,2020,6
,בית שקמה,2020,8
,ביתר עילית,2020,2
,בני דקלים,2020,20
,בני דרום,2020,10
,"בני עי""ש",2020,50
,ברור חיל,2020,3
,ברכיה,2020,3
,בת הדר,2020,4
,גאליה,2020,3
,גבים,2020,6
,גבעת השלושה,2020,2
,גבעתי,2020,4
,גברעם,2020,4
,גיאה,2020,2
,גיבתון,2020,2
,גן הדרום,2020,7
,גן יבנה,2020,326
,גן שלמה,2020,11
,דורות,2020,7
,הודיה,2020,17
,ורדון,2020,6
,זבדיאל,2020,21
,זוהר,2020,3
,זיקים,2020,3
,זמרת,2020,1
,זרחיה,2020,6
,חולדה,2020,35
,חלץ,2020,2
,חצב,2020,7
,חצור-אשדוד,2020,1
,יד נתן,2020,7
,יכיני,2020,5
,יסודות,2020,3
,כוכב מיכאל,2020,13
,כפר אחים,2020,3
,כפר דניאל,2020,4
,כפר הנגיד,2020,12
,"כפר הרי""ף",2020,10
,כפר ורבורג,2020,8
,כפר מימון,2020,2
,כפר מנחם,2020,16
,כפר סילבר,2020,1
,כפר סירקין,2020,18
,כפר עזה,2020,2
,כרם בן שמן,2020,3
,כרמי קטיף,2020,20
,כרמיה,2020,1
,לכיש,2020,1
,מ. א. באר טוביה,2020,2
,מ. א. ברנר,2020,1
,מ. א. גן רוה,2020,1
,מ. א. חבל יבנה,2020,7
,מ. א. יואב,2020,4
,מ. א. עמק לוד,2020,8
,מבקיעים,2020,5
,מנוחה,2020,3
,מסמיה,2020,1
,מעלה אפרים,2020,2
,מקווה ישראל,2020,1
,מרכז שפירא,2020,58
,משען,2020,1
,נוגה,2020,2
,נחל עוז,2020,3
,נחלת יהודה,2020,4
,נטע,2020,1
,נטעים,2020,2
,ניצן,2020,17
,ניר בנים,2020,1
,ניר גלים,2020,24
,"ניר ח""ן",2020,4
,ניר ישראל,2020,9
,ניר עם,2020,8
,ניר עקיבא,2020,5
,ניר צבי,2020,6
,נתיב העשרה,2020,2
,עוזה,2020,3
,עוצם,2020,13
,עזר,2020,1
,עזריקם,2020,5
,עיינות,2020,2
,עין צורים,2020,3
,עמנואל,2020,1
,ערוגות,2020,1
,פארק תעשיות חבל מודיעים,2020,4
,פטיש,2020,4
,פרי גן,2020,2
,צלפון,2020,1
,קריית מלאכי,2020,480
,קרן,2020,1
,רבדים,2020,3
,רווחה,2020,2
,רימונים,2020,1
,שדה דוד,2020,4
,שדה יואב,2020,2
,שדה עוזיהו,2020,2
,שובה,2020,14
,שחר,2020,7
,שלווה,2020,8
,שפיר,2020,31
,שקף,2020,2
,שתולים,2020,7
,תושיה,2020,1
,תימורים,2020,9
,תל,2020,1
,תלמי יחיאל,2020,3
,תלמי יפה,2020,20
,תלמי מנשה,2020,2
,,2021,51
,*עראבה*,2021,6
,אבו ג'ווייעד )שבט(,2021,3
,אבו גוש,2021,34
,אבו סנאן,2021,112
,אבו קורינאת )שבט(,2021,3
,אבו קרינאת )יישוב(,2021,2
,אבו תלול,2021,1
,אבטליון,2021,12
,אביטל,2021,1
,אביעזר,2021,2
,אבירים,2021,1
,אבן מנחם,2021,2
,אבן ספיר,2021,44
,אבני איתן,2021,11
,אבשלום,2021,4
,אדמית,2021,5
,אדרת,2021,7
,אודם,2021,4
,אוהד,2021,5
,אום אל-פחם,2021,290
,אומן,2021,11
,אורה,2021,12
,אורים,2021,4
,אזור תעסוקה משגב,2021,1
,אחוזת ברק,2021,18
,אחיהוד,2021,1
,אילון,2021,15
,אל-רום,2021,4
,אלון הגליל,2021,8
,אלוני הבשן,2021,2
,אלי-עד,2021,12
,אניעם,2021,25
,אפיק,2021,4
,אשבול,2021,10
,אשחר,2021,5
,אשלים,2021,3
,אשרת,2021,5
,אשתאול,2021,5
,באר אורה,2021,28
,באר מילכה,2021,1
,בוסתן הגליל,2021,24
,בועיינה-נוג'ידאת,2021,61
,בטחה,2021,5
,ביאדה,2021,1
,ביר אל-מכסור,2021,28
,בית אלפא,2021,35
,בית ג'ן,2021,96
,בית גוברין,2021,23
,בית הגדי,2021,56
,בית העמק,2021,38
,בית השיטה,2021,39
,בית זית,2021,13
,בית חנניה,2021,6
,בית יוסף,2021,12
,בית מאיר,2021,10
,בית ניר,2021,86
,בית נקופה,2021,2
,בית קמה,2021,55
,בית שאן,2021,362
,ביתר עילית,2021,7
,בן עמי,2021,4
,בני יהודה,2021,16
,בני נצרים,2021,3
,"בסמ""ה",2021,21
,בענה,2021,36
,בצת,2021,12
,בר גיורא,2021,3
,בר-לב,2021,1
,ברוש,2021,9
,ברק,2021,11
,ג'דידה,2021,2
,ג'דיידה-מכר,2021,109
,ג'ולס,2021,61
,ג'ת,2021,68
,גבולות,2021,2
,גבע,2021,1
,גבעולים,2021,1
,גבעות בר,2021,13
,גבעת אלה,2021,18
,גבעת יואב,2021,27
,גבעת יערים,2021,34
,גבעת ישעיהו,2021,7
,גדיידה,2021,4
,גדיש,2021,2
,גדעונה,2021,6
,גדרה,2021,866
,גורן,2021,2
,גורנות הגליל,2021,6
,גילון,2021,10
,גילת,2021,10
,גיתה,2021,11
,גליל ים,2021,140
,גן נר,2021,23
,געתון,2021,8
,גשור,2021,15
,גשר,2021,11
,גשר הזיו,2021,9
,גת )קיבוץ(,2021,14
,גת בגליל,2021,3
,דבורה,2021,4
,דבירה,2021,17
,דברת,2021,12
,דייר אל-אסד,2021,30
,דייר חנא,2021,72
,דליה,2021,6
,דקל,2021,28
,הושעיה,2021,3
,הילה,2021,5
,הר אדר,2021,1
,הררית,2021,2
,זוהר,2021,12
,זכריה,2021,2
,זלפה,2021,7
,זנוח,2021,1
,זרועה,2021,10
,חבר,2021,25
,חד-נס,2021,23
,חוסן,2021,19
,חורה,2021,6
,חורפיש,2021,55
,חלוץ,2021,2
,חמדיה,2021,11
,חניתה,2021,6
,חנתון,2021,3
,חספין,2021,6
,חפצי-בה,2021,17
,חצבה,2021,13
,חצרים,2021,3
,חרבת אבו חמיש,2021,1
,חריש,2021,1909
,חרשים,2021,2
,טייבה )בעמק(,2021,3
,טירת צבי,2021,9
,טל-אל,2021,6
,טללים,2021,9
,טמרה,2021,206
,יאנוח,2021,22
,יאנוח-ג'ת,2021,39
,יבול,2021,7
,יד השמונה,2021,1
,יהל,2021,11
,יובלים,2021,7
,יושיביה,2021,2
,יזרעאל,2021,7
,יחיעם,2021,4
,יסעור,2021,8
,יעד,2021,26
,יערה,2021,15
,יפיע,2021,63
,ירדנה,2021,11
,ירוחם,2021,296
,ירכא,2021,58
,ישע,2021,6
,יתד,2021,9
,כאבול,2021,42
,כאוכב אבו אל-היג'א,2021,39
,כברי,2021,15
,כורזים,2021,82
,כיסופים,2021,7
,כיסרא,2021,11
,כישור,2021,3
,כליל,2021,13
,כמאנה,2021,3
,כמון,2021,20
,כנף,2021,9
,כסלון,2021,2
,כסרא-סמיע,2021,34
,כפר ברוך,2021,5
,כפר החורש,2021,124
,"כפר הרי""ף",2021,17
,כפר ורדים,2021,158
,כפר חנניה,2021,4
,כפר חרוב,2021,1
,כפר יאסיף,2021,68
,כפר יחזקאל,2021,14
,כפר מנדא,2021,240
,כפר מסריק,2021,213
,כפר מצר,2021,1
,כפר סמיע,2021,6
,כפר ראש הנקרה,2021,8
,כפר רופין,2021,10
,כפר תבור,2021,230
,כרם שלום,2021,2
,כרמים,2021,9
,לבון,2021,23
,להב,2021,16
,להבים,2021,127
,לוזית,2021,6
,לוחמי הגיטאות,2021,12
,לוטם,2021,7
,לוטן,2021,4
,לימן,2021,19
,לקיה,2021,5
,מ. א. אשכול,2021,1
,מ. א. בני שמעון,2021,5
,מ. א. הגלבוע,2021,1
,מ. א. הערבה התיכונה,2021,1
,מ. א. חבל אילות,2021,2
,מ. א. מטה אשר,2021,20
,מ. א. מטה יהודה,2021,9
,מ. א. מעלה יוסף,2021,1
,מ. א. מרחבים,2021,1
,מ. א. משגב,2021,10
,מ. א. עמק הירדן,2021,7
,מ. א. רמת נגב,2021,1
,מ. א. שדות הנגב,2021,1
,מ. א. תמר,2021,1
,מ. מ. רמת חובב,2021,2
,מבוא ביתר,2021,17
,מבועים,2021,8
,מבשרת ציון,2021,619
,מג`ד אל-כרום,2021,159
,מגדל העמק,2021,574
,מגידו,2021,16
,מגן שאול,2021,14
,מדרשת בן גוריון,2021,27
,מודיעין עילית,2021,2
,מולדת,2021,11
,מועאוויה,2021,29
,מוצא עילית,2021,36
,מוצא תחתית,2021,17
,מוצמוץ,2021,4
,מוקייבלה,2021,9
,מורן,2021,10
,מורשת,2021,1
,מושיירפה,2021,5
,מזרעה,2021,7
,מי עמי,2021,12
,מיטב,2021,3
,מיצר,2021,6
,מירב,2021,7
,מירון,2021,19
,מיתר,2021,444
,מכמנים,2021,5
,מכר,2021,2
,מלילות,2021,5
,מנוף,2021,2
,מנות,2021,2
,מנשית זבדה,2021,33
,מסילות,2021,1
,מסילת ציון,2021,3
,מסלול,2021,10
,מסעדה,2021,1
,מעגלים,2021,3
,מעוז חיים,2021,6
,מעונה,2021,4
,מעיליא,2021,92
,מעלה גלבוע,2021,11
,מעלה גמלא,2021,12
,מעלה החמישה,2021,34
,מעלה עירון,2021,35
,מעלות-תרשיחא,2021,425
,מצובה,2021,9
,"מצפה אבי""ב",2021,36
,מצפה רמון,2021,184
,מרום גולן,2021,12
,מרחב עם,2021,5
,משגב,2021,26
,משמר הנגב,2021,243
,משמר העמק,2021,8
,נאות גולן,2021,16
,נאות הכיכר,2021,3
,נבטים,2021,5
,נוב,2021,6
,נוה,2021,1
,נווה אור,2021,2
,"נווה אטי""ב",2021,1
,נווה אילן,2021,9
,נווה זוהר,2021,16
,נווה זיו,2021,44
,נווה מיכאל,2021,164
,נורית,2021,8
,נחושה,2021,8
,נחלה,2021,8
,נחם,2021,7
,נחף,2021,76
,נטועה,2021,5
,נטור,2021,25
,נטף,2021,4
,ניצני סיני,2021,3
,ניר דוד )תל עמל(,2021,8
,ניר יפה,2021,5
,ניר משה,2021,8
,נירים,2021,9
,נס הרים,2021,2
,נס עמים,2021,2
,נצרת,2021,547
,"נתיב הל""ה",2021,23
,נתיב השיירה,2021,2
,סאג'ור,2021,48
,סגולה,2021,7
,סופה,2021,5
,סח'נין,2021,360
,סלמה,2021,73
,סער,2021,4
,ספיר,2021,7
,עבדון,2021,2
,עגור,2021,10
,עוזייר,2021,2
,עומר,2021,171
,עידן,2021,5
,עין איברהים,2021,5
,עין אל-אסד,2021,19
,עין בוקק,2021,1
,עין גב,2021,1
,עין גדי,2021,2
,עין הבשור,2021,8
,עין המפרץ,2021,158
,"עין הנצי""ב",2021,97
,עין השלושה,2021,6
,עין זיוון,2021,1
,עין חרוד )מאוחד(,2021,1
,עין יהב,2021,10
,עין יעקב,2021,11
,"עין כרם-בי""ס חקלאי",2021,32
,עין נקובא,2021,13
,עין ראפה,2021,2
,עין תמר,2021,2
,עמינדב,2021,1
,עמקה,2021,7
,עצמון שגב,2021,9
,עראבה,2021,194
,ערערה,2021,61
,ערערה-בנגב,2021,11
,פארן,2021,19
,פדויים,2021,7
,פטיש,2021,4
,פסוטה,2021,50
,"פעמי תש""ז",2021,4
,פקיעין )בוקייעה(,2021,25
,פקיעין חדשה,2021,1
,פרזון,2021,2
,פרי גן,2021,4
,צביה,2021,3
,צהל,2021,28
,צוחר,2021,10
,צוקים,2021,8
,צור הדסה,2021,135
,צוריאל,2021,2
,צורית,2021,5
,צנדלה,2021,12
,צפרירים,2021,2
,קדמת צבי,2021,11
,קורנית,2021,37
,קלחים,2021,7
,קלע,2021,8
,קציר,2021,10
,קצרין,2021,296
,קריית טבעון,2021,374
,קריית יערים,2021,114
,קריית ענבים,2021,87
,קרית יערים)מוסד(,2021,16
,קשת,2021,3
,ראמה,2021,64
,רביבים,2021,4
,רגבה,2021,6
,רהט,2021,25
,רוויה,2021,5
,רוחמה,2021,15
,רחוב,2021,12
,רם-און,2021,5
,רמות,2021,9
,רמת חובב,2021,2
,רמת מגשימים,2021,3
,רמת רזיאל,2021,15
,רמת רחל,2021,1
,רנן,2021,13
,רעים,2021,91
,רקפת,2021,3
,רשפים,2021,9
,שבי דרום,2021,1
,שבי ציון,2021,18
,שגב-שלום,2021,15
,שגור**,2021,1
,שדה בוקר,2021,2
,שדה משה,2021,15
,שדה נחום,2021,19
,שדה ניצן,2021,11
,שדה צבי,2021,13
,שדי אברהם,2021,16
,שדי תרומות,2021,14
,שואבה,2021,7
,שובל,2021,6
,שומרה,2021,5
,שוקדה,2021,3
,שורש,2021,16
,שורשים,2021,5
,שיבולים,2021,12
,שייח' דנון,2021,3
,שלומי,2021,218
,שלומית,2021,4
,שמרת,2021,16
,שמשית,2021,15
,שני,2021,6
,שעב,2021,12
,שעל,2021,3
,שריגים )לי-און(,2021,58
,שרשרת,2021,2
,שתולה,2021,3
,תאשור,2021,3
,תדהר,2021,9
,תובל,2021,14
,תל שבע,2021,7
,תל תאומים,2021,7
,תלמי אליהו,2021,5
,"תלמי ביל""ו",2021,2
,תקומה,2021,7
,תראבין א-צאנע)ישוב(,2021,1
,תרום,2021,4
,אבטין,2021,15
,אביאל,2021,8
,אביבים,2021,6
,אום אל-גנם,2021,1
,אור הגנוז,2021,4
,אור עקיבא,2021,1596
,אושה,2021,18
,"אזור יקנעם מ""א 31",2021,1
,"אזור יקנעם מ""א 9",2021,1
,איילת השחר,2021,22
,אילניה,2021,7
,אכסאל,2021,51
,אלומות,2021,5
,אלוני אבא,2021,8
,אלונים,2021,216
,אליפלט,2021,12
,אליקים,2021,34
,אלמגור,2021,11
,אמירים,2021,10
,אמנון,2021,9
,אעבלין,2021,201
,אפיקים,2021,15
,אפק,2021,192
,ארבל,2021,2
,אשדות יעקב )איחוד(,2021,12
,אשדות יעקב )מאוחד(,2021,16
,ביריה,2021,9
,בית אורן,2021,4
,בית הלל,2021,1
,בית זרע,2021,8
,בית לחם הגלילית,2021,59
,בית קשת,2021,20
,בית רימון,2021,9
,בית שערים,2021,4
,בלפוריה,2021,12
,בנימינה-גבעת עדה,2021,412
,בסמת טבעון,2021,21
,ברקאי,2021,1
,בת שלמה,2021,25
,ג'ש )גוש חלב(,2021,60
,גבע כרמל,2021,14
,גבעת אבני,2021,13
,"גבעת ניל""י",2021,6
,גבעת עדה,2021,53
,גבת,2021,53
,גדות,2021,5
,גונן,2021,10
,גינוסר,2021,20
,גיניגר,2021,16
,"גליל עליון מז מ""א 1",2021,5
,"גליל תחתון מז מ""א 2",2021,6
,גן שמואל,2021,5
,דאלית אל-כרמל,2021,277
,דבוריה,2021,117
,דגניה א',2021,1
,דגניה ב',2021,15
,"דוב""ב",2021,1
,דור,2021,3
,דישון,2021,1
,דלתון,2021,9
,דמיידה,2021,9
,דן,2021,2
,דפנה,2021,20
,האון,2021,6
,הבונים,2021,15
,הגושרים,2021,21
,הזורעים,2021,26
,החותרים,2021,140
,היוגב,2021,3
,הסוללים,2021,17
,זכרון יעקב,2021,762
,זרזיר,2021,32
,חולתה,2021,27
,חוקוק,2021,14
,חזון,2021,4
,חמאם,2021,1
,חצור הגלילית,2021,255
,חרוצים,2021,17
,טבעון,2021,5
,טובא-זנגריה,2021,50
,טורעאן,2021,117
,טירת כרמל,2021,839
,טפחות,2021,1
,יבנאל,2021,221
,יגור,2021,3
,יודפת,2021,13
,יסוד המעלה,2021,47
,יפעת,2021,3
,יפתח,2021,2
,יקנעם )מושבה(,2021,30
,יקנעם עילית,2021,516
,כחל,2021,11
,כלנית,2021,5
,כנרת )מושבה(,2021,25
,כעביה-טבאש-חג'אג'רה,2021,24
,כפר ביאליק,2021,7
,כפר בלום,2021,24
,כפר גדעון,2021,2
,כפר גליקסון,2021,4
,כפר גלעדי,2021,5
,כפר המכבי,2021,12
,כפר הנשיא,2021,10
,כפר זיתים,2021,4
,כפר חושן,2021,5
,כפר חיטים,2021,4
,כפר חסידים א',2021,1
,כפר יהושע,2021,9
,כפר כמא,2021,14
,כפר כנא,2021,178
,כפר נחום,2021,1
,כפר סאלד,2021,3
,כפר פינס,2021,4
,כפר קיש,2021,15
,כפר קרע,2021,25
,כפר שמאי,2021,3
,כרכום,2021,1
,כרם בן זמרה,2021,1
,"כרם מהר""ל",2021,14
,לביא,2021,1
,לבנים,2021,8
,להבות הבשן,2021,9
,מ. א. הגליל העליון,2021,3
,מ. א. הגליל התחתון,2021,11
,מ. א. זבולון,2021,1
,מ. א. מרום הגליל,2021,3
,מ. א. עמק יזרעאל,2021,5
,מגאר,2021,130
,מגדים,2021,9
,מגדל,2021,184
,מדרך עוז,2021,2
,מחניים,2021,4
,מטולה,2021,29
,מכמורת,2021,15
,מלכיה,2021,14
,מנחמיה,2021,22
,מנרה,2021,1
,מסד,2021,35
,מסדה,2021,9
,מעגן,2021,2
,מעין ברוך,2021,9
,מצפה,2021,5
,מצפה נטופה,2021,6
,מרחביה )מושב(,2021,1
,מרחביה )קיבוץ(,2021,40
,משגב עם,2021,4
,משהד,2021,31
,משמר הירדן,2021,11
,נאות מרדכי,2021,14
,נאעורה,2021,10
,נהלל,2021,12
,נווה ים,2021,22
,נופית,2021,41
,נחשולים,2021,4
,ניין,2021,4
,סולם,2021,10
,עארה,2021,8
,עדי,2021,11
,עופר,2021,4
,עיילבון,2021,50
,עיינות,2021,1
,עילוט,2021,33
,עין איילה,2021,3
,עין דור,2021,21
,עין הוד,2021,3
,עין העמק,2021,137
,עין השופט,2021,242
,עין כרמל,2021,21
,עין מאהל,2021,100
,עין עירון,2021,1
,עלמה,2021,1
,עמיעד,2021,26
,עמיקם,2021,3
,עמיר,2021,11
,"עמק יזרעאל מ""א 31",2021,6
,"עמק יזרעאל מ""א 8",2021,1
,"עמק יזרעאל מ""א 9",2021,3
,עספיא,2021,196
,עתלית,2021,305
,פארק תעשיות רמת דלתון,2021,1
,פוריה - כפר עבודה,2021,30
,פוריה - נווה עובד,2021,26
,פוריה עילית,2021,58
,פוריידיס,2021,45
,פרוד,2021,6
,צבעון,2021,11
,ציפורי,2021,5
,צמח,2021,1
,צפת,2021,691
,צרופה,2021,6
,קדרים,2021,9
,קיסריה,2021,263
,קריית שמונה,2021,517
,ראש פינה,2021,108
,רגבים,2021,52
,רומאנה,2021,10
,רומת הייב,2021,8
,ריחאניה,2021,1
,ריחן,2021,1
,ריינה,2021,133
,רכסים,2021,142
,רמות מנשה,2021,31
,רמות נפתלי,2021,13
,רמת השופט,2021,1
,רמת ישי,2021,154
,רמת צבי,2021,4
,שאר ישוב,2021,3
,שבלי - אום אל-גנם,2021,7
,שדה אילן,2021,12
,שדה אליעזר,2021,12
,שדה יעקב,2021,8
,שדה נחמיה,2021,5
,שדות ים,2021,49
,שדמות דבורה,2021,10
,שכניה,2021,5
,שמיר,2021,1
,שניר,2021,2
,שפר,2021,7
,שפרעם,2021,245
,שרונה,2021,8
,שריד,2021,119
,תל עדשים,2021,20
,תל קציר,2021,10
,תמרת,2021,10
,תעשיון גליל תחתון,2021,3
,*קדימה-צורן*,2021,56
,אביחיל,2021,3
,אבן יהודה,2021,440
,אודים,2021,6
,אום אל-קוטוף,2021,6
,אזור,2021,277
,"אזור פתח תקוה של""ש",2021,1
,אחיטוב,2021,3
,אחיסמך,2021,69
,אחיעזר,2021,3
,איבתאן,2021,1
,אליכין,2021,51
,אלישיב,2021,7
,אלישמע,2021,5
,אלעד,2021,334
,אלפי מנשה,2021,1
,ארסוף,2021,18
,באקה אל-גרביה,2021,116
,באקה-ג'ת**,2021,2
,בארותיים,2021,13
,בורגתה,2021,3
,בחן,2021,18
,בית אלעזרי,2021,5
,בית גמליאל,2021,3
,בית דגן,2021,68
,בית הלוי,2021,5
,בית חירות,2021,3
,בית חלקיה,2021,16
,בית חשמונאי,2021,11
,בית יהושע,2021,11
,בית ינאי,2021,16
,בית יצחק-שער חפר,2021,21
,בית נחמיה,2021,7
,בית עוזיאל,2021,12
,בית עזרא,2021,4
,בית עמרא,2021,10
,בית עריף,2021,6
,ביתן אהרן,2021,9
,בן זכאי,2021,174
,בן שמן )מושב(,2021,1
,בני דרור,2021,51
,בני עטרות,2021,3
,בני ציון,2021,25
,בני ראם,2021,7
,בניה,2021,1
,בצרה,2021,52
,בקוע,2021,17
,ברקת,2021,2
,בת חן,2021,3
,בת חפר,2021,107
,ג'ית,2021,1
,ג'לג'וליה,2021,31
,ג'סר א-זרקא,2021,24
,גאולים,2021,2
,גבעת ברנר,2021,263
,"גבעת ח""ן",2021,2
,גבעת חיים )איחוד(,2021,63
,גבעת חיים )מאוחד(,2021,7
,"גבעת כ""ח",2021,3
,גבעת שמואל,2021,944
,גבעת שפירא,2021,8
,גזר,2021,8
,גינתון,2021,1
,גן השומרון,2021,7
,גן חיים,2021,20
,גן יאשיה,2021,7
,גן שורק,2021,10
,גנות,2021,5
,גני הדר,2021,20
,גני טל,2021,2
,גני יהודה,2021,23
,גני יוחנן,2021,1
,גני עם,2021,6
,גני תקווה,2021,414
,געש,2021,10
,גת רימון,2021,8
,הדסים,2021,1
,הדר עם,2021,7
,המעפיל,2021,22
,העוגן,2021,7
,הרדוף,2021,4
,זיתן,2021,11
,זמר,2021,40
,ח'ואלד,2021,2
,ח'ואלד )שבט(,2021,1
,חבצלת השרון,2021,12
,חג'אג'רה*,2021,2
,חגור,2021,7
,חגלה,2021,11
,חדיד,2021,2
,חופית,2021,27
,חורשים,2021,17
,חיבת ציון,2021,20
,חירות,2021,4
,חמד,2021,16
,חניאל,2021,3
,חפץ חיים,2021,5
,חרב לאת,2021,11
,טייבה,2021,96
,טירה,2021,98
,טירת יהודה,2021,6
,טל שחר,2021,9
,יד בנימין,2021,15
,יד חנה,2021,17
,"יד רמב""ם",2021,15
,יהוד,2021,501
,יהוד-מונוסון,2021,14
,ימא,2021,8
,ינוב,2021,138
,יסודות,2021,18
,יעף,2021,1
,יציץ,2021,7
,יקום,2021,2
,ירחיב,2021,7
,ישעי,2021,12
,ישרש,2021,8
,כוכב יאיר,2021,123
,כפר אביב,2021,7
,כפר אוריה,2021,7
,"כפר אז""ר",2021,9
,"כפר ביל""ו",2021,6
,כפר בן נון,2021,5
,כפר ברא,2021,36
,כפר הס,2021,10
,"כפר הרא""ה",2021,10
,כפר ויתקין,2021,16
,"כפר חב""ד",2021,6
,כפר חיים,2021,2
,כפר טרומן,2021,1
,כפר ידידיה,2021,12
,כפר יונה,2021,595
,כפר יעבץ,2021,14
,כפר מונש,2021,5
,"כפר מל""ל",2021,9
,כפר מרדכי,2021,3
,כפר נטר,2021,6
,כפר קאסם,2021,57
,כפר רות,2021,2
,כפר שמואל,2021,3
,כפר שמריהו,2021,140
,כרמי יוסף,2021,24
,להבות חביבה,2021,7
,לפיד,2021,10
,מ. א. חוף השרון,2021,3
,מ. א. מנשה,2021,2
,מאור,2021,24
,מבוא מודיעים,2021,48
,מגל,2021,10
,מגשימים,2021,15
,מזור,2021,5
,מזכרת בתיה,2021,300
,מייסר,2021,6
,מישר,2021,6
,מכבים-רעות,2021,92
,מענית,2021,13
,מעש,2021,5
,מצליח,2021,32
,מצר,2021,136
,מרגה,2021,3
,משגב דב,2021,10
,משמר איילון,2021,15
,משמר דוד,2021,9
,משמר השבעה,2021,16
,משמרות,2021,9
,משמרת,2021,15
,מתן,2021,18
,נווה אפרים,2021,34
,נווה ימין,2021,9
,נווה ירק,2021,4
,נוף איילון,2021,12
,נורדיה,2021,8
,נחלים,2021,75
,נחשון,2021,1
,ניצני עוז,2021,10
,ניר צבי,2021,37
,נירית,2021,2
,נען,2021,109
,נצר סרני,2021,355
,סביון*,2021,197
,סתריה,2021,7
,עדנים,2021,30
,עולש,2021,7
,עזריאל,2021,3
,עין ורד,2021,17
,עין שמר,2021,8
,עין שריד,2021,11
,עינת,2021,4
,עמנואל,2021,1
,"עמק חפר מזרח מ""א 61",2021,6
,עשרת,2021,22
,פארק תעשיות חבל מודיעים,2021,3
,פארק תעשיות עמק חפר,2021,2
,פדיה,2021,3
,פורת,2021,1
,פלמחים,2021,1
,פרדסיה,2021,149
,פתחיה,2021,1
,צופית,2021,15
,צוקי ים,2021,10
,צור יגאל,2021,4
,צור יצחק,2021,287
,צור משה,2021,14
,צור נתן,2021,72
,צורן,2021,49
,צפריה,2021,12
,צרעה,2021,14
,קדימה-צורן,2021,219
,קדרון,2021,15
,קלנסווה,2021,112
,קריית עקרון,2021,93
,ראס עלי,2021,2
,רינתיה,2021,7
,רמות השבים,2021,53
,רמת אפעל,2021,50
,רמת יוחנן,2021,1
,רשפון,2021,35
,שדה ורבורג,2021,12
,שדה יצחק,2021,5
,שדות מיכה,2021,3
,שדי חמד,2021,2
,שדמה,2021,3
,שוהם,2021,627
,שושנת העמקים,2021,2
,שילת,2021,5
,שעלבים,2021,2
,שער אפרים,2021,16
,שפיים,2021,8
,תל יצחק,2021,10
,תל מונד,2021,377
,תנובות,2021,5
,אבו דיס,2021,1
,אבו סריחאן )שבט(,2021,2
,אבו עמאר )שבט(,2021,1
,אביגדור,2021,4
,אבן שמואל,2021,5
,אור הנר,2021,4
,אורות,2021,3
,"אזור בשור מ""א 83",2021,1
,אחווה,2021,3
,אחוזם,2021,45
,אירוס,2021,43
,איתן,2021,12
,אלומה,2021,14
,אליאב,2021,5
,אמונים,2021,17
,אמציה,2021,86
,אפרת,2021,1
,ארז,2021,3
,באר גנים,2021,19
,באר טוביה,2021,23
,ביצרון,2021,7
,בית חנן,2021,14
,בית עובד,2021,1
,בית שקמה,2021,14
,בני דקלים,2021,41
,בני דרום,2021,4
,"בני עי""ש",2021,68
,ברור חיל,2021,11
,בת הדר,2021,12
,בת חצור,2021,1
,גאליה,2021,8
,גבים,2021,2
,גבע בנימין,2021,1
,גבעת השלושה,2021,2
,גבעת זאב,2021,3
,גבעתי,2021,18
,גברעם,2021,6
,גיאה,2021,12
,גיבתון,2021,10
,גמזו,2021,4
,גן הדרום,2021,7
,גן יבנה,2021,867
,גן שלמה,2021,1
,גפן,2021,2
,דורות,2021,19
,"דרום השרון מ""א 02",2021,1
,הודיה,2021,11
,הר גילה,2021,1
,הר עמשא,2021,1
,ורדון,2021,7
,זבדיאל,2021,15
,זיקים,2021,2
,זמרת,2021,16
,זרחיה,2021,1
,חולדה,2021,14
,חלץ,2021,4
,חצב,2021,3
,חצור-אשדוד,2021,4
,טנא,2021,1
,יד מרדכי,2021,1
,יד נתן,2021,6
,יכיני,2021,2
,ינון,2021,2
,כוכב מיכאל,2021,7
,כפר אחים,2021,4
,כפר דניאל,2021,14
,כפר הנגיד,2021,11
,כפר ורבורג,2021,7
,כפר מימון,2021,4
,כפר מנחם,2021,13
,כפר סירקין,2021,22
,כפר עזה,2021,1
,כרמי קטיף,2021,13
,כרמיה,2021,1
,לכיש,2021,4
,מ. א. ברנר,2021,4
,מ. א. גן רוה,2021,2
,מ. א. דרום השרון,2021,1
,מ. א. חבל יבנה,2021,6
,מ. א. יואב,2021,1
,מ. א. לכיש,2021,1
,מ. א. עמק לוד,2021,2
,מבקיעים,2021,3
,מנוחה,2021,4
,מרכז שפירא,2021,60
,נגבה,2021,4
,נהורה,2021,12
,נוגה,2021,6
,נחל עוז,2021,7
,נחלת יהודה,2021,2
,נטע,2021,1
,נטעים,2021,17
,ניצן,2021,28
,ניצנים,2021,9
,ניר בנים,2021,4
,ניר גלים,2021,12
,"ניר ח""ן",2021,6
,ניר ישראל,2021,2
,ניר עם,2021,12
,ניר עקיבא,2021,8
,עד הלום,2021,1
,עוצם,2021,6
,עזר,2021,7
,עזריה,2021,5
,עזריקם,2021,5
,ערוגות,2021,2
,צובה,2021,1
,צלפון,2021,3
,קוממיות,2021,4
,קריית מלאכי,2021,678
,קרית חיים,2021,2
,רווחה,2021,5
,שדה דוד,2021,12
,שדה יואב,2021,6
,שדה עוזיהו,2021,3
,שובה,2021,15
,שומריה,2021,1
,שחר,2021,6
,שלווה,2021,2
,שפיר,2021,11
,שקף,2021,4
,שתולים,2021,9
,תושיה,2021,1
,תימורים,2021,3
,תלמי יחיאל,2021,11
,תלמי יפה,2021,30
,תלמים,2021,5
,,2022,51
,*עראבה*,2022,6
,אבו ג'ווייעד )שבט(,2022,7
,אבו גוש,2022,17
,אבו סנאן,2022,59
,אבו סריחאן )שבט(,2022,1
,אבו עבדון )שבט(,2022,2
,אבטליון,2022,3
,אביטל,2022,5
,אביעזר,2022,5
,אבן מנחם,2022,2
,אבן ספיר,2022,16
,אבני איתן,2022,4
,אבשלום,2022,9
,אדמית,2022,20
,אדרת,2022,5
,אודם,2022,2
,אוהד,2022,2
,אום אל-פחם,2022,356
,אום בטין,2022,1
,אומן,2022,135
,אורה,2022,4
,אורים,2022,2
,"אזור באר שבע מ""א 14",2022,1
,"אזור כינרות מ""א 3",2022,3
,"אזור כרמיאל מ""א 2",2022,1
,אחוזת ברק,2022,5
,אחיהוד,2022,1
,אילון,2022,23
,אילות,2022,2
,אל-רום,2022,5
,אלון הגליל,2022,7
,אלון שבות,2022,1
,אלוני הבשן,2022,1
,אלי-עד,2022,8
,אליפז,2022,34
,אניעם,2022,28
,אפיניש )שבט(,2022,9
,אפיק,2022,8
,אפיקים,2022,6
,אפרת,2022,1
,אשבול,2022,11
,אשחר,2022,7
,אשלים,2022,8
,אשרת,2022,6
,אשתאול,2022,3
,באר אורה,2022,10
,באר מילכה,2022,3
,בוסתן הגליל,2022,15
,בועיינה-נוג'ידאת,2022,52
,ביאדה,2022,2
,ביר הדאג',2022,1
,בית אלפא,2022,13
,בית ג'ן,2022,144
,בית גוברין,2022,4
,בית הגדי,2022,14
,בית העמק,2022,50
,בית השיטה,2022,9
,בית זית,2022,7
,בית חנניה,2022,16
,בית יוסף,2022,7
,בית מאיר,2022,40
,בית ניר,2022,17
,בית נקופה,2022,9
,בית קמה,2022,6
,בית שאן,2022,378
,ביתר עילית,2022,9
,בן עמי,2022,5
,בני יהודה,2022,9
,בני נצרים,2022,3
,"בסמ""ה",2022,14
,בענה,2022,50
,"בקעת נטופה מ""א 65",2022,1
,בר גיורא,2022,2
,ברוש,2022,12
,ברק,2022,9
,ג'אבליה /נזלה,2022,2
,ג'דידה,2022,2
,ג'דיידה-מכר,2022,83
,ג'ולס,2022,139
,גבולות,2022,4
,גבעולים,2022,3
,גבעות בר,2022,6
,גבעת אלה,2022,11
,גבעת יואב,2022,9
,גבעת יערים,2022,7
,גבעת ישעיהו,2022,5
,גדיידה,2022,4
,גדיש,2022,3
,גדעונה,2022,4
,גדרה,2022,540
,"גולן דרומי מ""א 17",2022,1
,גורן,2022,1
,גילון,2022,8
,גילת,2022,8
,גיתה,2022,5
,גיתית,2022,1
,גלאון,2022,2
,גן נר,2022,13
,געתון,2022,3
,גרופית,2022,1
,גשור,2022,8
,גשר,2022,122
,גשר הזיו,2022,3
,גת )קיבוץ(,2022,3
,גת בגליל,2022,6
,גת רימון,2022,11
,דבורה,2022,10
,דבירה,2022,42
,דברת,2022,4
,דייר אל-אסד,2022,61
,דייר חנא,2022,84
,דקל,2022,3
,הושעיה,2022,2
,הילה,2022,1
,"הערבה מ""א 15",2022,1
,"הר הנגב הדרומי מ""א 35",2022,1
,הררית,2022,10
,זכריה,2022,8
,זלפה,2022,8
,זנוח,2022,1
,זרועה,2022,2
,חבר,2022,11
,חד-נס,2022,17
,חוסן,2022,14
,חורה,2022,3
,חורפיש,2022,42
,חירות,2022,2
,חלוץ,2022,2
,חמדיה,2022,14
,חניתה,2022,6
,חנתון,2022,5
,חספין,2022,18
,חפצי-בה,2022,12
,חצבה,2022,12
,חריש,2022,1309
,חרשים,2022,1
,טורעאן,2022,127
,טייבה )בעמק(,2022,3
,טירת צבי,2022,109
,טל-אל,2022,10
,טללים,2022,13
,טמרה,2022,193
,יאנוח,2022,10
,יאנוח-ג'ת,2022,52
,יבול,2022,1
,יד השמונה,2022,1
,יהל,2022,18
,יובלים,2022,4
,יונתן,2022,3
,יושיביה,2022,1
,יזרעאל,2022,8
,יחיעם,2022,16
,יטבתה,2022,2
,ים המלח - בתי מלון,2022,4
,יסעור,2022,8
,יעד,2022,1
,יעל,2022,24
,יערה,2022,5
,יפיע,2022,73
,ירדנה,2022,7
,ירוחם,2022,299
,ירכא,2022,103
,ישע,2022,8
,יתד,2022,13
,יתיר,2022,2
,כאבול,2022,46
,כאוכב אבו אל-היג'א,2022,24
,כברי,2022,2
,כיסופים,2022,2
,כיסרא,2022,12
,כישור,2022,1
,כליל,2022,16
,כמאנה,2022,56
,כמון,2022,4
,כנף,2022,47
,כסיפה,2022,2
,כסלון,2022,2
,כסרא-סמיע,2022,65
,כפר ברוך,2022,9
,כפר החורש,2022,103
,כפר ורדים,2022,82
,כפר חרוב,2022,1
,כפר יאסיף,2022,67
,כפר יחזקאל,2022,14
,כפר מנדא,2022,191
,כפר מסריק,2022,4
,כפר מצר,2022,20
,כפר סמיע,2022,8
,כפר עזה,2022,23
,כפר ראש הנקרה,2022,5
,כפר רוזנואלד )זרעית(,2022,1
,כפר רופין,2022,13
,כפר תבור,2022,117
,כרם שלום,2022,2
,כרמים,2022,5
,לבון,2022,3
,להב,2022,6
,להבים,2022,76
,לוזית,2022,8
,לוחמי הגיטאות,2022,10
,לוטם,2022,8
,לימן,2022,6
,לקיה,2022,2
,מ. א. אשכול,2022,1
,מ. א. בני שמעון,2022,1
,מ. א. בקעת בית שאן,2022,3
,מ. א. הגלבוע,2022,2
,מ. א. הגליל העליון,2022,8
,מ. א. חבל אילות,2022,3
,מ. א. מטה אשר,2022,14
,מ. א. מטה יהודה,2022,28
,מ. א. משגב,2022,22
,מ. א. עמק יזרעאל,2022,2
,מ. א. רמת נגב,2022,3
,מ. א. תמר,2022,14
,מ. מ. רמת חובב,2022,1
,מבוא ביתר,2022,6
,מבוא חמה,2022,74
,מבועים,2022,3
,מבטחים,2022,6
,מבשרת ציון,2022,720
,מג`ד אל-כרום,2022,160
,מגדל העמק,2022,826
,מגן שאול,2022,4
,מדרשת בן גוריון,2022,6
,מולדת,2022,41
,מועאוויה,2022,28
,מוצא עילית,2022,16
,מוצא תחתית,2022,8
,מוקייבלה,2022,9
,מורן,2022,4
,מורשת,2022,56
,מושיירפה,2022,9
,מזרעה,2022,27
,מחנה יתיר,2022,1
,מטע,2022,7
,מי עמי,2022,109
,מיטב,2022,4
,מיטל,2022,12
,מיצר,2022,12
,מירב,2022,3
,מירון,2022,14
,מיתר,2022,249
,מכמנים,2022,2
,מכר,2022,17
,מלאה,2022,1
,מלילות,2022,5
,מנוחה,2022,3
,מנוף,2022,2
,מנות,2022,1
,מנשית זבדה,2022,1
,מסילות,2022,9
,מסילת ציון,2022,3
,מסלול,2022,7
,מעגלים,2022,3
,מעוז חיים,2022,23
,מעונה,2022,2
,מעיליא,2022,85
,מעלה גלבוע,2022,2
,מעלה גמלא,2022,6
,מעלה החמישה,2022,1
,מעלה עירון,2022,76
,מעלות-תרשיחא,2022,355
,מצובה,2022,3
,מצפה,2022,7
,"מצפה אבי""ב",2022,1
,מצפה נטופה,2022,5
,מצפה רמון,2022,162
,מרום גולן,2022,2
,מרחב עם,2022,2
,משגב,2022,38
,משמר הנגב,2022,2
,משמר העמק,2022,12
,נאות גולן,2022,10
,נאות הכיכר,2022,4
,נבטים,2022,1
,נוב,2022,11
,נוה,2022,5
,נווה אור,2022,1
,"נווה אטי""ב",2022,1
,נווה אילן,2022,4
,נווה איתן,2022,8
,נווה זוהר,2022,9
,נווה זיו,2022,5
,נווה מיכאל,2022,28
,נורית,2022,5
,נחושה,2022,5
,נחלה,2022,9
,נחם,2022,9
,נחף,2022,113
,נטועה,2022,4
,נטור,2022,34
,נטף,2022,2
,ניר דוד )תל עמל(,2022,2
,ניר יפה,2022,3
,ניר משה,2022,5
,ניר עקיבא,2022,2
,נירים,2022,7
,נס הרים,2022,3
,נצרת,2022,574
,"נתיב הל""ה",2022,5
,נתיב העשרה,2022,7
,נתיב השיירה,2022,3
,סאג'ור,2022,66
,סאלם,2022,3
,סגולה,2022,7
,סדום,2022,5
,סופה,2022,1
,סח'נין,2022,327
,סלמה,2022,5
,סער,2022,6
,ספיר,2022,10
,עבדון,2022,3
,עברון,2022,1
,עוזייר,2022,5
,עומר,2022,107
,עידן,2022,2
,עיילבון,2022,42
,עילוט,2022,26
,עין איברהים,2022,8
,עין אל-אסד,2022,13
,עין בוקק,2022,3
,עין גדי,2022,2
,עין הבשור,2022,23
,עין המפרץ,2022,31
,"עין הנצי""ב",2022,1
,עין השלושה,2022,3
,עין זיוון,2022,13
,עין חרוד )מאוחד(,2022,134
,עין יהב,2022,9
,עין יעקב,2022,1
,"עין כרם-בי""ס חקלאי",2022,19
,עין נקובא,2022,9
,עין קיניא,2022,1
,עין ראפה,2022,3
,עין תמר,2022,3
,עמינדב,2022,1
,"עמק בית שאן מ""א 7",2022,1
,עמקה,2022,2
,עצמון שגב,2022,4
,עראבה,2022,199
,עראמשה,2022,4
,ערערה,2022,68
,ערערה-בנגב,2022,10
,פארן,2022,7
,פדויים,2022,4
,פטיש,2022,2
,פסוטה,2022,32
,"פעמי תש""ז",2022,7
,פקיעין )בוקייעה(,2022,31
,פקיעין חדשה,2022,2
,פרזון,2022,5
,פרי גן,2022,5
,צהל,2022,56
,צובה,2022,2
,צוחר,2022,6
,צופר,2022,8
,צוקים,2022,16
,צור הדסה,2022,68
,צורית,2022,3
,צנדלה,2022,5
,צפרירים,2022,1
,קדמת צבי,2022,13
,קורנית,2022,1
,קלחים,2022,6
,קלע,2022,10
,קציר,2022,8
,קצרין,2022,213
,קריית יערים,2022,26
,קריית ענבים,2022,41
,קרית יערים)מוסד(,2022,14
,קשת,2022,5
,ראמה,2022,77
,ראס אל-עין,2022,2
,רביבים,2022,6
,רגבה,2022,6
,רהט,2022,37
,רוויה,2022,3
,רוחמה,2022,19
,רומאנה,2022,15
,רחוב,2022,7
,רם-און,2022,1
,רמות,2022,6
,רמת חובב,2022,4
,רמת מגשימים,2022,3
,רמת רזיאל,2022,11
,רנן,2022,4
,רעים,2022,8
,רקפת,2022,2
,רשפים,2022,12
,שבי דרום,2022,1
,שבי ציון,2022,11
,שגב-שלום,2022,41
,שדה בוקר,2022,3
,שדה יואב,2022,77
,שדה משה,2022,8
,שדה נחום,2022,10
,שדה ניצן,2022,10
,שדה צבי,2022,28
,שדי אברהם,2022,14
,שדי תרומות,2022,13
,שואבה,2022,4
,שובל,2022,4
,שומרה,2022,5
,שומריה,2022,2
,שוקדה,2022,7
,שורש,2022,91
,שורשים,2022,3
,שזור,2022,1
,שיבולים,2022,3
,שיזף,2022,1
,שייח' דנון,2022,9
,שלומי,2022,135
,שלומית,2022,5
,שמרת,2022,12
,שמשית,2022,5
,שני,2022,2
,שעב,2022,11
,שעל,2022,4
,שריגים )לי-און(,2022,33
,שרשרת,2022,9
,שתולה,2022,2
,תאשור,2022,6
,תדהר,2022,3
,תובל,2022,6
,תירוש,2022,4
,תל שבע,2022,6
,תל תאומים,2022,4
,תלמי אליהו,2022,3
,"תלמי ביל""ו",2022,3
,תלמי יוסף,2022,2
,תענך,2022,1
,תקומה,2022,1
,תראבין א-צאנע)ישוב(,2022,1
,תרום,2022,3
,אבטין,2022,5
,אביאל,2022,7
,אביבים,2022,4
,אור הגנוז,2022,3
,אור עקיבא,2022,703
,אושה,2022,125
,איילת השחר,2022,29
,אילניה,2022,11
,אכסאל,2022,138
,אלוני אבא,2022,5
,אלונים,2022,13
,אליפלט,2022,11
,אליקים,2022,8
,אלמגור,2022,10
,אלעד,2022,280
,אמירים,2022,12
,אמנון,2022,19
,אעבלין,2022,176
,אפק,2022,85
,ארבל,2022,7
,אשדות יעקב )איחוד(,2022,15
,אשדות יעקב )מאוחד(,2022,12
,ביר אל-מכסור,2022,69
,ביריה,2022,10
,בית אורן,2022,7
,בית זרע,2022,32
,בית לחם הגלילית,2022,15
,בית קשת,2022,5
,בית רימון,2022,2
,בית שערים,2022,6
,בלפוריה,2022,24
,בנימינה-גבעת עדה,2022,479
,בסמת טבעון,2022,19
,בר יוחאי,2022,4
,ברקאי,2022,99
,בת שלמה,2022,17
,ג'למה,2022,1
,ג'ש )גוש חלב(,2022,54
,גבע כרמל,2022,9
,גבעת אבני,2022,10
,"גבעת ניל""י",2022,8
,גבעת עדה,2022,56
,גבת,2022,372
,גדות,2022,2
,גונן,2022,15
,גינוסר,2022,38
,גיניגר,2022,7
,"גליל עליון מז מ""א 1",2022,3
,"גליל תחתון מז מ""א 2",2022,3
,"גליל תחתון מז מ""א 3",2022,1
,"גליל תחתון מז מ""א 6",2022,2
,גפן,2022,1
,דאלית אל-כרמל,2022,244
,דבוריה,2022,63
,דגניה א',2022,162
,דגניה ב',2022,4
,"דוב""ב",2022,2
,דור,2022,3
,דחי,2022,2
,דישון,2022,1
,דליה,2022,3
,דלתון,2022,4
,דמיידה,2022,3
,דן,2022,10
,דפנה,2022,15
,הבונים,2022,79
,הגושרים,2022,17
,הזורע,2022,1
,הזורעים,2022,16
,החותרים,2022,45
,היוגב,2022,13
,הסוללים,2022,6
,זובידאת )שבט(,2022,1
,זכרון יעקב,2022,505
,זרזיר,2022,22
,חולתה,2022,38
,חוקוק,2022,86
,חזון,2022,44
,חצור הגלילית,2022,147
,חרוצים,2022,11
,טבעון,2022,17
,טובא-זנגריה,2022,11
,טירת כרמל,2022,628
,טפחות,2022,1
,יבנאל,2022,190
,יובל,2022,5
,יסוד המעלה,2022,25
,יפעת,2022,3
,יפתח,2022,4
,יקנעם )מושבה(,2022,24
,יקנעם עילית,2022,442
,כורזים,2022,19
,כחל,2022,4
,כלנית,2022,3
,כנרת )מושבה(,2022,13
,כנרת )קבוצה(,2022,94
,כעביה-טבאש-חג'אג'רה,2022,18
,כפר ביאליק,2022,10
,כפר בלום,2022,14
,כפר גדעון,2022,5
,כפר גליקסון,2022,44
,כפר גלעדי,2022,3
,כפר המכבי,2022,4
,כפר הנשיא,2022,7
,כפר זיתים,2022,9
,כפר חושן,2022,10
,כפר חיטים,2022,3
,כפר חסידים א',2022,3
,כפר יהושע,2022,11
,כפר כמא,2022,13
,כפר כנא,2022,199
,כפר סאלד,2022,6
,כפר עבודה,2022,3
,כפר פינס,2022,4
,כפר קיש,2022,10
,כפר קרע,2022,34
,כפר שמאי,2022,7
,כרכום,2022,4
,כרם בן זמרה,2022,3
,"כרם מהר""ל",2022,7
,כרמל,2022,1
,לביא,2022,1
,לבנים,2022,8
,להבות הבשן,2022,18
,מ. א. הגליל התחתון,2022,11
,מ. א. זבולון,2022,2
,מ. א. מגידו,2022,2
,מ. א. מרום הגליל,2022,12
,מ. א. עמק הירדן,2022,12
,מגאר,2022,123
,מגדים,2022,7
,מגדל,2022,145
,מגידו,2022,11
,מדרך עוז,2022,3
,מזרע,2022,9
,מחניים,2022,7
,מטולה,2022,30
,מלכיה,2022,24
,מנחמיה,2022,18
,מנרה,2022,2
,מסד,2022,15
,מסדה,2022,6
,מעגן,2022,82
,מעין ברוך,2022,9
,מרגליות,2022,7
,מרחביה )מושב(,2022,5
,מרחביה )קיבוץ(,2022,12
,משגב עם,2022,15
,משהד,2022,46
,משמר הירדן,2022,5
,נאות מרדכי,2022,5
,נאעורה,2022,45
,נהלל,2022,12
,נווה ים,2022,3
,נופית,2022,13
,נחשולים,2022,4
,ניין,2022,17
,ניר עציון,2022,2
,סולם,2022,17
,עארה,2022,5
,עדי,2022,18
,עופר,2022,6
,עין איילה,2022,3
,עין גב,2022,1
,עין דור,2022,6
,עין הוד,2022,2
,עין העמק,2022,2
,עין השופט,2022,15
,עין כרמל,2022,10
,עין מאהל,2022,125
,עין עירון,2022,4
,עמיעד,2022,21
,עמיקם,2022,8
,עמיר,2022,22
,"עמק יזרעאל מ""א 31",2022,10
,"עמק יזרעאל מ""א 9",2022,4
,עספיא,2022,183
,עתלית,2022,195
,פוריה - כפר עבודה,2022,44
,פוריה - נווה עובד,2022,18
,פוריה עילית,2022,30
,פוריידיס,2022,67
,פרוד,2022,2
,צבעון,2022,5
,ציפורי,2022,13
,צפת,2022,940
,קדרים,2022,15
,קיסריה,2022,148
,קריות,2022,1
,קריית טבעון,2022,310
,קריית שמונה,2022,456
,ראש פינה,2022,56
,רגבים,2022,9
,רומת הייב,2022,7
,ריחאניה,2022,15
,ריינה,2022,151
,רכסים,2022,301
,רמות מנשה,2022,7
,רמות נפתלי,2022,9
,רמת דוד,2022,16
,רמת השופט,2022,1
,רמת יוחנן,2022,1
,רמת ישי,2022,124
,רמת צבי,2022,4
,שאר ישוב,2022,1
,שבלי - אום אל-גנם,2022,7
,שדה אילן,2022,3
,שדה אליעזר,2022,14
,שדה יעקב,2022,5
,שדה נחמיה,2022,3
,שדות ים,2022,35
,שדמות דבורה,2022,8
,שכניה,2022,1
,שניר,2022,2
,שער העמקים,2022,1
,שפר,2022,3
,שפרעם,2022,206
,שרונה,2022,6
,שריד,2022,20
,תל עדשים,2022,14
,תל קציר,2022,22
,תמרת,2022,99
,תעשיון גליל תחתון,2022,12
,*קדימה-צורן*,2022,50
,אביחיל,2022,10
,אבן יהודה,2022,287
,אודים,2022,17
,אום אל-קוטוף,2022,1
,אומץ,2022,5
,אזור,2022,199
,אחיטוב,2022,4
,אחיסמך,2022,102
,אחיעזר,2022,1
,אליכין,2022,87
,אלישיב,2022,3
,אלישמע,2022,5
,אלפי מנשה,2022,3
,ארסוף,2022,5
,באקה א-שרקיה,2022,1
,באקה אל-גרביה,2022,121
,באקה-ג'ת**,2022,4
,בארותיים,2022,15
,בורגתה,2022,2
,בחן,2022,9
,בית אלעזרי,2022,1
,בית ברל,2022,1
,בית גמליאל,2022,8
,בית דגן,2022,83
,בית חירות,2022,4
,בית חלקיה,2022,4
,בית חשמונאי,2022,10
,בית יהושע,2022,13
,בית ינאי,2022,4
,בית יצחק-שער חפר,2022,13
,בית נחמיה,2022,3
,בית עזרא,2022,7
,בית עמרא,2022,2
,ביתן אהרן,2022,4
,בן זכאי,2022,60
,בן שמן )מושב(,2022,1
,בני דרור,2022,31
,בני עטרות,2022,1
,בני ציון,2022,14
,בני ראם,2022,4
,בניה,2022,9
,בצרה,2022,37
,בקוע,2022,13
,ברקת,2022,7
,בת חפר,2022,63
,ג'לג'וליה,2022,27
,ג'סר א-זרקא,2022,61
,ג'ת,2022,68
,גאולים,2022,4
,גבעת ברנר,2022,9
,"גבעת ח""ן",2022,7
,גבעת חיים )איחוד(,2022,9
,גבעת חיים )מאוחד(,2022,2
,"גבעת כ""ח",2022,12
,גבעת שמואל,2022,734
,גבעת שפירא,2022,5
,גזר,2022,14
,גיזו,2022,5
,גינתון,2022,3
,גליל ים,2022,38
,גן השומרון,2022,10
,גן חיים,2022,10
,גן יאשיה,2022,8
,גנות,2022,5
,גנות הדר,2022,1
,גני הדר,2022,18
,גני טל,2022,2
,גני יהודה,2022,6
,גני יוחנן,2022,4
,גני עם,2022,6
,גני תקווה,2022,222
,געש,2022,1
,"דרום השרון מ""א 02",2022,2
,"דרום השרון מ""א 81",2022,5
,"דרום השרון של""ש",2022,1
,הדר עם,2022,3
,המעפיל,2022,11
,העוגן,2022,8
,הרדוף,2022,4
,זיתן,2022,3
,זמר,2022,39
,ח'ואלד )שבט(,2022,4
,חבצלת השרון,2022,25
,חג'אג'רה*,2022,3
,חגור,2022,2
,חגלה,2022,4
,חדיד,2022,3
,חופית,2022,20
,חיבת ציון,2022,11
,חמד,2022,5
,חניאל,2022,3
,חפץ חיים,2022,8
,חרב לאת,2022,19
,טייבה,2022,130
,טירה,2022,71
,טירת יהודה,2022,5
,טל שחר,2022,4
,יגל,2022,3
,יד בנימין,2022,20
,יד חנה,2022,5
,"יד רמב""ם",2022,13
,יהוד,2022,345
,יהוד-מונוסון,2022,65
,ימא,2022,1
,ינוב,2022,23
,יסודות,2022,11
,יעף,2022,1
,יציץ,2022,12
,יקום,2022,5
,ירחיב,2022,6
,ישעי,2022,5
,ישרש,2022,9
,כוכב יאיר,2022,83
,כפר אביב,2022,3
,כפר אוריה,2022,2
,"כפר אז""ר",2022,34
,"כפר ביל""ו",2022,3
,כפר בן נון,2022,5
,כפר ברא,2022,44
,כפר הס,2022,3
,"כפר הרא""ה",2022,6
,כפר ויתקין,2022,22
,"כפר חב""ד",2022,15
,כפר חיים,2022,1
,כפר טרומן,2022,4
,כפר ידידיה,2022,3
,כפר יונה,2022,342
,כפר יעבץ,2022,18
,כפר מונש,2022,5
,"כפר מל""ל",2022,9
,כפר מרדכי,2022,6
,כפר נטר,2022,9
,כפר קאסם,2022,81
,כפר שמריהו,2022,115
,כרמי יוסף,2022,10
,להבות חביבה,2022,8
,לפיד,2022,7
,מ. א. דרום השרון,2022,1
,מאור,2022,18
,מבוא מודיעים,2022,16
,מגל,2022,5
,מגשימים,2022,14
,מזכרת בתיה,2022,161
,מייסר,2022,9
,מישר,2022,4
,מכבים-רעות,2022,51
,מכמורת,2022,3
,מענית,2022,23
,מעש,2022,3
,מצליח,2022,27
,מצר,2022,13
,משגב דב,2022,10
,משמר איילון,2022,3
,משמר דוד,2022,10
,משמר השבעה,2022,22
,משמר השרון,2022,1
,משמרות,2022,12
,משמרת,2022,7
,מתן,2022,29
,נווה אפרים,2022,17
,נווה ימין,2022,10
,נווה ירק,2022,7
,נווה מבטח,2022,3
,נוף איילון,2022,7
,נופך,2022,1
,נורדיה,2022,16
,נחלים,2022,69
,נחשון,2022,3
,נחשונים,2022,2
,ניצני עוז,2022,3
,ניר אליהו,2022,57
,ניר צבי,2022,3
,נירית,2022,3
,נעלה,2022,1
,נען,2022,14
,נצר סרני,2022,96
,סביון*,2022,64
,סואעד )חמרייה(,2022,75
,סתריה,2022,9
,עדנים,2022,35
,עולש,2022,1
,עזריאל,2022,9
,עין החורש,2022,6
,עין ורד,2022,12
,עין שמר,2022,5
,עין שריד,2022,17
,עינת,2022,5
,עמנואל,2022,1
,"עמק חפר מזרח מ""א 61",2022,2
,עשרת,2022,6
,פדואל,2022,1
,פדיה,2022,5
,פורת,2022,2
,פרדסיה,2022,72
,פתחיה,2022,2
,צופית,2022,3
,צור יגאל,2022,7
,צור יצחק,2022,127
,צור משה,2022,11
,צור נתן,2022,30
,צורן,2022,37
,צפריה,2022,6
,קדימה-צורן,2022,89
,קדרון,2022,3
,קלנסווה,2022,63
,קריית עקרון,2022,90
,ראס עלי,2022,5
,רינתיה,2022,4
,רמות השבים,2022,18
,רמות מאיר,2022,34
,רמת אפעל,2022,37
,רשפון,2022,22
,שדה ורבורג,2022,45
,שדה יצחק,2022,3
,שדות מיכה,2022,3
,שדי חמד,2022,2
,שדמה,2022,11
,שוהם,2022,241
,שושנת העמקים,2022,3
,שילת,2022,2
,שעלבים,2022,2
,שער אפרים,2022,29
,שפיים,2022,1
,תל יצחק,2022,6
,תל מונד,2022,176
,תלמי אלעזר,2022,4
,תנובות,2022,11
,תעוז,2022,1
,אבו דיס,2022,1
,אבו עמאר )שבט(,2022,1
,אבו קורינאת )שבט(,2022,1
,אביגדור,2022,3
,אבן שמואל,2022,6
,אור הנר,2022,2
,אורות,2022,2
,"אזור באר שבע מ""א 15",2022,1
,"אזור זכרון יעקב מ""א 51",2022,2
,אחווה,2022,1
,אחוזם,2022,8
,אירוס,2022,22
,איתן,2022,6
,אלומה,2022,12
,אליאב,2022,1
,אלקנה,2022,1
,אמונים,2022,3
,אמציה,2022,3
,ארז,2022,16
,באר גנים,2022,9
,באר טוביה,2022,18
,ביצרון,2022,9
,בית אל,2022,1
,בית חנן,2022,14
,בית עובד,2022,4
,בית שקמה,2022,9
,בני דקלים,2022,38
,בני דרום,2022,1
,"בני עי""ש",2022,65
,ברור חיל,2022,6
,ברורים,2022,3
,ברכיה,2022,1
,בת הדר,2022,6
,גאליה,2022,8
,גבים,2022,1
,גבעות עדן,2022,3
,גבעת השלושה,2022,3
,גבעת זאב,2022,1
,גבעתי,2022,13
,גברעם,2022,2
,גיאה,2022,55
,גיבתון,2022,2
,גמזו,2022,7
,גן הדרום,2022,1
,גן יבנה,2022,450
,גן שורק,2022,1
,גן שלמה,2022,8
,דורות,2022,5
,הודיה,2022,10
,הר גילה,2022,1
,הר עמשא,2022,1
,ורדון,2022,2
,זבדיאל,2022,12
,זוהר,2022,84
,זיקים,2022,2
,זמרת,2022,1
,זרחיה,2022,1
,חולדה,2022,2
,חלץ,2022,1
,חצב,2022,4
,חצור-אשדוד,2022,3
,יד נתן,2022,6
,יכיני,2022,1
,ינון,2022,1
,כוכב מיכאל,2022,7
,כפר אחים,2022,3
,כפר דניאל,2022,21
,כפר הנגיד,2022,6
,"כפר הרי""ף",2022,11
,כפר ורבורג,2022,8
,כפר מימון,2022,3
,כפר מנחם,2022,8
,כפר סירקין,2022,8
,כרמי קטיף,2022,17
,כרמיה,2022,7
,לכיש,2022,9
,מ. א. באר טוביה,2022,1
,מ. א. ברנר,2022,2
,מ. א. גזר,2022,2
,מ. א. גן רוה,2022,5
,מ. א. חבל יבנה,2022,13
,מ. א. יואב,2022,7
,מ. א. לכיש,2022,2
,מ. א. עמק לוד,2022,2
,מ. א. שפיר,2022,9
,מעלה אדומים,2022,2
,מעלה אפרים,2022,1
,מרכז שפירא,2022,63
,משען,2022,2
,נגבה,2022,52
,נהורה,2022,8
,נחל עוז,2022,3
,נחלת יהודה,2022,1
,נטע,2022,1
,נטעים,2022,5
,ניצן,2022,19
,ניצנים,2022,4
,ניר בנים,2022,8
,ניר גלים,2022,9
,"ניר ח""ן",2022,5
,ניר ישראל,2022,4
,ניר עם,2022,4
,עד הלום,2022,1
,עוצם,2022,3
,עזר,2022,4
,עזריה,2022,4
,עזריקם,2022,4
,עיינות,2022,1
,עין צורים,2022,13
,ערוגות,2022,3
,צלפון,2022,5
,קוממיות,2022,2
,קריית מלאכי,2022,1439
,קרית חיים,2022,4
,רבדים,2022,1
,רווחה,2022,32
,שדה דוד,2022,5
,שדה עוזיהו,2022,5
,שובה,2022,8
,שחר,2022,8
,שלווה,2022,1
,שפיר,2022,24
,שקף,2022,7
,שתולים,2022,36
,תושיה,2022,2
,תימורים,2022,4
,תלמי יחיאל,2022,8
,תלמי יפה,2022,6
,תלמים,2022,6
,,2023,21
,*עראבה*,2023,1
,אבו ג'ווייעד )שבט(,2023,1
,אבו גוש,2023,54
,אבו דיס,2023,1
,אבו סנאן,2023,44
,אבו קרינאת )יישוב(,2023,1
,אביטל,2023,32
,אביעזר,2023,3
,אבירים,2023,1
,אבן מנחם,2023,2
,אבן ספיר,2023,19
,אבני איתן,2023,2
,אבשלום,2023,12
,אדמית,2023,4
,אדרת,2023,9
,אודם,2023,12
,אוהד,2023,7
,אום אל-פחם,2023,338
,אומן,2023,8
,אורה,2023,5
,אורטל,2023,2
,אחוזת ברק,2023,4
,אחיהוד,2023,4
,אילון,2023,8
,אילות,2023,3
,אל סייד,2023,1
,אל-רום,2023,9
,אלון הגליל,2023,5
,אלוני הבשן,2023,9
,אלי-עד,2023,2
,אניעם,2023,5
,אעבלין,2023,208
,אפיניש )שבט(,2023,80
,אפיק,2023,5
,ארבל,2023,4
,אשבול,2023,1
,אשחר,2023,5
,אשלים,2023,4
,אשרת,2023,2
,אשתאול,2023,3
,באר אורה,2023,6
,באר מילכה,2023,4
,בוסתן הגליל,2023,12
,בועיינה-נוג'ידאת,2023,53
,ביר אל-מכסור,2023,32
,בית אלפא,2023,6
,בית ג'ן,2023,98
,בית גוברין,2023,4
,בית הגדי,2023,9
,בית העמק,2023,10
,בית השיטה,2023,15
,בית זית,2023,6
,בית חנניה,2023,3
,בית יוסף,2023,11
,בית מאיר,2023,11
,בית ניר,2023,7
,בית נקופה,2023,2
,בית קמה,2023,2
,בית שאן,2023,484
,בן עמי,2023,5
,בני יהודה,2023,11
,בני נצרים,2023,3
,"בסמ""ה",2023,15
,בענה,2023,64
,בצת,2023,1
,"בקעת נטופה מ""א 65",2023,2
,בר גיורא,2023,3
,ברטעה,2023,6
,ברק,2023,10
,ג'דידה,2023,3
,ג'דיידה-מכר,2023,127
,ג'ולס,2023,95
,ג'ת,2023,99
,גבולות,2023,1
,גבע,2023,1
,גבעולים,2023,20
,גבעות בר,2023,2
,גבעת אלה,2023,18
,גבעת יואב,2023,19
,גבעת יערים,2023,6
,גבעת ישעיהו,2023,1
,גבעת עוז,2023,104
,גדיידה,2023,12
,גדיש,2023,4
,גדעונה,2023,8
,גדרה,2023,456
,גורן,2023,4
,גורנות הגליל,2023,2
,גזית,2023,6
,גילון,2023,3
,גילת,2023,4
,גלאון,2023,127
,גן יבנה,2023,238
,גן נר,2023,12
,געתון,2023,7
,גשור,2023,9
,גשר,2023,28
,גשר הזיו,2023,3
,גת )קיבוץ(,2023,102
,גת בגליל,2023,4
,דבורה,2023,3
,דבירה,2023,100
,דברת,2023,9
,דייר אל-אסד,2023,59
,דייר חנא,2023,85
,דקל,2023,5
,הושעיה,2023,1
,הילה,2023,2
,הררית,2023,15
,זכריה,2023,4
,זלפה,2023,22
,חבר,2023,6
,חברון,2023,12
,חד-נס,2023,6
,חוסן,2023,13
,חוסנייה,2023,1
,חורה,2023,10
,חורפיש,2023,38
,חיננית,2023,1
,חלוץ,2023,20
,חמדיה,2023,3
,חניתה,2023,10
,חנתון,2023,2
,חספין,2023,14
,חפצי-בה,2023,3
,חצבה,2023,12
,חריש,2023,489
,טייבה )בעמק(,2023,6
,טירת צבי,2023,14
,טל-אל,2023,13
,טללים,2023,9
,טמרה,2023,270
,יאנוח,2023,2
,יאנוח-ג'ת,2023,98
,יבול,2023,9
,יהל,2023,9
,יודפת,2023,14
,יונתן,2023,1
,יזרעאל,2023,7
,יחיעם,2023,13
,יטבתה,2023,1
,ים המלח - בתי מלון,2023,2
,יסעור,2023,23
,יעד,2023,3
,יעל,2023,12
,יערה,2023,6
,יפיע,2023,68
,ירוחם,2023,286
,ירכא,2023,111
,ישע,2023,5
,יתד,2023,4
,יתיר,2023,1
,כאבול,2023,52
,כאוכב אבו אל-היג'א,2023,33
,כברי,2023,2
,כיסופים,2023,7
,כיסרא,2023,3
,כישור,2023,1
,כליל,2023,12
,כמאנה,2023,4
,כמון,2023,5
,כנף,2023,13
,כסרא-סמיע,2023,59
,כפר ברוך,2023,10
,כפר החורש,2023,55
,כפר ורדים,2023,63
,כפר חנניה,2023,2
,כפר חרוב,2023,2
,כפר יאסיף,2023,110
,כפר יונה,2023,218
,כפר יחזקאל,2023,8
,כפר מנדא,2023,231
,כפר מסריק,2023,2
,כפר מצר,2023,1
,כפר עזה,2023,20
,כפר רופין,2023,7
,כפר תבור,2023,81
,כרם שלום,2023,6
,כרמים,2023,5
,לבון,2023,1
,להב,2023,5
,להבים,2023,59
,לוזית,2023,4
,לוחמי הגיטאות,2023,8
,לוטם,2023,7
,לקיה,2023,6
,מ. א. בני שמעון,2023,2
,מ. א. גולן,2023,3
,מ. א. חבל אילות,2023,1
,מ. א. מגידו,2023,1
,מ. א. מטה אשר,2023,14
,מ. א. מטה יהודה,2023,3
,מ. א. מעלה יוסף,2023,1
,מ. א. משגב,2023,29
,מ. א. רמת נגב,2023,4
,מ. א. תמר,2023,72
,מ. מ. רמת חובב,2023,1
,מ.א. נווה מדבר,2023,15
,מבוא ביתר,2023,7
,מבוא חמה,2023,1
,מבועים,2023,2
,מבטחים,2023,8
,מבשרת ציון,2023,231
,מג`ד אל-כרום,2023,182
,מגדל העמק,2023,536
,מגידו,2023,8
,מדרשת בן גוריון,2023,2
,מולדת,2023,6
,מועאוויה,2023,10
,מוצא עילית,2023,4
,מוצא תחתית,2023,12
,מוקייבלה,2023,9
,מורן,2023,2
,מורשת,2023,2
,מושיירפה,2023,12
,מזרעה,2023,6
,מחנה יתיר,2023,1
,מטע,2023,3
,מי עמי,2023,6
,מיטב,2023,6
,מיטל,2023,25
,מירון,2023,22
,מיתר,2023,244
,מכמנים,2023,3
,מכר,2023,14
,מלילות,2023,2
,מנות,2023,3
,מנשית זבדה,2023,3
,מסילות,2023,3
,מסילת ציון,2023,4
,מסלול,2023,2
,מעגלים,2023,4
,מעוז חיים,2023,4
,מעונה,2023,2
,מעיליא,2023,71
,מעלה גלבוע,2023,3
,מעלה גמלא,2023,1
,מעלה החמישה,2023,9
,מעלה עירון,2023,65
,מעלות-תרשיחא,2023,283
,מצובה,2023,6
,"מצפה אבי""ב",2023,6
,מצפה רמון,2023,103
,מרחב עם,2023,11
,משאבי שדה,2023,7
,משגב,2023,76
,משמר הנגב,2023,18
,משמר העמק,2023,99
,מתת,2023,2
,נאות גולן,2023,19
,נאות הכיכר,2023,1
,נבטים,2023,2
,נוב,2023,11
,נוה,2023,5
,נווה אור,2023,10
,"נווה אטי""ב",2023,14
,נווה אילן,2023,8
,נווה איתן,2023,5
,נווה זוהר,2023,1
,נווה זיו,2023,4
,נווה מיכאל,2023,9
,נורית,2023,1
,נחושה,2023,4
,נחם,2023,5
,נחף,2023,131
,נטור,2023,3
,ניצני סיני,2023,4
,ניר יפה,2023,1
,נס הרים,2023,8
,נס עמים,2023,7
,נצרת,2023,379
,"נתיב הל""ה",2023,8
,נתיב השיירה,2023,48
,סאג'ור,2023,47
,סאלם,2023,2
,סגולה,2023,1
,סופה,2023,7
,סח'נין,2023,457
,סלמה,2023,14
,סנסנה,2023,2
,סער,2023,7
,ספיר,2023,6
,עוזייר,2023,8
,עומר,2023,81
,עידן,2023,4
,עיילבון,2023,47
,עין איברהים,2023,2
,עין אל-אסד,2023,11
,עין בוקק,2023,3
,עין הבשור,2023,2
,עין המפרץ,2023,26
,"עין הנצי""ב",2023,2
,עין השלושה,2023,5
,עין זיוון,2023,1
,עין חרוד )מאוחד(,2023,1
,עין יהב,2023,13
,עין יעקב,2023,3
,"עין כרם-בי""ס חקלאי",2023,8
,עין נקובא,2023,9
,עין קנייא,2023,2
,עין ראפה,2023,18
,"עמק יזרעאל מ""א 31",2023,12
,עמקה,2023,3
,עצמון שגב,2023,3
,עראבה,2023,245
,עראמשה,2023,2
,ערערה,2023,84
,ערערה-בנגב,2023,16
,פארן,2023,3
,פדויים,2023,10
,פטיש,2023,5
,פלך,2023,2
,פסוטה,2023,49
,"פעמי תש""ז",2023,2
,פקיעין )בוקייעה(,2023,27
,פקיעין חדשה,2023,1
,פרזון,2023,1
,פרי גן,2023,7
,צהל,2023,20
,צוחר,2023,9
,צופר,2023,5
,צוקים,2023,15
,צור הדסה,2023,48
,צוריאל,2023,3
,צורית,2023,4
,צלפון,2023,2
,צנדלה,2023,13
,צפרירים,2023,2
,קדמת צבי,2023,2
,קלחים,2023,9
,קלע,2023,16
,קציר,2023,8
,קצרין,2023,115
,קריית יערים,2023,32
,קרית יערים)מוסד(,2023,3
,קשת,2023,7
,ראמה,2023,100
,רביבים,2023,6
,רגבה,2023,10
,רהט,2023,55
,רוויה,2023,8
,רוחמה,2023,120
,רומאנה,2023,16
,רומת הייב,2023,7
,רם-און,2023,3
,רמות,2023,39
,רמת חובב,2023,7
,רמת טראמפ,2023,40
,רמת מגשימים,2023,5
,רמת רזיאל,2023,2
,רמת רחל,2023,5
,רעים,2023,2
,רשפים,2023,4
,שבי ציון,2023,7
,שגב-שלום,2023,26
,שדה משה,2023,4
,שדה נחום,2023,9
,שדה ניצן,2023,13
,שדה צבי,2023,4
,שדי אברהם,2023,1
,שדי תרומות,2023,4
,שואבה,2023,3
,שובל,2023,14
,שוקדה,2023,1
,שורש,2023,9
,שורשים,2023,6
,שזור,2023,4
,שיבולים,2023,5
,שייח' דנון,2023,13
,שלוחות,2023,82
,שלומי,2023,94
,שלומית,2023,28
,שמרת,2023,11
,שמשית,2023,8
,שני,2023,7
,שעב,2023,111
,שעל,2023,20
,שפרעם,2023,201
,שריגים )לי-און(,2023,9
,שרשרת,2023,7
,תאשור,2023,22
,תובל,2023,3
,תל שבע,2023,3
,תלמי אליהו,2023,1
,"תלמי ביל""ו",2023,2
,תלמי יוסף,2023,1
,תלמים,2023,6
,תקומה,2023,7
,אבטין,2023,12
,אביאל,2023,1
,אור הגנוז,2023,3
,אור עקיבא,2023,404
,אושה,2023,23
,איילת השחר,2023,7
,אילניה,2023,21
,אכסאל,2023,84
,אלוני אבא,2023,5
,אלונים,2023,19
,אליפלט,2023,7
,אליקים,2023,3
,אלמגור,2023,6
,אמירים,2023,5
,אמנון,2023,2
,אפיקים,2023,22
,אפק,2023,104
,אשדות יעקב )איחוד(,2023,6
,אשדות יעקב )מאוחד(,2023,5
,ביריה,2023,1
,בית אורן,2023,4
,בית זרע,2023,53
,בית לחם הגלילית,2023,7
,בית קשת,2023,5
,בית רימון,2023,3
,בית שערים,2023,5
,בלפוריה,2023,21
,בנימינה-גבעת עדה,2023,276
,בסמת טבעון,2023,33
,בר יוחאי,2023,3
,ברקאי,2023,28
,בת שלמה,2023,5
,ג'ש )גוש חלב(,2023,48
,גבע כרמל,2023,14
,גבעת אבני,2023,13
,"גבעת ניל""י",2023,6
,גבעת עדה,2023,45
,גבת,2023,22
,גדות,2023,4
,גונן,2023,8
,גינוסר,2023,18
,גיניגר,2023,1
,"גליל עליון מז מ""א 1",2023,3
,גלעד )אבן יצחק(,2023,1
,דאלית אל-כרמל,2023,144
,דבוריה,2023,85
,דגניה א',2023,13
,"דוב""ב",2023,3
,דור,2023,7
,דחי,2023,1
,דישון,2023,11
,דליה,2023,24
,דלתון,2023,6
,דמיידה,2023,2
,דן,2023,4
,דפנה,2023,5
,הבונים,2023,34
,הגושרים,2023,9
,הזורעים,2023,1
,החותרים,2023,20
,היוגב,2023,5
,הסוללים,2023,116
,זובידאת )שבט(,2023,1
,זכרון יעקב,2023,321
,זרזיר,2023,59
,חולתה,2023,18
,חוקוק,2023,16
,חזון,2023,2
,חמאם,2023,2
,חצור הגלילית,2023,94
,טבעון,2023,9
,טובא-זנגריה,2023,33
,טורעאן,2023,107
,טירת כרמל,2023,423
,טפחות,2023,1
,יבנאל,2023,165
,יובל,2023,6
,יסוד המעלה,2023,8
,יפעת,2023,44
,יפתח,2023,3
,יקנעם )מושבה(,2023,19
,יקנעם עילית,2023,261
,כורזים,2023,23
,כחל,2023,5
,כלנית,2023,3
,כנרת )מושבה(,2023,7
,כנרת )קבוצה(,2023,30
,כפר ביאליק,2023,6
,כפר בלום,2023,10
,כפר גדעון,2023,1
,כפר גליקסון,2023,18
,כפר גלעדי,2023,4
,כפר המכבי,2023,171
,כפר הנשיא,2023,6
,כפר זיתים,2023,26
,כפר חושן,2023,8
,כפר חסידים א',2023,4
,כפר חסידים ב',2023,5
,כפר יהושע,2023,6
,כפר כמא,2023,14
,כפר כנא,2023,192
,כפר סאלד,2023,2
,כפר עבודה,2023,1
,כפר פינס,2023,8
,כפר קיש,2023,7
,כפר קרע,2023,24
,כפר שמאי,2023,1
,"כרם מהר""ל",2023,8
,כרמל,2023,2
,לביא,2023,2
,לבנים,2023,6
,להבות הבשן,2023,5
,מ. א. הגליל העליון,2023,6
,מ. א. הגליל התחתון,2023,4
,מ. א. מרום הגליל,2023,4
,מ. א. עמק הירדן,2023,3
,מ. א. עמק יזרעאל,2023,12
,מ.א. חוף הכרמל,2023,1
,מאיר שפיה,2023,2
,מגאר,2023,126
,מגדים,2023,6
,מגדל,2023,72
,מחניים,2023,7
,מטולה,2023,24
,מכמורת,2023,7
,מלכיה,2023,6
,מנחמיה,2023,8
,מנרה,2023,4
,מסד,2023,8
,מסדה,2023,11
,מעגן,2023,25
,מעין ברוך,2023,7
,מצפה,2023,7
,מצפה נטופה,2023,8
,מרגליות,2023,2
,מרחביה )מושב(,2023,3
,מרחביה )קיבוץ(,2023,6
,משגב עם,2023,3
,משהד,2023,62
,משמר הירדן,2023,7
,נאעורה,2023,16
,נהלל,2023,5
,נווה ים,2023,4
,נופית,2023,12
,נחשולים,2023,9
,ניין,2023,30
,ניר עציון,2023,16
,סולם,2023,18
,עארה,2023,3
,עארורה,2023,1
,עדי,2023,5
,עופר,2023,20
,עילוט,2023,69
,עין איילה,2023,6
,עין גב,2023,1
,עין דור,2023,3
,עין הוד,2023,11
,עין העמק,2023,3
,עין השופט,2023,25
,עין זיתים,2023,1
,עין כרמל,2023,13
,עין מאהל,2023,123
,עלמה,2023,15
,עמיעד,2023,7
,עמיקם,2023,3
,עמיר,2023,1
,"עמק יזרעאל מ""א 8",2023,5
,עספיא,2023,104
,עתלית,2023,140
,פוריה - כפר עבודה,2023,60
,פוריה - נווה עובד,2023,16
,פוריה עילית,2023,44
,פוריידיס,2023,14
,פרוד,2023,9
,צבעון,2023,1
,ציפורי,2023,12
,צפת,2023,504
,צרופה,2023,3
,קדרים,2023,20
,קיסריה,2023,101
,קריית טבעון,2023,293
,קריית שמונה,2023,328
,ראש פינה,2023,55
,רגבים,2023,11
,ריחאניה,2023,4
,ריינה,2023,128
,רכסים,2023,202
,רמות מנשה,2023,76
,רמות נפתלי,2023,11
,רמת דוד,2023,1
,רמת השופט,2023,96
,רמת יוחנן,2023,1
,רמת ישי,2023,97
,שבלי - אום אל-גנם,2023,12
,שדה אילן,2023,7
,שדה אליעזר,2023,4
,שדה יעקב,2023,7
,שדה נחמיה,2023,2
,שדות ים,2023,22
,שדמות דבורה,2023,4
,שכניה,2023,4
,שמיר,2023,1
,שער העמקים,2023,240
,שפר,2023,3
,שרונה,2023,3
,שריד,2023,22
,תל עדשים,2023,46
,תל קציר,2023,10
,תמרת,2023,6
,*קדימה-צורן*,2023,11
,אביחיל,2023,7
,אבן יהודה,2023,144
,אודים,2023,5
,אומץ,2023,1
,אזור,2023,155
,אחיטוב,2023,1
,אחיסמך,2023,105
,אחיעזר,2023,1
,איבתאן,2023,12
,אליכין,2023,71
,אלישיב,2023,5
,אלישמע,2023,1
,אלעד,2023,323
,ארסוף,2023,4
,באקה אל-גרביה,2023,130
,באקה-ג'ת**,2023,2
,בארותיים,2023,14
,בורגתה,2023,7
,בחן,2023,5
,בית אלעזרי,2023,5
,בית גמליאל,2023,13
,בית דג'ן)שכם(,2023,1
,בית דגן,2023,52
,בית חירות,2023,5
,בית חלקיה,2023,13
,בית חשמונאי,2023,9
,בית יהושע,2023,4
,בית ינאי,2023,3
,בית יצחק-שער חפר,2023,11
,בית נחמיה,2023,3
,בית עוזיאל,2023,2
,בית עזרא,2023,6
,בית עמרא,2023,6
,ביתן אהרן,2023,10
,בן זכאי,2023,7
,בן שמן )מושב(,2023,4
,בני דרור,2023,76
,"בני עי""ש",2023,48
,בני ציון,2023,12
,בני ראם,2023,8
,בניה,2023,6
,בצרה,2023,19
,בקוע,2023,3
,ברקת,2023,3
,בת חפר,2023,101
,ג'לג'וליה,2023,22
,ג'סר א-זרקא,2023,28
,גאולים,2023,2
,גבעת ברנר,2023,8
,גבעת השלושה,2023,13
,"גבעת ח""ן",2023,1
,גבעת חיים )איחוד(,2023,4
,גבעת חיים )מאוחד(,2023,2
,"גבעת כ""ח",2023,1
,גבעת שמואל,2023,463
,גזר,2023,93
,גיזו,2023,3
,גליל ים,2023,35
,גן השומרון,2023,8
,גן חיים,2023,10
,גן יאשיה,2023,4
,גן שורק,2023,7
,גנות,2023,17
,גני טל,2023,2
,גני יהודה,2023,14
,גני עם,2023,4
,גני תקווה,2023,167
,געש,2023,2
,גת רימון,2023,3
,"דרום השרון מ""א 02",2023,3
,"דרום השרון מ""א 81",2023,1
,הדר עם,2023,4
,המעפיל,2023,9
,העוגן,2023,10
,הרדוף,2023,3
,זיתן,2023,3
,זמר,2023,37
,ח'ואלד,2023,2
,ח'ואלד )שבט(,2023,5
,חבצלת השרון,2023,14
,חגור,2023,4
,חגלה,2023,5
,חדיד,2023,3
,חופית,2023,10
,חיבת ציון,2023,3
,חירות,2023,4
,חמד,2023,6
,חניאל,2023,3
,חפץ חיים,2023,8
,חצב,2023,4
,חרב לאת,2023,13
,טייבה,2023,144
,טירה,2023,50
,טירת יהודה,2023,4
,טל שחר,2023,6
,יגל,2023,2
,יד בנימין,2023,10
,יד חנה,2023,2
,"יד רמב""ם",2023,7
,יהוד,2023,198
,יהוד-מונוסון,2023,60
,ינוב,2023,15
,יסודות,2023,7
,יציץ,2023,10
,יקום,2023,4
,ירחיב,2023,1
,ישעי,2023,6
,ישרש,2023,8
,כוכב יאיר,2023,39
,כעביה-טבאש-חג'אג'רה,2023,18
,כפר אביב,2023,12
,"כפר אז""ר",2023,8
,"כפר ביל""ו",2023,11
,כפר ברא,2023,91
,כפר הס,2023,5
,"כפר הרא""ה",2023,3
,כפר ויתקין,2023,6
,"כפר חב""ד",2023,44
,כפר חיים,2023,8
,כפר טרומן,2023,6
,כפר ידידיה,2023,5
,כפר יעבץ,2023,24
,כפר מונש,2023,14
,"כפר מל""ל",2023,6
,כפר מרדכי,2023,2
,כפר נטר,2023,4
,כפר קאסם,2023,76
,כפר שמואל,2023,6
,כפר שמריהו,2023,83
,כרמי יוסף,2023,4
,להבות חביבה,2023,44
,לפיד,2023,12
,מ. א. זבולון,2023,1
,מ. א. חבל מודיעין,2023,1
,מ. א. חוף השרון,2023,10
,מ. א. מנשה,2023,1
,מ. א. עמק חפר,2023,3
,מ. א. עמק לוד,2023,2
,מאור,2023,17
,מגל,2023,2
,מגשימים,2023,2
,מזור,2023,5
,מזכרת בתיה,2023,115
,מייסר,2023,10
,מישר,2023,1
,מכבים-רעות,2023,43
,מעין צבי,2023,33
,מענית,2023,12
,מעש,2023,9
,מצליח,2023,8
,מצר,2023,4
,מרגה,2023,2
,משגב דב,2023,3
,משמר איילון,2023,6
,משמר דוד,2023,4
,משמר השבעה,2023,10
,משמרות,2023,12
,משמרת,2023,8
,מתן,2023,16
,נווה אפרים,2023,14
,נווה ימין,2023,10
,נווה ירק,2023,6
,נוף איילון,2023,2
,נופך,2023,1
,נורדיה,2023,4
,נחלים,2023,25
,נחשון,2023,1
,נחשונים,2023,75
,ניצני עוז,2023,5
,ניר אליהו,2023,70
,ניר צבי,2023,1
,נירית,2023,7
,נען,2023,32
,נצר סרני,2023,30
,סביון*,2023,38
,סתריה,2023,9
,עדנים,2023,12
,עולש,2023,3
,עין ורד,2023,2
,עין שמר,2023,239
,עין שריד,2023,8
,עינת,2023,4
,עלי,2023,1
,"עמק חפר מזרח מ""א 61",2023,6
,"עמק יזרעאל מ""א 9",2023,2
,עשרת,2023,9
,פדיה,2023,5
,פרדסיה,2023,9
,פתחיה,2023,1
,צופית,2023,9
,צור יגאל,2023,4
,צור יצחק,2023,52
,צור משה,2023,11
,צור נתן,2023,39
,צורן,2023,15
,צפריה,2023,5
,קדימה-צורן,2023,103
,קדרון,2023,4
,קלנסווה,2023,49
,קריית עקרון,2023,79
,ראס עלי,2023,8
,רינתיה,2023,2
,רמות השבים,2023,18
,רמות מאיר,2023,5
,רמת אפעל,2023,32
,רמת הכובש,2023,1
,רשפון,2023,18
,שדה ורבורג,2023,32
,שדה יצחק,2023,4
,שדות מיכה,2023,1
,שדי חמד,2023,1
,שוהם,2023,162
,שושנת העמקים,2023,1
,שילת,2023,2
,שעלבים,2023,2
,שער אפרים,2023,7
,שפיים,2023,418
,תל יצחק,2023,12
,תל מונד,2023,87
,תלמי אלעזר,2023,1
,תנובות,2023,1
,*צוקים*,2023,1
,אביגדור,2023,7
,אבן שמואל,2023,3
,אום אל-גנם,2023,1
,אור הנר,2023,11
,אורות,2023,4
,אורים,2023,2
,"אזור שפרעם מ""א 65",2023,1
,אחווה,2023,1
,אחוזם,2023,8
,אירוס,2023,6
,אלומה,2023,11
,אליאב,2023,2
,אמונים,2023,10
,אמציה,2023,2
,ארז,2023,1
,אריאל,2023,1
,באר גנים,2023,5
,באר טוביה,2023,20
,ביאדה,2023,2
,ביצרון,2023,4
,בית ברל,2023,1
,בית הלוי,2023,2
,בית חנן,2023,14
,בית עובד,2023,5
,בית שקמה,2023,4
,ביתר עילית,2023,2
,בני דרום,2023,1
,ברור חיל,2023,6
,ברכיה,2023,8
,גאליה,2023,2
,גבים,2023,2
,גבעות עדן,2023,1
,גבעת זאב,2023,4
,גבעת שפירא,2023,2
,גבעתי,2023,3
,גברעם,2023,2
,גיאה,2023,4
,גינתון,2023,2
,"גליל עליון מז מ""א 2",2023,1
,גמזו,2023,2
,גן הדרום,2023,4
,גן שלמה,2023,10
,גן שמואל,2023,1
,גני הדר,2023,7
,גני יוחנן,2023,1
,דורות,2023,4
,הודיה,2023,4
,ורדון,2023,3
,זבדיאל,2023,6
,זוהר,2023,23
,זיקים,2023,4
,זרועה,2023,6
,זרחיה,2023,4
,חולדה,2023,5
,חלץ,2023,2
,חצור-אשדוד,2023,11
,חרוצים,2023,2
,חרשים,2023,1
,יד מרדכי,2023,1
,יד נתן,2023,4
,יכיני,2023,1
,ימא,2023,2
,כדורי,2023,2
,כוכב מיכאל,2023,4
,כפר אחים,2023,6
,כפר דניאל,2023,3
,כפר הנגיד,2023,1
,"כפר הרי""ף",2023,4
,כפר ורבורג,2023,5
,כפר חיטים,2023,2
,כפר מימון,2023,4
,כפר מנחם,2023,1
,כפר סירקין,2023,22
,כרמי קטיף,2023,8
,כרמיה,2023,2
,לכיש,2023,7
,מ. א. אשכול,2023,1
,מ. א. בקעת בית שאן,2023,1
,מ. א. גזר,2023,3
,מ. א. גן רוה,2023,1
,מ. א. חבל יבנה,2023,3
,מ. א. יואב,2023,5
,מ. א. לכיש,2023,1
,מ. א. מרחבים,2023,3
,מ. א. שפיר,2023,1
,מ.א. אל קסום,2023,2
,מבוא מודיעים,2023,5
,מבקיעים,2023,19
,מגן שאול,2023,1
,מדרך עוז,2023,1
,מזרע,2023,3
,מנוחה,2023,4
,מעלה אדומים,2023,2
,מרכז שפירא,2023,21
,נאות מרדכי,2023,2
,נגבה,2023,27
,נהורה,2023,5
,נווה שלום,2023,1
,נועם,2023,1
,נחל שורק,2023,1
,נחלה,2023,6
,נחלת יהודה,2023,2
,נטועה,2023,2
,נטעים,2023,11
,ניסנית,2023,1
,ניצן,2023,10
,ניצנים,2023,130
,ניר בנים,2023,5
,ניר גלים,2023,9
,"ניר ח""ן",2023,7
,ניר ישראל,2023,1
,ניר עם,2023,8
,ניר עקיבא,2023,4
,נירים,2023,6
,נתיב העשרה,2023,3
,סעד,2023,1
,עבדון,2023,1
,עגור,2023,1
,עד הלום,2023,1
,עוצם,2023,4
,עזר,2023,3
,עזריה,2023,1
,עזריקם,2023,3
,עיינות,2023,1
,עין גדי,2023,1
,עין עירון,2023,1
,עין צורים,2023,108
,ערוגות,2023,4
,פורת,2023,1
,פלמחים,2023,1
,צרעה,2023,4
,קוממיות,2023,22
,קורנית,2023,1
,קריית מלאכי,2023,444
,קרית חיים,2023,1
,רבדים,2023,11
,רווחה,2023,5
,רמת צבי,2023,2
,רנן,2023,2
,רקפת,2023,1
,רתמים,2023,1
,שאר ישוב,2023,1
,שדה בוקר,2023,7
,שדה דוד,2023,6
,שדה יואב,2023,4
,שובה,2023,4
,שומרה,2023,1
,שחר,2023,5
,שניר,2023,2
,שער הנגב,2023,1
,שפיר,2023,22
,שקף,2023,3
,שתולה,2023,1
,שתולים,2023,13
,תושיה,2023,4
,תימורים,2023,7
,תירוש,2023,1
,תל אל-בידא,2023,1
,תל תאומים,2023,1
,תלם,2023,1
,תלמי יחיאל,2023,4
,תלמי יפה,2023,1
,תעשיון ראם*,2023,4
,תפרח,2023,1
,תרום,2023,1
,,2024,63
,*עראבה*,2024,1
,אבו גוש,2024,48
,אבו דיס,2024,1
,אבו סנאן,2024,42
,אבטליון,2024,11
,אביטל,2024,2
,אביעזר,2024,6
,אבן ספיר,2024,10
,אדרת,2024,2
,אודם,2024,1
,אום אל-פחם,2024,256
,אום אל-קוטוף,2024,1
,אומן,2024,14
,אורה,2024,6
,אורטל,2024,1
,אזור תעסוקה משגב,2024,1
,אחוזת ברק,2024,7
,אחיהוד,2024,7
,אילון,2024,6
,אל-רום,2024,6
,אלון הגליל,2024,6
,אלוני הבשן,2024,2
,אניעם,2024,5
,אעבלין,2024,235
,אפיניש )שבט(,2024,3
,אפיק,2024,3
,אפק,2024,120
,ארבל,2024,2
,אשחר,2024,13
,אשלים,2024,8
,אשרת,2024,3
,אשתאול,2024,4
,באר אורה,2024,6
,בוסתן הגליל,2024,7
,בועיינה-נוג'ידאת,2024,51
,בוקעאתא,2024,2
,ביר אל-מכסור,2024,22
,בית אלפא,2024,11
,בית ג'ן,2024,88
,בית הגדי,2024,6
,בית העמק,2024,7
,בית השיטה,2024,23
,בית חנניה,2024,8
,בית יוסף,2024,2
,בית מאיר,2024,11
,בית ניר,2024,2
,בית נקופה,2024,6
,בית שאן,2024,632
,בני דרור,2024,17
,בני יהודה,2024,5
,בני נצרים,2024,2
,"בסמ""ה",2024,28
,בענה,2024,69
,"בקעת נטופה מ""א 65",2024,5
,ברטעה,2024,2
,ברק,2024,5
,בת עין,2024,1
,ג'דידה,2024,2
,ג'דיידה-מכר,2024,98
,ג'ולס,2024,116
,ג'ת,2024,116
,גבע,2024,34
,גבעולים,2024,5
,גבעת אלה,2024,7
,גבעת יואב,2024,7
,גבעת יערים,2024,17
,גבעת ישעיהו,2024,2
,גבעת עוז,2024,4
,גדעונה,2024,3
,גדרה,2024,623
,גזית,2024,46
,גילון,2024,8
,גלאון,2024,65
,געתון,2024,2
,גשור,2024,10
,גשר,2024,11
,גשר הזיו,2024,5
,גת )קיבוץ(,2024,99
,גת בגליל,2024,4
,דבורה,2024,9
,דבירה,2024,23
,דייר אל-אסד,2024,86
,דייר חנא,2024,68
,הושעיה,2024,1
,הר אדר,2024,3
,הררית,2024,12
,זכריה,2024,3
,זלפה,2024,7
,זרועה,2024,3
,חבר,2024,12
,חברון,2024,2
,חד-נס,2024,3
,חוסן,2024,5
,חוסנייה,2024,4
,חורה,2024,11
,חורפיש,2024,41
,חלוץ,2024,4
,חמדיה,2024,14
,חספין,2024,7
,חפצי-בה,2024,8
,חצבה,2024,8
,חריש,2024,739
,טייבה )בעמק(,2024,7
,טירת צבי,2024,21
,טל-אל,2024,6
,טללים,2024,5
,טמרה,2024,259
,יאנוח-ג'ת,2024,85
,יובלים,2024,6
,יודפת,2024,28
,יזרעאל,2024,5
,יחיעם,2024,8
,יסעור,2024,2
,יעל,2024,3
,יערה,2024,4
,ירדנה,2024,5
,ירוחם,2024,271
,ירכא,2024,101
,ישע,2024,6
,כאבול,2024,84
,כאוכב אבו אל-היג'א,2024,27
,כברי,2024,6
,כליל,2024,10
,כמון,2024,8
,כסרא-סמיע,2024,63
,כפר ברוך,2024,5
,כפר גליקסון,2024,9
,כפר החורש,2024,95
,כפר ורדים,2024,72
,כפר חרוב,2024,9
,כפר יאסיף,2024,131
,כפר יחזקאל,2024,14
,כפר מנדא,2024,224
,כפר מסריק,2024,22
,כפר מצר,2024,11
,כפר סמיע,2024,1
,כפר ראש הנקרה,2024,1
,כפר רופין,2024,4
,כפר תבור,2024,73
,כרמים,2024,11
,לבון,2024,7
,להב,2024,3
,להבים,2024,61
,לוזית,2024,6
,לוחמי הגיטאות,2024,11
,לוטם,2024,10
,לוטן,2024,18
,מ. א. הגליל העליון,2024,3
,מ. א. חבל אילות,2024,1
,מ. א. מגידו,2024,14
,מ. א. מטה אשר,2024,5
,מ. א. מעלה יוסף,2024,4
,מ. א. מרום הגליל,2024,4
,מ. א. משגב,2024,27
,מ. א. רמת נגב,2024,5
,מ. א. תמר,2024,13
,מבוא ביתר,2024,4
,מבועים,2024,6
,מבשרת ציון,2024,294
,מג`ד אל-כרום,2024,114
,מגדל העמק,2024,573
,מגידו,2024,42
,מדרשת בן גוריון,2024,5
,מולדת,2024,5
,מועאוויה,2024,4
,מוצא עילית,2024,14
,מוצא תחתית,2024,6
,מוקייבלה,2024,10
,מורשת,2024,1
,מושיירפה,2024,5
,מזרעה,2024,15
,מי עמי,2024,7
,מיטל,2024,8
,מיתר,2024,102
,מכמנים,2024,3
,מכר,2024,3
,מנות,2024,2
,מנשית זבדה,2024,2
,מסילת ציון,2024,5
,מעגלים,2024,5
,מעוז חיים,2024,18
,מעונה,2024,3
,מעיליא,2024,87
,מעלה גלבוע,2024,3
,מעלה החמישה,2024,1
,מעלה עירון,2024,62
,מעלות-תרשיחא,2024,255
,"מצפה אבי""ב",2024,4
,מצפה רמון,2024,129
,מרום גולן,2024,6
,מרחב עם,2024,1
,משאבי שדה,2024,1
,משגב,2024,64
,משמר העמק,2024,2
,נאות גולן,2024,11
,נוב,2024,4
,נוה,2024,5
,נווה אילן,2024,12
,נווה איתן,2024,10
,נווה זיו,2024,4
,נווה מיכאל,2024,21
,נחם,2024,9
,נחף,2024,94
,נטור,2024,1
,נטף,2024,4
,ניצני סיני,2024,3
,נס עמים,2024,2
,נצרת,2024,457
,"נתיב הל""ה",2024,17
,נתיב השיירה,2024,4
,סאג'ור,2024,54
,סאלם,2024,2
,סח'נין,2024,338
,סלמה,2024,8
,סער,2024,6
,ספיר,2024,5
,עוזייר,2024,21
,עומר,2024,81
,עיילבון,2024,53
,עין אל-אסד,2024,19
,עין המפרץ,2024,14
,עין חרוד )מאוחד(,2024,1
,עין יהב,2024,24
,עין יעקב,2024,3
,"עין כרם-בי""ס חקלאי",2024,11
,עין נקובא,2024,6
,עין צורים,2024,25
,עין קנייא,2024,1
,עין ראפה,2024,3
,עין תמר,2024,3
,עמינדב,2024,1
,"עמק יזרעאל מ""א 31",2024,21
,עצמון שגב,2024,5
,עראבה,2024,247
,ערערה,2024,95
,ערערה-בנגב,2024,34
,פארן,2024,5
,פדויים,2024,3
,פוריידיס,2024,23
,פטיש,2024,3
,פלך,2024,51
,פסוטה,2024,53
,"פעמי תש""ז",2024,4
,פקיעין )בוקייעה(,2024,18
,פרזון,2024,6
,צהל,2024,59
,צוחר,2024,9
,צופר,2024,7
,צוקים,2024,9
,צור הדסה,2024,80
,צורית,2024,5
,צנדלה,2024,1
,צפרירים,2024,1
,קלע,2024,5
,קציר,2024,10
,קצרין,2024,344
,קריית יערים,2024,50
,קריית ענבים,2024,32
,קרית יערים)מוסד(,2024,4
,קשת,2024,3
,ראמה,2024,60
,ראס אל-עין,2024,2
,רגבה,2024,3
,רהט,2024,51
,רוחמה,2024,72
,רומאנה,2024,21
,רומת הייב,2024,6
,רחוב,2024,2
,ריחן,2024,1
,רם-און,2024,5
,רמות,2024,5
,רמת מגשימים,2024,49
,רקפת,2024,2
,רשפים,2024,4
,שבי ציון,2024,3
,שגב-שלום,2024,8
,שגור**,2024,1
,שדה משה,2024,7
,שדה נחום,2024,10
,שדה צבי,2024,4
,שדי תרומות,2024,1
,שואבה,2024,1
,שובל,2024,2
,שומרה,2024,5
,שורש,2024,17
,שורשים,2024,19
,שזור,2024,3
,שחרות,2024,1
,שייח' דנון,2024,3
,שלוחות,2024,19
,שלומי,2024,100
,שמרת,2024,11
,שמשית,2024,3
,שעב,2024,25
,שעל,2024,2
,שפרעם,2024,243
,שריגים )לי-און(,2024,13
,שרשרת,2024,3
,תאשור,2024,7
,תובל,2024,2
,תל אל-בידא,2024,1
,תל יוסף,2024,32
,תל שבע,2024,3
,תל תאומים,2024,3
,"תלמי ביל""ו",2024,21
,תראבין א-צאנע )שבט(,2024,1
,אבטין,2024,11
,אביאל,2024,8
,אביבים,2024,3
,אור עקיבא,2024,765
,אושה,2024,22
,איילת השחר,2024,7
,אילניה,2024,3
,אכסאל,2024,132
,אלומות,2024,6
,אלונים,2024,39
,אליקים,2024,7
,אלמגור,2024,3
,אפיקים,2024,47
,אשדות יעקב )איחוד(,2024,2
,אשדות יעקב )מאוחד(,2024,14
,בית אורן,2024,3
,בית זרע,2024,9
,בית לחם הגלילית,2024,3
,בלפוריה,2024,4
,בנימינה-גבעת עדה,2024,315
,בסמת טבעון,2024,17
,ברקאי,2024,19
,בת שלמה,2024,20
,ג'ש )גוש חלב(,2024,36
,גבעת אבני,2024,13
,"גבעת ניל""י",2024,6
,גבעת עדה,2024,28
,גונן,2024,3
,גינוסר,2024,10
,גיניגר,2024,36
,"גליל תחתון מז של""ש",2024,1
,דאלית אל-כרמל,2024,179
,דבוריה,2024,86
,דגניה א',2024,12
,דחי,2024,6
,דישון,2024,6
,דמיידה,2024,2
,דן,2024,1
,דפנה,2024,2
,האון,2024,13
,הבונים,2024,20
,הגושרים,2024,2
,הזורעים,2024,1
,החותרים,2024,26
,הסוללים,2024,2
,זכרון יעקב,2024,440
,זרזיר,2024,47
,ח'ואלד,2024,1
,חולתה,2024,1
,חוקוק,2024,14
,חזון,2024,1
,חמאם,2024,18
,חצור הגלילית,2024,146
,טובא-זנגריה,2024,54
,טורעאן,2024,165
,טירת כרמל,2024,776
,טפחות,2024,19
,יבנאל,2024,172
,יסוד המעלה,2024,14
,יפיע,2024,54
,יפעת,2024,3
,יקנעם )מושבה(,2024,11
,יקנעם עילית,2024,306
,כורזים,2024,15
,כלנית,2024,2
,כנרת )מושבה(,2024,15
,כנרת )קבוצה(,2024,48
,כפר בלום,2024,5
,כפר גדעון,2024,2
,כפר המכבי,2024,51
,כפר הנשיא,2024,13
,כפר זיתים,2024,3
,כפר חושן,2024,1
,כפר חסידים א',2024,11
,כפר יהושע,2024,5
,כפר כמא,2024,29
,כפר כנא,2024,255
,כפר סאלד,2024,2
,כפר פינס,2024,7
,כפר קיש,2024,1
,כפר קרע,2024,132
,כפר שמאי,2024,5
,להבות הבשן,2024,7
,מ. א. הגליל התחתון,2024,7
,מ. א. זבולון,2024,3
,מ. א. מנשה,2024,2
,מ. א. עמק יזרעאל,2024,13
,מבוא חמה,2024,1
,מגאר,2024,128
,מגדים,2024,6
,מגדל,2024,80
,מזרע,2024,9
,מחניים,2024,3
,מטולה,2024,8
,מירון,2024,8
,מנחמיה,2024,9
,מסד,2024,8
,מסדה,2024,10
,מעגן,2024,6
,מצפה,2024,7
,מרגליות,2024,2
,מרחביה )מושב(,2024,1
,מרחביה )קיבוץ(,2024,19
,משהד,2024,102
,משמר הירדן,2024,6
,נאות מרדכי,2024,3
,נאעורה,2024,16
,נהלל,2024,2
,נווה ים,2024,2
,נופית,2024,25
,ניין,2024,16
,ניר עציון,2024,14
,סולם,2024,5
,עדי,2024,10
,עילוט,2024,29
,עין גב,2024,19
,עין דור,2024,5
,עין הוד,2024,6
,עין כרמל,2024,276
,עין מאהל,2024,86
,עמיעד,2024,6
,עמיקם,2024,5
,"עמק יזרעאל מ""א 8",2024,2
,"עמק יזרעאל מ""א 9",2024,8
,עספיא,2024,117
,עתלית,2024,221
,פוריה - כפר עבודה,2024,14
,פוריה עילית,2024,28
,פרוד,2024,7
,ציפורי,2024,7
,צפת,2024,378
,קדרים,2024,6
,קיסריה,2024,85
,קריות,2024,8
,קריית טבעון,2024,281
,קריית שמונה,2024,94
,ראש פינה,2024,64
,רגבים,2024,25
,ריחאניה,2024,3
,ריינה,2024,131
,רכסים,2024,720
,רמות מנשה,2024,36
,רמת דוד,2024,6
,רמת השופט,2024,150
,רמת ישי,2024,105
,שבלי - אום אל-גנם,2024,21
,שדה אילן,2024,8
,שדה אליעזר,2024,1
,שדה נחמיה,2024,1
,שכניה,2024,25
,שער העמקים,2024,108
,שרונה,2024,7
,שריד,2024,11
,תל עדשים,2024,2
,תל קציר,2024,15
,תמרת,2024,16
,אביחיל,2024,9
,אבן יהודה,2024,377
,אודים,2024,3
,אזור,2024,282
,אחיטוב,2024,10
,אחיסמך,2024,167
,אחיעזר,2024,12
,איבתאן,2024,1
,אליכין,2024,67
,אלישיב,2024,1
,אלישמע,2024,3
,אלעד,2024,867
,באקה אל-גרביה,2024,109
,באקה-ג'ת**,2024,2
,בארותיים,2024,11
,בורגתה,2024,2
,ביצרון,2024,5
,ביר א סכה,2024,1
,בית אלעזרי,2024,20
,בית גמליאל,2024,8
,בית דגן,2024,80
,בית חירות,2024,5
,בית חלקיה,2024,7
,בית חשמונאי,2024,3
,בית יהושע,2024,12
,בית ינאי,2024,5
,בית יצחק-שער חפר,2024,23
,בית עוזיאל,2024,11
,בית עמרא,2024,3
,ביתן אהרן,2024,6
,בן זכאי,2024,57
,בן שמן )מושב(,2024,9
,בני עטרות,2024,2
,"בני עי""ש",2024,71
,בני ציון,2024,11
,בניה,2024,13
,בצרה,2024,24
,בקוע,2024,6
,ברקת,2024,9
,בת חפר,2024,82
,ג'לג'וליה,2024,8
,ג'סר א-זרקא,2024,84
,גאולי תימן,2024,1
,גאולים,2024,1
,"גבעת ח""ן",2024,1
,גבעת חיים )איחוד(,2024,15
,גבעת שמואל,2024,881
,גזר,2024,64
,גינתון,2024,2
,גליל ים,2024,53
,גן השומרון,2024,9
,גן חיים,2024,14
,גן יאשיה,2024,7
,גנות,2024,4
,גני יהודה,2024,7
,גני עם,2024,9
,גני תקווה,2024,225
,"דרום השרון מ""א 02",2024,13
,המעפיל,2024,23
,העוגן,2024,7
,הרדוף,2024,3
,זמר,2024,45
,חבצלת השרון,2024,14
,חג'אג'רה*,2024,3
,חגור,2024,16
,חגלה,2024,10
,חדיד,2024,6
,חופית,2024,5
,חיבת ציון,2024,8
,חמד,2024,13
,חניאל,2024,2
,חפץ חיים,2024,127
,חרב לאת,2024,11
,טייבה,2024,134
,טירה,2024,61
,טירת יהודה,2024,7
,טל שחר,2024,13
,יד חנה,2024,3
,"יד רמב""ם",2024,17
,יהוד,2024,676
,יהוד-מונוסון,2024,33
,ינוב,2024,23
,יסודות,2024,44
,ירקונה,2024,1
,ישעי,2024,8
,ישרש,2024,13
,כוכב יאיר,2024,43
,כנות,2024,1
,כעביה-טבאש-חג'אג'רה,2024,39
,כפר אביב,2024,5
,"כפר אז""ר",2024,16
,כפר ברא,2024,112
,כפר הס,2024,15
,"כפר הרא""ה",2024,5
,כפר ויתקין,2024,5
,כפר ורבורג,2024,12
,"כפר חב""ד",2024,49
,כפר חיים,2024,12
,כפר ידידיה,2024,7
,כפר יונה,2024,363
,כפר יעבץ,2024,10
,"כפר מל""ל",2024,3
,כפר נטר,2024,12
,כפר קאסם,2024,67
,כפר שמואל,2024,8
,כפר שמריהו,2024,62
,כרמי יוסף,2024,7
,להבות חביבה,2024,2
,לפיד,2024,10
,מ. א. חוף השרון,2024,4
,מ. א. לב השרון,2024,1
,מאור,2024,6
,מבוא חורון,2024,1
,מבוא מודיעים,2024,33
,מגשימים,2024,2
,מזכרת בתיה,2024,169
,מייסר,2024,12
,מכבים-רעות,2024,31
,מכמורת,2024,6
,מעין צבי,2024,18
,מעש,2024,8
,מצליח,2024,36
,מצר,2024,4
,משגב דב,2024,5
,משמר איילון,2024,10
,משמר השבעה,2024,22
,משמרות,2024,11
,משמרת,2024,4
,מתן,2024,12
,נווה אפרים,2024,13
,נווה ימין,2024,3
,נווה ירק,2024,9
,נוף איילון,2024,8
,נופך,2024,8
,נורדיה,2024,28
,נחלים,2024,47
,נחשונים,2024,32
,ניר אליהו,2024,2
,ניר צבי,2024,26
,נירית,2024,1
,נען,2024,42
,נצר חזני,2024,1
,נצר סרני,2024,76
,סביון*,2024,60
,עדנים,2024,15
,עולש,2024,8
,עזריאל,2024,4
,עין החורש,2024,2
,עין ורד,2024,3
,עין שמר,2024,22
,עין שריד,2024,14
,"עמק חפר מזרח מ""א 61",2024,4
,עשרת,2024,14
,פדיה,2024,2
,פרדסיה,2024,62
,צופית,2024,20
,צוקי ים,2024,1
,צור יגאל,2024,5
,צור יצחק,2024,79
,צור משה,2024,25
,צור נתן,2024,54
,צורן,2024,30
,צפריה,2024,9
,קדימה-צורן,2024,288
,קדמה,2024,1
,קדרון,2024,9
,קלנסווה,2024,74
,קריית עקרון,2024,72
,רמות השבים,2024,14
,רמת אפעל,2024,50
,רמת הכובש,2024,1
,רשפון,2024,17
,שדה ורבורג,2024,43
,שדות מיכה,2024,1
,שדי חמד,2024,4
,שדמה,2024,5
,שוהם,2024,203
,שילת,2024,1
,שער אפרים,2024,28
,שפיים,2024,22
,תל יצחק,2024,4
,תל מונד,2024,217
,תלמי אלעזר,2024,2
,תנובות,2024,3
,*צוקים*,2024,1
,אבו רוקייק )שבט(,2024,1
,אבו תלול,2024,1
,אביגדור,2024,5
,אבן מנחם,2024,4
,אבן שמואל,2024,2
,אבני איתן,2024,1
,אבשלום,2024,1
,אדמית,2024,1
,אוהד,2024,1
,אור הנר,2024,11
,אורות,2024,3
,אורים,2024,2
,אחווה,2024,2
,אחוזם,2024,6
,אירוס,2024,21
,איתן,2024,2
,אל סייד,2024,1
,אלומה,2024,7
,אלוני אבא,2024,2
,אליאב,2024,1
,אלפי מנשה,2024,2
,אלקוש,2024,2
,אמונים,2024,4
,אמירים,2024,6
,אמנון,2024,6
,אמציה,2024,1
,ארסוף,2024,6
,אשבול,2024,1
,באר גנים,2024,8
,באר טוביה,2024,24
,באר מילכה,2024,1
,בארות יצחק,2024,1
,בחן,2024,4
,ביריה,2024,2
,בית הלוי,2024,1
,בית זית,2024,3
,בית חנן,2024,14
,בית נחמיה,2024,3
,בית עובד,2024,6
,בית עזרא,2024,3
,בית עריף,2024,5
,בית קמה,2024,8
,בית קשת,2024,3
,בית שערים,2024,3
,בית שקמה,2024,1
,ביתר עילית,2024,4
,בני דקלים,2024,7
,בני דרום,2024,3
,בני ראם,2024,6
,בר גיורא,2024,3
,בר יוחאי,2024,2
,ברור חיל,2024,6
,ברוש,2024,3
,ברכיה,2024,2
,בת הדר,2024,2
,גאליה,2024,7
,גבולות,2024,1
,גבים,2024,2
,גבע כרמל,2024,3
,גבעות בר,2024,1
,גבעת ברנר,2024,24
,גבעת השלושה,2024,1
,גבעת זאב,2024,1
,גבעת חיים )מאוחד(,2024,2
,"גבעת כ""ח",2024,1
,גבעת שפירא,2024,2
,גבעתי,2024,3
,גברעם,2024,2
,גבת,2024,2
,גדות,2024,4
,גדיש,2024,6
,גיאה,2024,2
,גיבתון,2024,2
,גילת,2024,1
,גיתה,2024,2
,"גליל תחתון מז מ""א 2",2024,4
,גמזו,2024,6
,גן הדרום,2024,3
,גן יבנה,2024,249
,גן נר,2024,6
,גן שורק,2024,1
,גן שלמה,2024,12
,גן שמואל,2024,1
,גנות הדר,2024,1
,גני הדר,2024,6
,גני טל,2024,3
,גני יוחנן,2024,5
,געש,2024,3
,גפן,2024,5
,גת רימון,2024,1
,דברת,2024,4
,דור,2024,5
,דורות,2024,5
,דליה,2024,13
,דלתון,2024,3
,דקל,2024,2
,"דרום השרון מ""א 81",2024,2
,הדר עם,2024,9
,הודיה,2024,6
,היוגב,2024,3
,הר עמשא,2024,7
,ורד יריחו,2024,3
,ורדון,2024,1
,זבדיאל,2024,7
,זוהר,2024,8
,זיקים,2024,3
,זיתן,2024,5
,זמרת,2024,3
,זרחיה,2024,9
,חולדה,2024,4
,חולית,2024,1
,חירות,2024,5
,חלץ,2024,2
,חנתון,2024,2
,חצב,2024,4
,חצור-אשדוד,2024,4
,חרוצים,2024,3
,טמרה )יזרעאל(,2024,1
,יגור,2024,1
,יגל,2024,5
,יד בנימין,2024,12
,יד מרדכי,2024,3
,יד נתן,2024,6
,יהל,2024,3
,יושיביה,2024,1
,ימא,2024,6
,ינון,2024,9
,יפתח,2024,2
,יציץ,2024,6
,יקום,2024,5
,ירחיב,2024,3
,יתד,2024,1
,כדורי,2024,2
,כוכב מיכאל,2024,8
,כחל,2024,1
,כחלה,2024,1
,כמאנה,2024,1
,כנף,2024,1
,כסיפה,2024,1
,כסלון,2024,2
,כפר אוריה,2024,4
,כפר אחים,2024,2
,כפר ביאליק,2024,6
,"כפר ביל""ו",2024,8
,כפר בן נון,2024,7
,כפר דניאל,2024,5
,כפר הנגיד,2024,7
,"כפר הרי""ף",2024,5
,כפר חיטים,2024,2
,כפר טרומן,2024,1
,כפר מונש,2024,11
,כפר מימון,2024,1
,כפר מנחם,2024,5
,כפר מרדכי,2024,3
,כפר סירקין,2024,36
,כפר עזה,2024,1
,כרמיה,2024,3
,כרמל,2024,2
,לביא,2024,2
,לבנים,2024,1
,לכיש,2024,5
,לקיה,2024,3
,מ. א. אל-בטוף,2024,1
,מ. א. בוסתאן אל מרג',2024,1
,מ. א. בני שמעון,2024,1
,מ. א. גזר,2024,2
,מ. א. גן רוה,2024,1
,מ. א. חבל יבנה,2024,2
,מ. א. יואב,2024,3
,מ. א. מטה בנימין,2024,1
,מ. א. מטה יהודה,2024,1
,מ. א. עמק הירדן,2024,1
,מ. א. עמק לוד,2024,1
,מ. א. שדות הנגב,2024,1
,מ.א. נווה מדבר,2024,1
,מאיר שפיה,2024,2
,מבטחים,2024,2
,מגן,2024,1
,מגן שאול,2024,3
,מדרך עוז,2024,2
,מודיעין עילית,2024,1
,מורן,2024,3
,מטע,2024,1
,מיטב,2024,1
,מישר,2024,1
,מכחול,2024,1
,מלילות,2024,1
,מנוחה,2024,3
,מסלול,2024,1
,מעין ברוך,2024,3
,מענית,2024,2
,מצובה,2024,2
,מצפה נטופה,2024,1
,מרכז שפירא,2024,25
,משמר דוד,2024,5
,משמר הנגב,2024,1
,משען,2024,1
,נאות הכיכר,2024,4
,נבטים,2024,26
,נגבה,2024,15
,נהורה,2024,6
,נוגה,2024,3
,נווה אור,2024,4
,"נווה אטי""ב",2024,3
,נווה זוהר,2024,7
,נווה מבטח,2024,3
,נורית,2024,3
,נחושה,2024,2
,נחלה,2024,3
,נחלת יהודה,2024,1
,נחשולים,2024,3
,נחשון,2024,1
,נטע,2024,12
,נטעים,2024,3
,ניצן,2024,11
,ניצן ב',2024,1
,ניצני עוז,2024,2
,ניצנים,2024,81
,ניר בנים,2024,9
,ניר גלים,2024,9
,ניר דוד )תל עמל(,2024,3
,"ניר ח""ן",2024,6
,ניר יפה,2024,1
,ניר ישראל,2024,7
,ניר משה,2024,2
,ניר עם,2024,1
,ניר עקיבא,2024,2
,נס הרים,2024,2
,סאסא,2024,1
,סגולה,2024,1
,סואעד )חמרייה(,2024,1
,סוסיה,2024,1
,סופה,2024,1
,סתריה,2024,5
,עבדון,2024,2
,עד הלום,2024,1
,עוזה,2024,7
,עופר,2024,2
,עוצם,2024,3
,עזר,2024,2
,עזריה,2024,1
,עזריקם,2024,15
,עידן,2024,2
,עין איברהים,2024,3
,עין איילה,2024,13
,עין גדי,2024,1
,עין השופט,2024,9
,עין השלושה,2024,1
,עינת,2024,4
,עלמה,2024,1
,עמקה,2024,6
,ערב אל ווהב,2024,1
,ערוגות,2024,17
,פוריה - נווה עובד,2024,4
,פורת,2024,2
,פלמחים,2024,1
,פקיעין חדשה,2024,2
,פתחיה,2024,2
,צובה,2024,1
,צלפון,2024,5
,צמח,2024,1
,צרופה,2024,2
,צרעה,2024,4
,קוממיות,2024,23
,קורנית,2024,1
,קלחים,2024,1
,קריית מלאכי,2024,521
,קרית חיים,2024,3
,ראס עלי,2024,6
,רביבים,2024,8
,רווחה,2024,5
,רמות מאיר,2024,2
,רמת חובב,2024,3
,רמת יוחנן,2024,1
,רמת צבי,2024,5
,רמת רזיאל,2024,6
,רנן,2024,3
,שדה בוקר,2024,4
,שדה דוד,2024,10
,שדה יואב,2024,9
,שדה יעקב,2024,4
,שדה ניצן,2024,4
,שדה עוזיהו,2024,1
,שדות ים,2024,17
,שדמות דבורה,2024,3
,שובה,2024,1
,שוקדה,2024,1
,שיבולים,2024,1
,שלומית,2024,1
,שני,2024,2
,שעלבים,2024,1
,שער הגולן,2024,1
,שפיר,2024,11
,שפר,2024,2
,שקף,2024,2
,שתולה,2024,2
,שתולים,2024,5
,תדהר,2024,5
,תושיה,2024,1
,תימורים,2024,3
,תירוש,2024,5
,תל,2024,1
,תלמי אליהו,2024,3
,תלמי יחיאל,2024,6
,תלמי יפה,2024,4
,תלמים,2024,5
,תעשיון גליל תחתון,2024,1
,תקומה,2024,9
,תראבין א-צאנע)ישוב(,2024,1
,תרום,2024,3
,,2025,92
,*עראבה*,2025,4
,אבו ג'ווייעד )שבט(,2025,1
,אבו גוש,2025,54
,אבו סנאן,2025,63
,אביטל,2025,1
,אביעזר,2025,5
,אבירים,2025,1
,אבן ספיר,2025,9
,אדרת,2025,3
,אום אל-פחם,2025,297
,אומן,2025,15
,אור עקיבא,2025,508
,אורה,2025,11
,אחוזת ברק,2025,21
,אחיהוד,2025,2
,אילון,2025,6
,אל-רום,2025,2
,אלון הגליל,2025,14
,אלוני הבשן,2025,2
,אלי-עד,2025,1
,אליפז,2025,5
,אניעם,2025,1
,אפיניש )שבט(,2025,10
,אפיק,2025,6
,ארבל,2025,2
,אשחר,2025,18
,אשתאול,2025,2
,באר אורה,2025,7
,בוסתן הגליל,2025,12
,בועיינה-נוג'ידאת,2025,51
,בית אלפא,2025,10
,בית ג'ן,2025,93
,בית גוברין,2025,17
,בית הגדי,2025,11
,בית העמק,2025,10
,בית השיטה,2025,46
,בית חנניה,2025,13
,בית יוסף,2025,2
,בית מאיר,2025,10
,בית ניר,2025,1
,בית נקופה,2025,5
,בית שאן,2025,287
,ביתר עילית,2025,4
,בן עמי,2025,2
,בני דרור,2025,19
,בני יהודה,2025,8
,בני נצרים,2025,2
,"בסמ""ה",2025,47
,בענה,2025,96
,"בקעת נטופה מ""א 65",2025,4
,ברטעה,2025,2
,ברק,2025,10
,ג'דיידה-מכר,2025,135
,ג'ולס,2025,58
,גבע,2025,3
,גבעת אלה,2025,11
,גבעת יואב,2025,2
,גבעת יערים,2025,18
,גבעת עוז,2025,2
,גדיידה,2025,4
,גדיש,2025,45
,גדעונה,2025,40
,גדרה,2025,558
,גזית,2025,6
,גילון,2025,45
,גילת,2025,5
,גיתה,2025,6
,גלאון,2025,24
,גן הדרום,2025,2
,גן נר,2025,7
,געתון,2025,4
,גשור,2025,5
,גשר,2025,5
,גשר הזיו,2025,6
,גת )קיבוץ(,2025,58
,דבורה,2025,3
,דבירה,2025,5
,דייר אל-אסד,2025,35
,דייר חנא,2025,128
,דקל,2025,7
,דרום יהודה,2025,1
,הררית,2025,2
,זכריה,2025,3
,זרועה,2025,7
,חבר,2025,6
,חברון,2025,12
,חד-נס,2025,2
,חוסן,2025,4
,חוסנייה,2025,3
,חורה,2025,19
,חורפיש,2025,28
,חירות,2025,12
,חלוץ,2025,4
,חמדיה,2025,6
,חניתה,2025,5
,חספין,2025,3
,חפצי-בה,2025,2
,חצבה,2025,5
,טורעאן,2025,202
,טירת צבי,2025,6
,טל-אל,2025,7
,טללים,2025,11
,טמרה,2025,218
,יאנוח-ג'ת,2025,98
,יד השמונה,2025,1
,יהל,2025,7
,יובלים,2025,10
,יודפת,2025,37
,יונתן,2025,1
,יזרעאל,2025,6
,יחיעם,2025,1
,יסעור,2025,2
,יעד,2025,2
,יעל,2025,25
,יערה,2025,5
,יפיע,2025,62
,ירוחם,2025,317
,ירכא,2025,71
,ישע,2025,8
,יתיר,2025,1
,כאבול,2025,82
,כאוכב אבו אל-היג'א,2025,28
,כברי,2025,3
,כליל,2025,9
,כמאנה,2025,6
,כנף,2025,2
,כסרא-סמיע,2025,37
,כפר ברוך,2025,9
,כפר החורש,2025,17
,כפר ורדים,2025,88
,כפר חרוב,2025,6
,כפר יאסיף,2025,87
,כפר יחזקאל,2025,15
,כפר מנדא,2025,313
,כפר מסריק,2025,3
,כפר מצר,2025,8
,כפר רופין,2025,1
,כפר תבור,2025,64
,כרמים,2025,5
,להב,2025,10
,להבים,2025,103
,לוחמי הגיטאות,2025,13
,לוטם,2025,5
,לוטן,2025,5
,לפידות,2025,12
,מ. א. בני שמעון,2025,1
,מ. א. גולן,2025,2
,מ. א. מגידו,2025,15
,מ. א. מטה אשר,2025,6
,מ. א. מטה יהודה,2025,10
,מ. א. מנשה,2025,10
,מ. א. מעלה יוסף,2025,3
,מ. א. משגב,2025,29
,מ. א. רמת נגב,2025,4
,מ. א. תמר,2025,258
,מ.א. נווה מדבר,2025,3
,מבוא ביתר,2025,5
,מבשרת ציון,2025,274
,מג`ד אל-כרום,2025,156
,מגאר,2025,157
,מגדל העמק,2025,484
,מגידו,2025,30
,מגשימים,2025,11
,מדרשת בן גוריון,2025,5
,מולדת,2025,5
,מועאוויה,2025,7
,מוצא עילית,2025,5
,מוצא תחתית,2025,8
,מוקייבלה,2025,10
,מורן,2025,5
,מורשת,2025,6
,מזרעה,2025,19
,מטע,2025,3
,מי עמי,2025,54
,מיטל,2025,5
,מירון,2025,8
,מיתר,2025,188
,מכמנים,2025,5
,מכר,2025,1
,מלאה,2025,1
,מנוף,2025,5
,מסילות,2025,1
,מסילת ציון,2025,2
,מעגלים,2025,2
,מעוז חיים,2025,14
,מעונה,2025,1
,מעיליא,2025,102
,מעלה אפרים,2025,3
,מעלה גלבוע,2025,3
,מעלה החמישה,2025,2
,מעלה עירון,2025,76
,מעלות-תרשיחא,2025,270
,"מצפה אבי""ב",2025,6
,מצפה נטופה,2025,2
,מצפה רמון,2025,114
,מרום גולן,2025,9
,מרחב עם,2025,6
,משאבי שדה,2025,97
,משגב,2025,67
,משמר העמק,2025,10
,נאות גולן,2025,4
,נהורה,2025,7
,נוה,2025,1
,נווה אילן,2025,12
,נווה איתן,2025,18
,נווה זוהר,2025,5
,נווה זיו,2025,7
,נחושה,2025,5
,נחלה,2025,2
,נחם,2025,3
,נחף,2025,133
,נטועה,2025,2
,ניצני סיני,2025,2
,ניר יפה,2025,1
,ניר משה,2025,11
,נצרת,2025,415
,"נתיב הל""ה",2025,11
,נתיב השיירה,2025,1
,סאג'ור,2025,57
,סח'נין,2025,362
,סלמה,2025,11
,סער,2025,10
,ספיר,2025,4
,עוזייר,2025,22
,עומר,2025,77
,עיילבון,2025,33
,עין אל-אסד,2025,15
,עין המפרץ,2025,12
,"עין הנצי""ב",2025,33
,עין זיוון,2025,4
,עין חרוד )מאוחד(,2025,3
,עין יהב,2025,8
,"עין כרם-בי""ס חקלאי",2025,12
,עין נקובא,2025,11
,עין עירון,2025,4
,עין קיניא,2025,1
,עין ראפה,2025,6
,עין תמר,2025,3
,עמינדב,2025,4
,"עמק בית שאן מ""א 7",2025,1
,עצמון שגב,2025,6
,עראבה,2025,261
,עראמשה,2025,1
,ערערה,2025,111
,ערערה-בנגב,2025,5
,פארן,2025,5
,"פארק הירדן מ""א 6",2025,1
,פטיש,2025,1
,פלך,2025,3
,פסוטה,2025,49
,פקיעין )בוקייעה(,2025,21
,פקיעין חדשה,2025,1
,פרוד,2025,4
,פרזון,2025,4
,פרי גן,2025,3
,צהל,2025,19
,צוחר,2025,5
,צופר,2025,6
,צור הדסה,2025,88
,צוריאל,2025,2
,צלפון,2025,7
,צפרירים,2025,1
,קלע,2025,5
,קציר,2025,13
,קצרין,2025,326
,קריית יערים,2025,26
,קריית ענבים,2025,12
,קרית יערים)מוסד(,2025,8
,קשת,2025,1
,ראמה,2025,71
,רגבה,2025,8
,רהט,2025,29
,רוחמה,2025,22
,רומאנה,2025,12
,רומת הייב,2025,7
,ריחן,2025,4
,רם-און,2025,2
,רמות,2025,4
,רמת מגשימים,2025,12
,רקפת,2025,6
,רשפים,2025,7
,שבי ציון,2025,11
,שגב-שלום,2025,16
,שדה אליהו,2025,111
,שדה משה,2025,4
,שדה נחום,2025,8
,שדה ניצן,2025,10
,שדה צבי,2025,3
,שדי תרומות,2025,13
,שואבה,2025,1
,שורש,2025,31
,שורשים,2025,3
,שיבולים,2025,14
,שיזף,2025,3
,שלוחות,2025,34
,שלומי,2025,138
,שלומית,2025,4
,שמרת,2025,29
,שמשית,2025,6
,שעב,2025,16
,שעל,2025,3
,שריגים )לי-און(,2025,6
,תאשור,2025,5
,תובל,2025,11
,תל יוסף,2025,8
,תלמי אליהו,2025,2
,"תלמי ביל""ו",2025,3
,תמרת,2025,22
,אביאל,2025,5
,אושה,2025,4
,איילת השחר,2025,16
,אילניה,2025,3
,אכסאל,2025,78
,אלומות,2025,4
,אלוני אבא,2025,5
,אלונים,2025,11
,אליפלט,2025,6
,אליקים,2025,16
,אמירים,2025,3
,אמנון,2025,7
,אעבלין,2025,216
,אפיקים,2025,45
,אשדות יעקב )איחוד(,2025,10
,אשדות יעקב )מאוחד(,2025,4
,ביר אל-מכסור,2025,35
,ביריה,2025,2
,בית אורן,2025,3
,בית זרע,2025,6
,בית לחם הגלילית,2025,9
,בלפוריה,2025,16
,בנימינה-גבעת עדה,2025,246
,בסמת טבעון,2025,33
,בר יוחאי,2025,3
,ברקאי,2025,110
,בת שלמה,2025,13
,ג'ש )גוש חלב(,2025,33
,גבעת אבני,2025,9
,"גבעת ניל""י",2025,3
,גבעת עדה,2025,20
,גבת,2025,11
,גונן,2025,2
,גינוסר,2025,9
,גיניגר,2025,24
,"גליל עליון מז מ""א 1",2025,4
,"גליל תחתון מז מ""א 2",2025,8
,דאלית אל-כרמל,2025,189
,דבוריה,2025,93
,דברת,2025,3
,דגניה א',2025,10
,דחי,2025,5
,דישון,2025,1
,דמיידה,2025,6
,דן,2025,8
,דפנה,2025,3
,האון,2025,47
,הבונים,2025,45
,הגושרים,2025,13
,הושעיה,2025,3
,הזורעים,2025,1
,החותרים,2025,9
,הסוללים,2025,7
,זכרון יעקב,2025,375
,זרזיר,2025,34
,חולתה,2025,2
,חוקוק,2025,16
,חזון,2025,1
,חצור הגלילית,2025,105
,חריש,2025,748
,טובא-זנגריה,2025,14
,טירת כרמל,2025,481
,טפחות,2025,10
,יבנאל,2025,190
,יובל,2025,2
,יסוד המעלה,2025,23
,יפעת,2025,24
,יקנעם )מושבה(,2025,18
,יקנעם עילית,2025,317
,יראון,2025,44
,כורזים,2025,8
,כחל,2025,5
,כלנית,2025,4
,כנרת )מושבה(,2025,16
,כנרת )קבוצה(,2025,44
,כפר בלום,2025,8
,כפר גדעון,2025,2
,כפר גליקסון,2025,4
,כפר המכבי,2025,20
,כפר הנשיא,2025,13
,כפר זיתים,2025,6
,כפר חושן,2025,2
,כפר חסידים א',2025,9
,כפר יהושע,2025,4
,כפר כמא,2025,14
,כפר כנא,2025,259
,כפר סאלד,2025,11
,כפר פינס,2025,5
,כפר קיש,2025,4
,כפר קרע,2025,97
,כרם בן זמרה,2025,2
,"כרם מהר""ל",2025,6
,להבות הבשן,2025,9
,מ. א. הגליל העליון,2025,1
,מ. א. הגליל התחתון,2025,23
,מ. א. עמק יזרעאל,2025,6
,מגדל,2025,101
,מזרע,2025,5
,מחניים,2025,2
,מטולה,2025,8
,מנחמיה,2025,5
,מנרה,2025,1
,מסד,2025,4
,מסדה,2025,3
,מעגן,2025,9
,מעין ברוך,2025,3
,מרגליות,2025,13
,מרחביה )קיבוץ(,2025,7
,משהד,2025,113
,משמר הירדן,2025,3
,נאעורה,2025,19
,נווה ים,2025,7
,נופית,2025,21
,ניין,2025,39
,ניר עציון,2025,15
,סולם,2025,18
,עארה,2025,6
,עדי,2025,12
,עילוט,2025,30
,עין גב,2025,1
,עין דור,2025,47
,עין הוד,2025,3
,עין העמק,2025,6
,עין כרמל,2025,22
,עין מאהל,2025,112
,עמיעד,2025,4
,עמיקם,2025,3
,עמיר,2025,1
,"עמק יזרעאל מ""א 31",2025,16
,"עמק יזרעאל מ""א 8",2025,2
,"עמק יזרעאל מ""א 9",2025,2
,עספיא,2025,143
,עתלית,2025,222
,פוריה - כפר עבודה,2025,9
,פוריה - נווה עובד,2025,12
,פוריה עילית,2025,23
,פוריידיס,2025,32
,ציפורי,2025,9
,צפת,2025,434
,צרופה,2025,1
,קדרים,2025,8
,קיסריה,2025,117
,קריית טבעון,2025,248
,קריית שמונה,2025,332
,ראש פינה,2025,53
,רגבים,2025,15
,ריחאניה,2025,7
,ריינה,2025,132
,רכסים,2025,457
,רמות מנשה,2025,16
,רמות נפתלי,2025,2
,רמת דוד,2025,19
,רמת השופט,2025,24
,רמת ישי,2025,81
,שבלי - אום אל-גנם,2025,15
,שדה אילן,2025,3
,שדה אליעזר,2025,6
,שדה נחמיה,2025,5
,שדות ים,2025,13
,שכניה,2025,8
,שער העמקים,2025,28
,שפרעם,2025,161
,שריד,2025,12
,תל קציר,2025,6
,אבטין,2025,36
,אבן יהודה,2025,231
,אודים,2025,6
,אומץ,2025,4
,אזור,2025,161
,אחיטוב,2025,3
,אחיסמך,2025,23
,אחיעזר,2025,12
,אליכין,2025,49
,אלישמע,2025,1
,אלעד,2025,953
,אלפי מנשה,2025,2
,אפק,2025,72
,ארסוף,2025,7
,באקה אל-גרביה,2025,128
,בארותיים,2025,5
,בורגתה,2025,2
,בית אלעזרי,2025,16
,בית גמליאל,2025,6
,בית דגן,2025,64
,בית חלקיה,2025,9
,בית חשמונאי,2025,5
,בית יהושע,2025,10
,בית ינאי,2025,6
,בית יצחק-שער חפר,2025,16
,בית נחמיה,2025,7
,בית עוזיאל,2025,1
,בית עמרא,2025,4
,בית עריף,2025,7
,ביתן אהרן,2025,4
,בן זכאי,2025,27
,בני עטרות,2025,5
,"בני עי""ש",2025,346
,בני ציון,2025,7
,בני ראם,2025,9
,בניה,2025,5
,בצרה,2025,18
,ברקת,2025,3
,בת חן,2025,3
,בת חפר,2025,19
,ג'סר א-זרקא,2025,26
,ג'ת,2025,118
,גאולי תימן,2025,3
,גאולים,2025,5
,"גבעת ח""ן",2025,2
,גבעת חיים )איחוד(,2025,3
,גבעת שמואל,2025,583
,גזר,2025,11
,גינתון,2025,2
,גליל ים,2025,26
,גן השומרון,2025,5
,גן חיים,2025,12
,גן יאשיה,2025,4
,גן שורק,2025,11
,גנות,2025,8
,גני יהודה,2025,13
,גני עם,2025,7
,גני תקווה,2025,180
,גת רימון,2025,1
,"דרום השרון מ""א 02",2025,12
,הדר עם,2025,6
,המעפיל,2025,13
,העוגן,2025,14
,הרדוף,2025,16
,זיתן,2025,3
,זמר,2025,54
,חבצלת השרון,2025,28
,חג'אג'רה*,2025,3
,חגור,2025,2
,חגלה,2025,3
,חופית,2025,9
,חיבת ציון,2025,3
,חמד,2025,3
,חניאל,2025,9
,חפץ חיים,2025,31
,חצב,2025,10
,חרב לאת,2025,16
,חרוצים,2025,5
,טייבה,2025,153
,טירה,2025,44
,טירת יהודה,2025,20
,טל שחר,2025,9
,יד חנה,2025,9
,"יד רמב""ם",2025,12
,יהוד,2025,622
,יהוד-מונוסון,2025,248
,ינוב,2025,9
,יסודות,2025,33
,יציץ,2025,1
,יקום,2025,4
,ירחיב,2025,3
,כוכב יאיר,2025,48
,כעביה-טבאש-חג'אג'רה,2025,44
,כפר אביב,2025,8
,כפר אוריה,2025,9
,"כפר אז""ר",2025,13
,כפר ברא,2025,65
,כפר הס,2025,6
,"כפר הרא""ה",2025,14
,כפר ויתקין,2025,14
,"כפר חב""ד",2025,19
,כפר ידידיה,2025,4
,כפר יונה,2025,253
,כפר יעבץ,2025,19
,כפר מונש,2025,12
,"כפר מל""ל",2025,4
,כפר מרדכי,2025,3
,כפר נטר,2025,3
,כפר קאסם,2025,68
,כפר שמואל,2025,7
,כפר שמריהו,2025,55
,כרמי יוסף,2025,15
,להבות חביבה,2025,6
,לפיד,2025,7
,מ. א. חוף השרון,2025,9
,מאור,2025,5
,מבוא מודיעים,2025,7
,מגל,2025,20
,מזכרת בתיה,2025,154
,מייסר,2025,13
,מישר,2025,2
,מכבים-רעות,2025,19
,מכמורת,2025,6
,מעין צבי,2025,6
,מעלה אדומים,2025,1
,מעש,2025,17
,מצליח,2025,6
,מצר,2025,1
,מרגה,2025,3
,משגב דב,2025,5
,משמר איילון,2025,3
,משמר דוד,2025,6
,משמר השבעה,2025,7
,משמרות,2025,9
,משמרת,2025,3
,נווה אפרים,2025,17
,נווה ימין,2025,4
,נווה ירק,2025,9
,נוף איילון,2025,13
,נופך,2025,1
,נורדיה,2025,14
,נחלים,2025,5
,נחשונים,2025,2
,ניר אליהו,2025,11
,ניר צבי,2025,8
,נירית,2025,1
,נען,2025,444
,נצר חזני,2025,2
,נצר סרני,2025,2
,סביון*,2025,47
,עדנים,2025,14
,עולש,2025,5
,עזריאל,2025,3
,עין החורש,2025,46
,עין ורד,2025,5
,עין שמר,2025,3
,עין שריד,2025,7
,עינת,2025,22
,"עמק חפר מזרח מ""א 61",2025,6
,עשרת,2025,9
,פארק תעשיות עמק חפר,2025,1
,פדיה,2025,6
,פרדסיה,2025,48
,פתחיה,2025,5
,צופיה,2025,1
,צופית,2025,5
,צוקי ים,2025,4
,צור יצחק,2025,113
,צור משה,2025,9
,צור נתן,2025,15
,צורן,2025,30
,קדימה-צורן,2025,339
,קדרון,2025,2
,קלנסווה,2025,80
,קריית עקרון,2025,70
,ראס עלי,2025,11
,רינתיה,2025,2
,רמות השבים,2025,9
,רמות מאיר,2025,6
,רמת אפעל,2025,15
,רשפון,2025,24
,שדה ורבורג,2025,33
,שדה יצחק,2025,6
,שדות מיכה,2025,4
,שדי חמד,2025,7
,שדמה,2025,1
,שוהם,2025,163
,שושנת העמקים,2025,4
,שילת,2025,3
,שער אפרים,2025,2
,תל יצחק,2025,144
,תל מונד,2025,157
,תלמי אלעזר,2025,8
,תנובות,2025,2
,תעוז,2025,2
,תעשיון חצב*,2025,1
,אבו קרינאת )יישוב(,2025,1
,אבו תלול,2025,1
,אבטליון,2025,1
,אביגדור,2025,13
,אביחיל,2025,9
,אבן שמואל,2025,5
,אבני איתן,2025,2
,אבשלום,2025,2
,אדמית,2025,3
,אוהד,2025,1
,אום בטין,2025,3
,אור הנר,2025,1
,אחווה,2025,1
,אחוזם,2025,4
,אירוס,2025,20
,איתן,2025,1
,אל סייד,2025,2
,אלומה,2025,14
,אלון שבות,2025,1
,אלמגור,2025,2
,אמונים,2025,2
,אמציה,2025,14
,ארז,2025,2
,אשבול,2025,4
,אשלים,2025,4
,אשרת,2025,2
,באר גנים,2025,17
,באר טוביה,2025,28
,בחן,2025,2
,בטחה,2025,1
,ביצרון,2025,9
,בית אריה,2025,1
,בית הלוי,2025,2
,בית זית,2025,3
,בית חירות,2025,5
,בית חנן,2025,9
,בית עובד,2025,4
,בית קמה,2025,3
,בית קשת,2025,5
,בית רימון,2025,1
,בית שערים,2025,1
,בית שקמה,2025,3
,בן שמן )מושב(,2025,2
,בני דקלים,2025,5
,בני דרום,2025,1
,בצת,2025,2
,ברור חיל,2025,5
,ברוש,2025,3
,ברכיה,2025,3
,בת הדר,2025,1
,ג'דידה,2025,1
,ג'לג'וליה,2025,2
,גאליה,2025,1
,גבולות,2025,1
,גבע כרמל,2025,4
,גבעות בר,2025,7
,גבעות עדן,2025,3
,גבעת ברנר,2025,9
,גבעת השלושה,2025,21
,גבעת זאב,2025,3
,"גבעת כ""ח",2025,4
,גבעתי,2025,18
,גברעם,2025,7
,גדות,2025,3
,גיאה,2025,7
,גיזו,2025,1
,גמזו,2025,3
,גן יבנה,2025,220
,גן שלמה,2025,3
,גני הדר,2025,6
,גני טל,2025,1
,גני יוחנן,2025,1
,גני מודיעין,2025,1
,געש,2025,1
,דור,2025,1
,דורות,2025,4
,דליה,2025,2
,דלתון,2025,4
,הודיה,2025,3
,היוגב,2025,4
,הר עמשא,2025,3
,ורד יריחו,2025,2
,ורדון,2025,4
,זבדיאל,2025,5
,זוהר,2025,12
,זיקים,2025,4
,זמרת,2025,2
,זרחיה,2025,7
,חולדה,2025,3
,חלץ,2025,7
,חנתון,2025,2
,חצור-אשדוד,2025,2
,חרשים,2025,1
,טייבה )בעמק(,2025,1
,יבול,2025,4
,יגל,2025,3
,יד בנימין,2025,5
,יד מרדכי,2025,3
,יד נתן,2025,8
,יכיני,2025,2
,ינון,2025,3
,יפתח,2025,2
,ירדנה,2025,3
,ישרש,2025,1
,יתד,2025,4
,כדורי,2025,2
,כוכב יעקב,2025,1
,כוכב מיכאל,2025,7
,כיסופים,2025,2
,כיסרא,2025,1
,כמהין,2025,5
,כמון,2025,1
,כסיפה,2025,2
,כפר אחים,2025,2
,כפר ביאליק,2025,9
,"כפר ביל""ו",2025,12
,כפר דניאל,2025,1
,כפר הנגיד,2025,6
,כפר ורבורג,2025,18
,כפר חיים,2025,1
,כפר טרומן,2025,2
,כפר מנחם,2025,12
,כפר סירקין,2025,20
,כפר ראש הנקרה,2025,1
,כפר רות,2025,1
,כפר שמאי,2025,1
,כרכום,2025,1
,כרם בן שמן,2025,1
,כרם שלום,2025,2
,כרמי קטיף,2025,1
,כרמיה,2025,4
,כרמל,2025,1
,לבון,2025,1
,לבנים,2025,3
,לוזית,2025,5
,לימן,2025,1
,לכיש,2025,1
,לקיה,2025,2
,מ. א. באר טוביה,2025,1
,מ. א. גזר,2025,1
,מ. א. גן רוה,2025,1
,מ. א. דרום השרון,2025,1
,מ. א. הערבה התיכונה,2025,1
,מ. א. זבולון,2025,1
,מ. א. חבל יבנה,2025,2
,מ. א. יואב,2025,2
,מ. א. עמק הירדן,2025,3
,מ. א. עמק לוד,2025,4
,מ. א. שדות הנגב,2025,1
,מ. א. שפיר,2025,3
,מ.א. חוף הכרמל,2025,4
,מבועים,2025,3
,מבטחים,2025,7
,מבקיעים,2025,4
,מגדים,2025,8
,מגן שאול,2025,1
,מדרך עוז,2025,1
,מודיעין עילית,2025,1
,מזור,2025,15
,מירב,2025,1
,מלכיה,2025,5
,מנוחה,2025,17
,מנות,2025,1
,מסלול,2025,4
,מענית,2025,7
,מצובה,2025,5
,מצפה,2025,2
,מרחביה )מושב(,2025,2
,מרכז שפירא,2025,18
,משגב עם,2025,2
,משמר הנגב,2025,243
,משמר השרון,2025,1
,משען,2025,4
,מתן,2025,8
,נאות הכיכר,2025,2
,נאות מרדכי,2025,1
,נבטים,2025,1
,נגבה,2025,7
,נוב,2025,7
,נוגה,2025,2
,נווה אור,2025,6
,"נווה אטי""ב",2025,1
,נווה מבטח,2025,3
,נווה מיכאל,2025,6
,נורית,2025,3
,נחשולים,2025,4
,נחשון,2025,1
,נטור,2025,1
,נטע,2025,7
,נטעים,2025,4
,נטף,2025,1
,ניצן,2025,21
,ניצני עוז,2025,4
,ניצנים,2025,27
,ניר בנים,2025,3
,ניר גלים,2025,14
,ניר דוד )תל עמל(,2025,2
,"ניר ח""ן",2025,10
,ניר ישראל,2025,3
,ניר עם,2025,2
,ניר עקיבא,2025,7
,נירים,2025,5
,נס הרים,2025,1
,נתיב העשרה,2025,1
,סגולה,2025,2
,סנסנה,2025,1
,סעד,2025,4
,סתריה,2025,6
,עבדון,2025,1
,עוזה,2025,3
,עופר,2025,6
,עופרה,2025,1
,עוצם,2025,6
,עזר,2025,5
,עזריה,2025,5
,עזריקם,2025,9
,עידן,2025,2
,עין איילה,2025,7
,עין גדי,2025,10
,עין הבשור,2025,1
,עין השופט,2025,4
,עין צורים,2025,1
,עלי זהב,2025,1
,עלמה,2025,1
,עמקה,2025,1
,ערוגות,2025,7
,פדויים,2025,6
,פורת,2025,3
,פלמחים,2025,1
,"פעמי תש""ז",2025,4
,צביה,2025,2
,צובה,2025,2
,צור יגאל,2025,4
,צורית,2025,2
,צנדלה,2025,2
,צפריה,2025,1
,קבוצת יבנה,2025,1
,קוממיות,2025,1
,קלחים,2025,2
,קריית מלאכי,2025,502
,רבדים,2025,11
,רביבים,2025,8
,רווחה,2025,11
,רמת חובב,2025,6
,רמת צבי,2025,5
,רמת רזיאל,2025,4
,רנן,2025,3
,רעים,2025,3
,שאר ישוב,2025,1
,שדה דוד,2025,4
,שדה יואב,2025,72
,שדה יעקב,2025,1
,שדה עוזיהו,2025,4
,שדמות דבורה,2025,2
,שובה,2025,7
,שומרה,2025,1
,שחר,2025,3
,שני,2025,2
,שניר,2025,1
,שעלבים,2025,2
,שער הנגב,2025,2
,שפיים,2025,7
,שפיר,2025,13
,שפר,2025,1
,שקף,2025,3
,שרשרת,2025,3
,שתולה,2025,2
,שתולים,2025,6
,תדהר,2025,3
,תושיה,2025,2
,תימורים,2025,10
,תירוש,2025,2
,תל אל-בידא,2025,1
,תל עדשים,2025,6
,תל שבע,2025,3
,תל תאומים,2025,6
,תלמי יחיאל,2025,4
,תלמי יפה,2025,5
,תלמים,2025,4
,תרום,2025,5
,,2026,17
,אבו גוש,2026,15
,אבו סנאן,2026,20
,אבטליון,2026,4
,אבן ספיר,2026,1
,אבשלום,2026,3
,אדמית,2026,7
,אדרת,2026,1
,אום אל-פחם,2026,162
,אומן,2026,5
,אורה,2026,4
,אורון,2026,1
,אחוזת ברק,2026,2
,אילון,2026,5
,אל-רום,2026,2
,אלון הגליל,2026,4
,אעבלין,2026,78
,אפיניש )שבט(,2026,2
,אפיק,2026,7
,ארבל,2026,1
,אשבול,2026,5
,אשלים,2026,5
,באר אורה,2026,5
,באר מילכה,2026,1
,בועיינה-נוג'ידאת,2026,12
,ביר אל-מכסור,2026,7
,בית ג'ן,2026,44
,בית הגדי,2026,2
,בית העמק,2026,3
,בית השיטה,2026,42
,בית חנניה,2026,7
,בית יוסף,2026,2
,בית מאיר,2026,3
,בית ניר,2026,5
,בית קמה,2026,10
,בית שאן,2026,149
,ביתר עילית,2026,15
,בן עמי,2026,1
,בני יהודה,2026,2
,בני נצרים,2026,6
,"בסמ""ה",2026,26
,בענה,2026,12
,בצת,2026,2
,בר גיורא,2026,2
,ג'דידה,2026,1
,ג'דיידה-מכר,2026,31
,ג'ולס,2026,28
,ג'ת,2026,20
,גבע,2026,6
,גבעולים,2026,2
,גבעות בר,2026,2
,גבעת אלה,2026,2
,גבעת יואב,2026,3
,גבעת יערים,2026,6
,גבעת עוז,2026,4
,גדיש,2026,1
,גדעונה,2026,4
,גדרה,2026,274
,גילון,2026,3
,גילת,2026,5
,גלאון,2026,4
,גן נר,2026,4
,גשור,2026,1
,גשר,2026,2
,גשר הזיו,2026,3
,גת )קיבוץ(,2026,10
,דבירה,2026,1
,דייר אל-אסד,2026,14
,דייר חנא,2026,21
,הושעיה,2026,1
,הילה,2026,1
,הר עמשא,2026,20
,זלפה,2026,1
,זרועה,2026,3
,חבר,2026,2
,חד-נס,2026,3
,חוסן,2026,3
,חורה,2026,1
,חורפיש,2026,8
,חלוץ,2026,1
,חמדיה,2026,3
,חספין,2026,4
,טייבה )בעמק(,2026,1
,טירת צבי,2026,6
,טללים,2026,8
,טמרה,2026,72
,יאנוח-ג'ת,2026,25
,יבול,2026,3
,יהל,2026,1
,יודפת,2026,2
,יושיביה,2026,1
,יסעור,2026,2
,יעד,2026,1
,יעל,2026,16
,ירוחם,2026,116
,ירכא,2026,35
,ישע,2026,7
,כאבול,2026,24
,כברי,2026,3
,כליל,2026,3
,כמהין,2026,3
,כסרא-סמיע,2026,4
,כפר ברוך,2026,5
,כפר החורש,2026,7
,כפר ורדים,2026,22
,כפר חרוב,2026,2
,כפר יאסיף,2026,12
,כפר יחזקאל,2026,2
,כפר מנדא,2026,147
,כפר מנחם,2026,9
,כפר מסריק,2026,3
,כפר רוזנואלד )זרעית(,2026,1
,כפר רופין,2026,4
,כפר תבור,2026,39
,כרם שלום,2026,3
,כרמים,2026,1
,לבון,2026,1
,להב,2026,4
,להבים,2026,50
,לוזית,2026,3
,לוחמי הגיטאות,2026,6
,לוטם,2026,3
,לפידות,2026,1
,מ. א. אל-בטוף,2026,1
,מ. א. יואב,2026,8
,מ. א. מגידו,2026,2
,מ. א. מטה יהודה,2026,2
,מ. א. משגב,2026,4
,מ. א. תמר,2026,3
,מ.א. נווה מדבר,2026,1
,מבשרת ציון,2026,136
,מג`ד אל-כרום,2026,59
,מגדל העמק,2026,375
,מגידו,2026,5
,מדרשת בן גוריון,2026,4
,מולדת,2026,1
,מועאוויה,2026,2
,מוצא עילית,2026,7
,מוקייבלה,2026,5
,מזרעה,2026,5
,מטע,2026,1
,מי עמי,2026,17
,מירון,2026,1
,מיתר,2026,70
,מכמנים,2026,2
,מעוז חיים,2026,3
,מעיליא,2026,31
,מעלה עירון,2026,53
,מעלות-תרשיחא,2026,92
,מפלסים,2026,2
,מצובה,2026,2
,מצפה רמון,2026,35
,מרום גולן,2026,2
,מרחב עם,2026,2
,משאבי שדה,2026,4
,משגב,2026,7
,משמר הנגב,2026,25
,נאות גולן,2026,1
,נאות הכיכר,2026,1
,נבטים,2026,1
,נוב,2026,3
,נווה אילן,2026,1
,נווה איתן,2026,6
,נווה זוהר,2026,6
,נווה זיו,2026,2
,נחושה,2026,2
,נחף,2026,37
,ניצני סיני,2026,1
,ניר יפה,2026,1
,נירים,2026,4
,נס עמים,2026,2
,נצרת,2026,139
,"נתיב הל""ה",2026,3
,סאג'ור,2026,5
,סופה,2026,2
,סח'נין,2026,73
,סלמה,2026,1
,סער,2026,2
,עגור,2026,1
,עוזייר,2026,1
,עומר,2026,31
,עיילבון,2026,12
,עין אל-אסד,2026,10
,עין המפרץ,2026,10
,"עין הנצי""ב",2026,10
,עין יהב,2026,3
,"עין כרם-בי""ס חקלאי",2026,4
,עין נקובא,2026,4
,עמיעוז,2026,3
,עמקה,2026,2
,עראבה,2026,122
,ערערה,2026,44
,פארן,2026,1
,פדויים,2026,1
,פסוטה,2026,14
,פקיעין )בוקייעה(,2026,1
,צביה,2026,1
,צהל,2026,8
,צוחר,2026,4
,צוקים,2026,3
,צור הדסה,2026,159
,צורית,2026,1
,צלפון,2026,1
,צנדלה,2026,2
,קלע,2026,2
,קציר,2026,6
,קצרין,2026,74
,קריית יערים,2026,41
,קריית ענבים,2026,1
,קרית יערים)מוסד(,2026,3
,ראמה,2026,19
,רגבה,2026,3
,רהט,2026,8
,רוחמה,2026,3
,רומת הייב,2026,2
,רותם,2026,3
,רם-און,2026,2
,רמת חובב,2026,2
,רמת מגשימים,2026,3
,רנן,2026,2
,רקפת,2026,6
,רשפים,2026,5
,שבי דרום,2026,1
,שגב-שלום,2026,3
,שדה בוקר,2026,1
,שדה יואב,2026,20
,שדה משה,2026,2
,שדה נחום,2026,15
,שדה ניצן,2026,1
,שדה צבי,2026,1
,שדי תרומות,2026,5
,שואבה,2026,1
,שובל,2026,1
,שומרה,2026,1
,שורש,2026,3
,שיבולים,2026,17
,שייח' דנון,2026,1
,שלוחות,2026,6
,שלומי,2026,46
,שמרת,2026,12
,שמשית,2026,2
,שני,2026,2
,שעב,2026,2
,שעל,2026,2
,שפרעם,2026,53
,שריגים )לי-און(,2026,7
,תובל,2026,13
,תל תאומים,2026,1
,תלמי אליהו,2026,3
,"תלמי ביל""ו",2026,1
,תמרת,2026,4
,תקומה,2026,4
,תרום,2026,2
,אור עקיבא,2026,231
,אושה,2026,13
,אכסאל,2026,22
,אלומות,2026,2
,אמנון,2026,1
,אפיקים,2026,15
,אשדות יעקב )איחוד(,2026,1
,אשדות יעקב )מאוחד(,2026,4
,בית זרע,2026,1
,בית לחם הגלילית,2026,1
,בית קשת,2026,3
,בית רימון,2026,1
,בלפוריה,2026,2
,בנימינה-גבעת עדה,2026,105
,ברקא,2026,1
,ברקאי,2026,43
,ג'ש )גוש חלב(,2026,7
,גבע כרמל,2026,2
,גבעת אבני,2026,3
,גבעת עדה,2026,8
,גבת,2026,12
,גונן,2026,1
,גיניגר,2026,2
,"גליל תחתון מז מ""א 2",2026,2
,דאלית אל-כרמל,2026,26
,דבוריה,2026,6
,דגניה א',2026,2
,דחי,2026,1
,דישון,2026,2
,דמיידה,2026,2
,דן,2026,1
,דפנה,2026,3
,האון,2026,19
,הגושרים,2026,5
,הזורעים,2026,1
,זכרון יעקב,2026,135
,זרזיר,2026,5
,חוקוק,2026,7
,חצור הגלילית,2026,31
,חרוצים,2026,1
,חריש,2026,552
,טורעאן,2026,59
,טירת כרמל,2026,234
,יבנאל,2026,50
,יגור,2026,2
,יובל,2026,4
,יזרעאל,2026,1
,יסוד המעלה,2026,13
,יפיע,2026,14
,יפעת,2026,5
,יקנעם )מושבה(,2026,6
,יקנעם עילית,2026,106
,יראון,2026,13
,כאוכב אבו אל-היג'א,2026,2
,כדורי,2026,1
,כורזים,2026,4
,כלנית,2026,2
,כנרת )מושבה(,2026,8
,כנרת )קבוצה(,2026,3
,כפר ביאליק,2026,4
,כפר בלום,2026,2
,כפר גלעדי,2026,1
,כפר המכבי,2026,2
,כפר הנשיא,2026,3
,כפר זיתים,2026,1
,כפר חושן,2026,1
,כפר חסידים א',2026,2
,כפר כנא,2026,56
,כפר סאלד,2026,5
,כפר קרע,2026,53
,כרמל,2026,1
,להבות הבשן,2026,4
,מ. א. הגליל התחתון,2026,2
,מ. א. עמק יזרעאל,2026,1
,מגאר,2026,18
,מגדים,2026,2
,מגדל,2026,4
,מחניים,2026,1
,מטולה,2026,2
,מנחמיה,2026,6
,מסד,2026,1
,מסדה,2026,2
,מעגן,2026,2
,מרחביה )קיבוץ(,2026,7
,משגב עם,2026,5
,משהד,2026,39
,נאות מרדכי,2026,1
,נאעורה,2026,2
,נווה ים,2026,2
,נופית,2026,9
,ניין,2026,1
,ניר עציון,2026,43
,סולם,2026,3
,עארה,2026,1
,עופר,2026,1
,עילוט,2026,9
,עין דור,2026,8
,עין הוד,2026,2
,עין העמק,2026,3
,עין השופט,2026,1
,עין כרמל,2026,1
,עין מאהל,2026,31
,עין עירון,2026,1
,עמיעד,2026,1
,עמיקם,2026,2
,עספיא,2026,14
,עתלית,2026,101
,פוריה - כפר עבודה,2026,2
,פוריה - נווה עובד,2026,2
,פוריה עילית,2026,9
,פוריידיס,2026,28
,ציפורי,2026,1
,צפת,2026,135
,צרופה,2026,4
,קיסריה,2026,32
,קריית טבעון,2026,100
,קריית שמונה,2026,135
,ראש פינה,2026,32
,רומאנה,2026,1
,ריחאניה,2026,2
,ריינה,2026,14
,רכסים,2026,290
,רמת דוד,2026,7
,רמת השופט,2026,4
,רמת ישי,2026,24
,רמת צבי,2026,1
,שבלי - אום אל-גנם,2026,2
,שדה אילן,2026,1
,שדה אליעזר,2026,2
,שכניה,2026,3
,שער העמקים,2026,7
,שרונה,2026,2
,שריד,2026,4
,תל קציר,2026,7
,תענך,2026,1
,אביחיל,2026,8
,אבן יהודה,2026,68
,אום אל-קוטוף,2026,1
,אזור,2026,49
,אחיטוב,2026,1
,אחיסמך,2026,5
,אליכין,2026,35
,אלישיב,2026,1
,אלעד,2026,663
,אלפי מנשה,2026,3
,אפק,2026,33
,באקה אל-גרביה,2026,39
,ביר א סכה,2026,1
,בית אלעזרי,2026,2
,בית דגן,2026,12
,בית חשמונאי,2026,3
,בית יהושע,2026,1
,בית ינאי,2026,1
,בית עמרא,2026,2
,בן זכאי,2026,16
,בן שמן )מושב(,2026,1
,בני דרור,2026,2
,"בני עי""ש",2026,259
,בני ציון,2026,1
,בצרה,2026,8
,בת חפר,2026,9
,ג'סר א-זרקא,2026,9
,גבעת חיים )איחוד(,2026,3
,"גבעת כ""ח",2026,1
,גבעת שמואל,2026,173
,גליל ים,2026,8
,גן חיים,2026,1
,גני תקווה,2026,67
,געש,2026,2
,"דרום השרון מ""א 02",2026,3
,המעפיל,2026,6
,העוגן,2026,1
,הרדוף,2026,2
,זמר,2026,45
,חבצלת השרון,2026,39
,חופית,2026,1
,חמד,2026,1
,חפץ חיים,2026,5
,חרב לאת,2026,2
,טייבה,2026,4
,טירה,2026,2
,טל שחר,2026,2
,יד בנימין,2026,1
,יד חנה,2026,3
,"יד רמב""ם",2026,2
,יהוד,2026,129
,יהוד-מונוסון,2026,18
,ינוב,2026,6
,יסודות,2026,1
,יעף,2026,2
,ירחיב,2026,3
,ישרש,2026,3
,כוכב יאיר,2026,10
,כעביה-טבאש-חג'אג'רה,2026,4
,"כפר אז""ר",2026,1
,כפר ברא,2026,18
,"כפר הרא""ה",2026,2
,כפר ויתקין,2026,3
,"כפר חב""ד",2026,7
,כפר חיים,2026,1
,כפר יונה,2026,121
,כפר יעבץ,2026,5
,כפר מונש,2026,1
,"כפר מל""ל",2026,2
,כפר סילבר,2026,1
,כפר קאסם,2026,2
,כפר שמואל,2026,2
,כפר שמריהו,2026,9
,כרמי יוסף,2026,5
,מ. א. חוף השרון,2026,2
,מבוא מודיעים,2026,1
,מגל,2026,4
,מגשימים,2026,1
,מזכרת בתיה,2026,50
,מייסר,2026,4
,מכבים-רעות,2026,2
,מכמורת,2026,3
,מעש,2026,3
,מצליח,2026,2
,משמר השבעה,2026,5
,משמרות,2026,1
,משמרת,2026,1
,מתן,2026,8
,נווה אפרים,2026,2
,נוף איילון,2026,1
,נורדיה,2026,1
,נחלים,2026,2
,נירית,2026,1
,נען,2026,82
,סביון*,2026,6
,עדי,2026,2
,עדנים,2026,2
,עין החורש,2026,9
,עין שמר,2026,5
,עין שריד,2026,2
,"עמק חפר מזרח מ""א 61",2026,3
,פרדסיה,2026,18
,צופית,2026,1
,צור יגאל,2026,1
,צור יצחק,2026,51
,צור משה,2026,8
,צור נתן,2026,2
,צורן,2026,10
,קדימה-צורן,2026,63
,קדרון,2026,2
,קלנסווה,2026,25
,קריית עקרון,2026,20
,רמות מאיר,2026,1
,רמת אפעל,2026,3
,רשפון,2026,5
,שדה ורבורג,2026,3
,שדה יצחק,2026,1
,שדות מיכה,2026,1
,שוהם,2026,68
,שעלבים,2026,2
,תל מונד,2026,94
,תלמי אלעזר,2026,1
,*עראבה*,2026,2
,אבו קרינאת )יישוב(,2026,1
,אבו תלול,2026,1
,אביגדור,2026,3
,אבן שמואל,2026,2
,אודים,2026,1
,אום בטין,2026,5
,אור הנר,2026,2
,אחוזם,2026,3
,אירוס,2026,9
,אלומה,2026,5
,אליקים,2026,5
,אלמגור,2026,1
,אמונים,2026,1
,אמירים,2026,1
,אמציה,2026,3
,ארסוף,2026,1
,אשכולות,2026,1
,באר טוביה,2026,2
,בורגתה,2026,3
,בחן,2026,1
,בטחה,2026,1
,ביצרון,2026,2
,בית אל,2026,1
,בית הלוי,2026,1
,בית זית,2026,2
,בית חלקיה,2026,1
,בית חנן,2026,1
,בית יצחק-שער חפר,2026,2
,בית עובד,2026,1
,בית שקמה,2026,1
,בני דקלים,2026,4
,בקוע,2026,1
,ברור חיל,2026,2
,ברוש,2026,1
,ברכיה,2026,2
,גאליה,2026,1
,גבעות עדן,2026,2
,גבעת חיים )מאוחד(,2026,1
,גברעם,2026,11
,גזר,2026,1
,גיאה,2026,1
,גמזו,2026,1
,גן יבנה,2026,76
,גן שורק,2026,1
,גני הדר,2026,1
,גני יוחנן,2026,1
,גפן,2026,6
,דור,2026,5
,דורות,2026,7
,הודיה,2026,1
,החותרים,2026,1
,הראל,2026,1
,ורדון,2026,1
,זבדיאל,2026,1
,זוהר,2026,1
,זיקים,2026,4
,זיתן,2026,1
,זכריה,2026,1
,זמרת,2026,1
,ח'ואלד,2026,1
,חיבת ציון,2026,2
,חלץ,2026,1
,חצב,2026,1
,חצבה,2026,1
,חצור-אשדוד,2026,1
,יד מרדכי,2026,1
,יד נתן,2026,1
,יובלים,2026,1
,ינון,2026,1
,ירדנה,2026,1
,יתד,2026,4
,כוכב מיכאל,2026,4
,כחל,2026,2
,כפר אביב,2026,1
,כפר אוריה,2026,1
,כפר בן נון,2026,2
,"כפר הרי""ף",2026,3
,כפר ורבורג,2026,1
,כפר חסידים ב',2026,2
,כפר טרומן,2026,1
,כפר מימון,2026,4
,כפר סירקין,2026,3
,לפיד,2026,2
,מ. א. גן רוה,2026,1
,מ. א. חבל יבנה,2026,1
,מ. א. שפיר,2026,1
,מ.א. חוף הכרמל,2026,12
,מבטחים,2026,1
,מזור,2026,7
,מישר,2026,1
,מנוחה,2026,1
,מסילת ציון,2026,1
,מסלול,2026,2
,מעגלים,2026,2
,מעין צבי,2026,4
,מצפה,2026,1
,מצפה נטופה,2026,1
,מרכז שפירא,2026,12
,משמר הירדן,2026,1
,משמר השרון,2026,1
,משען,2026,2
,נגבה,2026,3
,נהורה,2026,7
,"נווה אטי""ב",2026,1
,נווה מיכאל,2026,1
,נחל עוז,2026,1
,נחלת יהודה,2026,1
,נחם,2026,2
,נחשולים,2026,3
,נטע,2026,1
,נטעים,2026,1
,ניצן,2026,5
,ניצני עוז,2026,1
,ניצנים,2026,5
,ניר גלים,2026,6
,"ניר ח""ן",2026,3
,ניר עם,2026,1
,ניר עקיבא,2026,3
,נס הרים,2026,2
,נתיב העשרה,2026,2
,סעד,2026,20
,עוזה,2026,2
,עוצם,2026,1
,עזריקם,2026,1
,עידן,2026,4
,עין איילה,2026,1
,עין גדי,2026,1
,עין צורים,2026,7
,עמינדב,2026,1
,ערוגות,2026,1
,פורת,2026,1
,"פעמי תש""ז",2026,1
,צובה,2026,2
,צפריה,2026,2
,קדרים,2026,1
,קוממיות,2026,3
,קלחים,2026,1
,קריית מלאכי,2026,310
,ראס עלי,2026,1
,רווחה,2026,2
,רימונים,2026,1
,רמת יוחנן,2026,1
,רמת רזיאל,2026,1
,שדות ים,2026,1
,שדמות דבורה,2026,1
,שובה,2026,3
,שילה,2026,1
,שניר,2026,1
,שפיר,2026,5
,שתולים,2026,1
,תושיה,2026,1
,תלמי יחיאל,2026,1
,תלמים,2026,1
,תעשיון בינימין*,2026,1
10,תירוש,1998,6
10,תירוש,1999,3
10,תירוש,2000,1
10,תירוש,2001,2
10,תירוש,2002,2
10,תירוש,2003,2
10,תירוש,2004,2
10,תירוש,2005,2
10,תירוש,2006,7
10,תירוש,2007,4
10,תירוש,2009,2
10,תירוש,2010,3
10,תירוש,2011,5
10,תירוש,2012,2
10,תירוש,2013,2
10,תירוש,2015,5
10,תירוש,2018,2
10,תירוש,2022,4
10,תירוש,2023,1
10,תירוש,2024,5
10,תירוש,2025,2
1015,מבשרת ציון,1998,206
1015,מבשרת ציון,1999,432
1015,מבשרת ציון,2000,211
1015,מבשרת ציון,2001,186
1015,מבשרת ציון,2002,299
1015,מבשרת ציון,2003,187
1015,מבשרת ציון,2004,228
1015,מבשרת ציון,2005,270
1015,מבשרת ציון,2006,218
1015,מבשרת ציון,2007,269
1015,מבשרת ציון,2008,223
1015,מבשרת ציון,2009,245
1015,מבשרת ציון,2010,205
1015,מבשרת ציון,2011,155
1015,מבשרת ציון,2012,202
1015,מבשרת ציון,2013,225
1015,מבשרת ציון,2014,200
1015,מבשרת ציון,2015,205
1015,מבשרת ציון,2016,227
1015,מבשרת ציון,2017,328
1015,מבשרת ציון,2018,472
1015,מבשרת ציון,2019,318
1015,מבשרת ציון,2020,245
1015,מבשרת ציון,2021,619
1015,מבשרת ציון,2022,720
1015,מבשרת ציון,2023,231
1015,מבשרת ציון,2024,294
1015,מבשרת ציון,2025,274
1015,מבשרת ציון,2026,136
102,מאיר שפיה,2020,2
102,מאיר שפיה,2023,2
102,מאיר שפיה,2024,2
1020,אור עקיבא,1998,134
1020,אור עקיבא,1999,171
1020,אור עקיבא,2000,189
1020,אור עקיבא,2001,224
1020,אור עקיבא,2002,151
1020,אור עקיבא,2003,138
1020,אור עקיבא,2004,155
1020,אור עקיבא,2005,172
1020,אור עקיבא,2006,161
1020,אור עקיבא,2007,165
1020,אור עקיבא,2008,172
1020,אור עקיבא,2009,262
1020,אור עקיבא,2010,267
1020,אור עקיבא,2011,273
1020,אור עקיבא,2012,287
1020,אור עקיבא,2013,362
1020,אור עקיבא,2014,328
1020,אור עקיבא,2015,685
1020,אור עקיבא,2016,487
1020,אור עקיבא,2017,385
1020,אור עקיבא,2018,347
1020,אור עקיבא,2019,956
1020,אור עקיבא,2020,501
1020,אור עקיבא,2021,1596
1020,אור עקיבא,2022,703
1020,אור עקיבא,2023,404
1020,אור עקיבא,2024,765
1020,אור עקיבא,2025,508
1020,אור עקיבא,2026,231
1024,חרוצים,2000,3
1024,חרוצים,2001,5
1024,חרוצים,2002,5
1024,חרוצים,2003,1
1024,חרוצים,2005,2
1024,חרוצים,2006,19
1024,חרוצים,2007,12
1024,חרוצים,2008,23
1024,חרוצים,2009,13
1024,חרוצים,2010,7
1024,חרוצים,2011,3
1024,חרוצים,2012,2
1024,חרוצים,2013,2
1024,חרוצים,2014,7
1024,חרוצים,2015,7
1024,חרוצים,2016,2
1024,חרוצים,2017,2
1024,חרוצים,2018,9
1024,חרוצים,2019,4
1024,חרוצים,2020,7
1024,חרוצים,2021,17
1024,חרוצים,2022,11
1024,חרוצים,2023,2
1024,חרוצים,2024,3
1024,חרוצים,2025,5
1024,חרוצים,2026,1
103,תל עדשים,1998,4
103,תל עדשים,1999,11
103,תל עדשים,2000,6
103,תל עדשים,2001,20
103,תל עדשים,2002,10
103,תל עדשים,2003,33
103,תל עדשים,2004,58
103,תל עדשים,2005,35
103,תל עדשים,2006,30
103,תל עדשים,2007,31
103,תל עדשים,2008,34
103,תל עדשים,2009,26
103,תל עדשים,2010,13
103,תל עדשים,2011,5
103,תל עדשים,2012,4
103,תל עדשים,2013,15
103,תל עדשים,2014,10
103,תל עדשים,2015,31
103,תל עדשים,2016,30
103,תל עדשים,2017,135
103,תל עדשים,2018,10
103,תל עדשים,2019,17
103,תל עדשים,2020,13
103,תל עדשים,2021,20
103,תל עדשים,2022,14
103,תל עדשים,2023,46
103,תל עדשים,2024,2
103,תל עדשים,2025,6
1031,שדרות,1998,222
1031,שדרות,1999,297
1031,שדרות,2000,265
1031,שדרות,2001,305
1031,שדרות,2002,217
1031,שדרות,2003,198
1031,שדרות,2004,146
1031,שדרות,2005,182
1031,שדרות,2006,166
1031,שדרות,2007,146
1031,שדרות,2008,186
1031,שדרות,2009,319
1031,שדרות,2010,385
1031,שדרות,2011,439
1031,שדרות,2012,359
1031,שדרות,2013,397
1031,שדרות,2014,345
1031,שדרות,2015,714
1031,שדרות,2016,768
1031,שדרות,2017,1038
1031,שדרות,2018,557
1031,שדרות,2019,1127
1031,שדרות,2020,760
1031,שדרות,2021,1032
1031,שדרות,2022,853
1031,שדרות,2023,1031
1031,שדרות,2024,1094
1031,שדרות,2025,1393
1031,שדרות,2026,443
1034,קריית מלאכי,1998,186
1034,קריית מלאכי,1999,217
1034,קריית מלאכי,2000,192
1034,קריית מלאכי,2001,283
1034,קריית מלאכי,2002,230
1034,קריית מלאכי,2003,235
1034,קריית מלאכי,2004,156
1034,קריית מלאכי,2005,141
1034,קריית מלאכי,2006,155
1034,קריית מלאכי,2007,180
1034,קריית מלאכי,2008,295
1034,קריית מלאכי,2009,396
1034,קריית מלאכי,2010,442
1034,קריית מלאכי,2011,274
1034,קריית מלאכי,2012,320
1034,קריית מלאכי,2013,368
1034,קריית מלאכי,2014,348
1034,קריית מלאכי,2015,744
1034,קריית מלאכי,2016,745
1034,קריית מלאכי,2017,455
1034,קריית מלאכי,2018,398
1034,קריית מלאכי,2019,422
1034,קריית מלאכי,2020,480
1034,קריית מלאכי,2021,678
1034,קריית מלאכי,2022,1439
1034,קריית מלאכי,2023,444
1034,קריית מלאכי,2024,521
1034,קריית מלאכי,2025,502
1034,קריית מלאכי,2026,310
104,מזרע,1998,10
104,מזרע,1999,17
104,מזרע,2000,2
104,מזרע,2001,1
104,מזרע,2002,3
104,מזרע,2003,1
104,מזרע,2005,4
104,מזרע,2006,1
104,מזרע,2007,6
104,מזרע,2009,2
104,מזרע,2010,1
104,מזרע,2011,1
104,מזרע,2012,1
104,מזרע,2013,1
104,מזרע,2014,16
104,מזרע,2015,12
104,מזרע,2016,3
104,מזרע,2017,198
104,מזרע,2018,13
104,מזרע,2019,7
104,מזרע,2022,9
104,מזרע,2023,3
104,מזרע,2024,9
104,מזרע,2025,5
1042,אבו עמאר )שבט(,2021,1
1042,אבו עמאר )שבט(,2022,1
1043,גיזו,2005,1
1043,גיזו,2013,1
1043,גיזו,2016,2
1043,גיזו,2017,2
1043,גיזו,2018,2
1043,גיזו,2022,5
1043,גיזו,2023,3
1043,גיזו,2025,1
1044,יעף,2000,2
1044,יעף,2010,1
1044,יעף,2011,1
1044,יעף,2017,2
1044,יעף,2018,1
1044,יעף,2020,1
1044,יעף,2021,1
1044,יעף,2022,1
1044,יעף,2026,2
1045,שתולה,2006,1
1045,שתולה,2007,1
1045,שתולה,2009,1
1045,שתולה,2012,4
1045,שתולה,2013,4
1045,שתולה,2015,2
1045,שתולה,2016,2
1045,שתולה,2017,2
1045,שתולה,2019,3
1045,שתולה,2020,1
1045,שתולה,2021,3
1045,שתולה,2022,2
1045,שתולה,2023,1
1045,שתולה,2024,2
1045,שתולה,2025,2
1046,אוהד,2001,4
1046,אוהד,2002,4
1046,אוהד,2003,4
1046,אוהד,2004,4
1046,אוהד,2006,1
1046,אוהד,2007,1
1046,אוהד,2011,5
1046,אוהד,2012,1
1046,אוהד,2014,1
1046,אוהד,2016,2
1046,אוהד,2019,6
1046,אוהד,2020,7
1046,אוהד,2021,5
1046,אוהד,2022,2
1046,אוהד,2023,7
1046,אוהד,2024,1
1046,אוהד,2025,1
1047,חזון,1998,1
1047,חזון,2000,1
1047,חזון,2001,2
1047,חזון,2002,1
1047,חזון,2004,85
1047,חזון,2005,4
1047,חזון,2006,3
1047,חזון,2007,6
1047,חזון,2008,4
1047,חזון,2009,8
1047,חזון,2010,3
1047,חזון,2011,9
1047,חזון,2012,2
1047,חזון,2013,1
1047,חזון,2015,1
1047,חזון,2018,24
1047,חזון,2019,3
1047,חזון,2020,14
1047,חזון,2021,4
1047,חזון,2022,44
1047,חזון,2023,2
1047,חזון,2024,1
1047,חזון,2025,1
1050,בית חשמונאי,1998,1
1050,בית חשמונאי,1999,1
1050,בית חשמונאי,2000,2
1050,בית חשמונאי,2001,3
1050,בית חשמונאי,2002,4
1050,בית חשמונאי,2003,1
1050,בית חשמונאי,2004,167
1050,בית חשמונאי,2005,48
1050,בית חשמונאי,2006,13
1050,בית חשמונאי,2007,12
1050,בית חשמונאי,2008,69
1050,בית חשמונאי,2009,20
1050,בית חשמונאי,2010,18
1050,בית חשמונאי,2011,24
1050,בית חשמונאי,2012,10
1050,בית חשמונאי,2013,19
1050,בית חשמונאי,2014,14
1050,בית חשמונאי,2015,12
1050,בית חשמונאי,2016,8
1050,בית חשמונאי,2017,8
1050,בית חשמונאי,2018,12
1050,בית חשמונאי,2019,11
1050,בית חשמונאי,2020,10
1050,בית חשמונאי,2021,11
1050,בית חשמונאי,2022,10
1050,בית חשמונאי,2023,9
1050,בית חשמונאי,2024,3
1050,בית חשמונאי,2025,5
1050,בית חשמונאי,2026,3
1051,תלמי אליהו,2009,5
1051,תלמי אליהו,2011,1
1051,תלמי אליהו,2019,1
1051,תלמי אליהו,2021,5
1051,תלמי אליהו,2022,3
1051,תלמי אליהו,2023,1
1051,תלמי אליהו,2024,3
1051,תלמי אליהו,2025,2
1051,תלמי אליהו,2026,3
1052,קטורה,1998,1
1052,קטורה,2002,1
1052,קטורה,2007,1
1053,עין חצבה,2017,1
1053,עין חצבה,2019,1
1054,תל שבע,1999,1
1054,תל שבע,2000,1
1054,תל שבע,2002,1
1054,תל שבע,2005,1
1054,תל שבע,2012,3
1054,תל שבע,2013,1
1054,תל שבע,2015,2
1054,תל שבע,2016,1
1054,תל שבע,2018,4
1054,תל שבע,2019,165
1054,תל שבע,2020,7
1054,תל שבע,2021,7
1054,תל שבע,2022,6
1054,תל שבע,2023,3
1054,תל שבע,2024,3
1054,תל שבע,2025,3
1056,"עין כרם-בי""ס חקלאי",2001,1
1056,"עין כרם-בי""ס חקלאי",2004,2
1056,"עין כרם-בי""ס חקלאי",2005,2
1056,"עין כרם-בי""ס חקלאי",2008,2
1056,"עין כרם-בי""ס חקלאי",2010,2
1056,"עין כרם-בי""ס חקלאי",2011,4
1056,"עין כרם-בי""ס חקלאי",2012,2
1056,"עין כרם-בי""ס חקלאי",2013,30
1056,"עין כרם-בי""ס חקלאי",2014,87
1056,"עין כרם-בי""ס חקלאי",2015,104
1056,"עין כרם-בי""ס חקלאי",2016,79
1056,"עין כרם-בי""ס חקלאי",2017,19
1056,"עין כרם-בי""ס חקלאי",2018,19
1056,"עין כרם-בי""ס חקלאי",2019,10
1056,"עין כרם-בי""ס חקלאי",2020,5
1056,"עין כרם-בי""ס חקלאי",2021,32
1056,"עין כרם-בי""ס חקלאי",2022,19
1056,"עין כרם-בי""ס חקלאי",2023,8
1056,"עין כרם-בי""ס חקלאי",2024,11
1056,"עין כרם-בי""ס חקלאי",2025,12
1056,"עין כרם-בי""ס חקלאי",2026,4
1057,נווה זוהר,2005,2
1057,נווה זוהר,2006,1
1057,נווה זוהר,2008,4
1057,נווה זוהר,2009,5
1057,נווה זוהר,2010,4
1057,נווה זוהר,2011,4
1057,נווה זוהר,2012,1
1057,נווה זוהר,2013,6
1057,נווה זוהר,2014,28
1057,נווה זוהר,2015,2
1057,נווה זוהר,2016,6
1057,נווה זוהר,2017,32
1057,נווה זוהר,2018,44
1057,נווה זוהר,2019,13
1057,נווה זוהר,2020,4
1057,נווה זוהר,2021,16
1057,נווה זוהר,2022,9
1057,נווה זוהר,2023,1
1057,נווה זוהר,2024,7
1057,נווה זוהר,2025,5
1057,נווה זוהר,2026,6
1058,שדה ניצן,2006,3
1058,שדה ניצן,2009,2
1058,שדה ניצן,2010,4
1058,שדה ניצן,2014,1
1058,שדה ניצן,2016,3
1058,שדה ניצן,2017,3
1058,שדה ניצן,2019,5
1058,שדה ניצן,2020,1
1058,שדה ניצן,2021,11
1058,שדה ניצן,2022,10
1058,שדה ניצן,2023,13
1058,שדה ניצן,2024,4
1058,שדה ניצן,2025,10
1058,שדה ניצן,2026,1
1059,כסיפה,2001,1
1059,כסיפה,2004,1
1059,כסיפה,2009,1
1059,כסיפה,2010,1
1059,כסיפה,2011,1
1059,כסיפה,2013,1
1059,כסיפה,2018,3
1059,כסיפה,2019,4
1059,כסיפה,2020,1
1059,כסיפה,2022,2
1059,כסיפה,2024,1
1059,כסיפה,2025,2
106,כפר גדעון,1998,2
106,כפר גדעון,1999,1
106,כפר גדעון,2000,2
106,כפר גדעון,2002,1
106,כפר גדעון,2004,5
106,כפר גדעון,2005,5
106,כפר גדעון,2006,3
106,כפר גדעון,2007,5
106,כפר גדעון,2009,15
106,כפר גדעון,2010,2
106,כפר גדעון,2011,5
106,כפר גדעון,2012,2
106,כפר גדעון,2013,2
106,כפר גדעון,2014,5
106,כפר גדעון,2016,7
106,כפר גדעון,2017,1
106,כפר גדעון,2018,1
106,כפר גדעון,2019,1
106,כפר גדעון,2020,1
106,כפר גדעון,2021,2
106,כפר גדעון,2022,5
106,כפר גדעון,2023,1
106,כפר גדעון,2024,2
106,כפר גדעון,2025,2
1060,לקיה,1999,1
1060,לקיה,2000,1
1060,לקיה,2001,1
1060,לקיה,2011,1
1060,לקיה,2012,3
1060,לקיה,2014,1
1060,לקיה,2015,5
1060,לקיה,2017,2
1060,לקיה,2018,8
1060,לקיה,2019,3
1060,לקיה,2020,1
1060,לקיה,2021,5
1060,לקיה,2022,2
1060,לקיה,2023,6
1060,לקיה,2024,3
1060,לקיה,2025,2
1061,נוף הגליל,1998,430
1061,נוף הגליל,1999,541
1061,נוף הגליל,2000,542
1061,נוף הגליל,2001,473
1061,נוף הגליל,2002,324
1061,נוף הגליל,2003,378
1061,נוף הגליל,2004,329
1061,נוף הגליל,2005,412
1061,נוף הגליל,2006,417
1061,נוף הגליל,2007,451
1061,נוף הגליל,2008,574
1061,נוף הגליל,2009,590
1061,נוף הגליל,2010,702
1061,נוף הגליל,2011,673
1061,נוף הגליל,2012,731
1061,נוף הגליל,2013,816
1061,נוף הגליל,2014,773
1061,נוף הגליל,2015,850
1061,נוף הגליל,2016,964
1061,נוף הגליל,2017,792
1061,נוף הגליל,2018,851
1061,נוף הגליל,2019,745
1061,נוף הגליל,2020,896
1061,נוף הגליל,2021,1452
1061,נוף הגליל,2022,1188
1061,נוף הגליל,2023,685
1061,נוף הגליל,2024,987
1061,נוף הגליל,2025,940
1061,נוף הגליל,2026,487
1063,מעלות-תרשיחא,1998,230
1063,מעלות-תרשיחא,1999,322
1063,מעלות-תרשיחא,2000,231
1063,מעלות-תרשיחא,2001,280
1063,מעלות-תרשיחא,2002,174
1063,מעלות-תרשיחא,2003,175
1063,מעלות-תרשיחא,2004,111
1063,מעלות-תרשיחא,2005,147
1063,מעלות-תרשיחא,2006,116
1063,מעלות-תרשיחא,2007,136
1063,מעלות-תרשיחא,2008,180
1063,מעלות-תרשיחא,2009,257
1063,מעלות-תרשיחא,2010,265
1063,מעלות-תרשיחא,2011,246
1063,מעלות-תרשיחא,2012,214
1063,מעלות-תרשיחא,2013,233
1063,מעלות-תרשיחא,2014,213
1063,מעלות-תרשיחא,2015,230
1063,מעלות-תרשיחא,2016,247
1063,מעלות-תרשיחא,2017,440
1063,מעלות-תרשיחא,2018,235
1063,מעלות-תרשיחא,2019,271
1063,מעלות-תרשיחא,2020,274
1063,מעלות-תרשיחא,2021,425
1063,מעלות-תרשיחא,2022,355
1063,מעלות-תרשיחא,2023,283
1063,מעלות-תרשיחא,2024,255
1063,מעלות-תרשיחא,2025,270
1063,מעלות-תרשיחא,2026,92
1064,אמירים,1998,12
1064,אמירים,1999,20
1064,אמירים,2000,1
1064,אמירים,2001,2
1064,אמירים,2002,23
1064,אמירים,2003,4
1064,אמירים,2004,8
1064,אמירים,2005,7
1064,אמירים,2006,4
1064,אמירים,2007,1
1064,אמירים,2008,1
1064,אמירים,2010,8
1064,אמירים,2011,8
1064,אמירים,2012,1
1064,אמירים,2013,4
1064,אמירים,2014,1
1064,אמירים,2015,6
1064,אמירים,2016,3
1064,אמירים,2017,1
1064,אמירים,2018,6
1064,אמירים,2020,2
1064,אמירים,2021,10
1064,אמירים,2022,12
1064,אמירים,2023,5
1064,אמירים,2024,6
1064,אמירים,2025,3
1064,אמירים,2026,1
1065,זמרת,2010,28
1065,זמרת,2011,12
1065,זמרת,2016,1
1065,זמרת,2017,10
1065,זמרת,2018,3
1065,זמרת,2019,1
1065,זמרת,2020,1
1065,זמרת,2021,16
1065,זמרת,2022,1
1065,זמרת,2024,3
1065,זמרת,2025,2
1065,זמרת,2026,1
1066,"בני עי""ש",1998,90
1066,"בני עי""ש",1999,86
1066,"בני עי""ש",2000,57
1066,"בני עי""ש",2001,70
1066,"בני עי""ש",2002,63
1066,"בני עי""ש",2003,45
1066,"בני עי""ש",2004,37
1066,"בני עי""ש",2005,51
1066,"בני עי""ש",2006,56
1066,"בני עי""ש",2007,83
1066,"בני עי""ש",2008,71
1066,"בני עי""ש",2009,56
1066,"בני עי""ש",2010,59
1066,"בני עי""ש",2011,42
1066,"בני עי""ש",2012,60
1066,"בני עי""ש",2013,74
1066,"בני עי""ש",2014,60
1066,"בני עי""ש",2015,76
1066,"בני עי""ש",2016,72
1066,"בני עי""ש",2017,50
1066,"בני עי""ש",2018,55
1066,"בני עי""ש",2019,57
1066,"בני עי""ש",2020,50
1066,"בני עי""ש",2021,68
1066,"בני עי""ש",2022,65
1066,"בני עי""ש",2023,48
1066,"בני עי""ש",2024,71
1066,"בני עי""ש",2025,346
1066,"בני עי""ש",2026,259
1067,"דוב""ב",2002,7
1067,"דוב""ב",2003,2
1067,"דוב""ב",2007,5
1067,"דוב""ב",2008,1
1067,"דוב""ב",2009,1
1067,"דוב""ב",2010,1
1067,"דוב""ב",2011,4
1067,"דוב""ב",2012,2
1067,"דוב""ב",2013,1
1067,"דוב""ב",2014,3
1067,"דוב""ב",2015,2
1067,"דוב""ב",2019,2
1067,"דוב""ב",2021,1
1067,"דוב""ב",2022,2
1067,"דוב""ב",2023,3
1068,אדמית,1999,2
1068,אדמית,2000,3
1068,אדמית,2001,6
1068,אדמית,2002,2
1068,אדמית,2003,3
1068,אדמית,2004,19
1068,אדמית,2005,4
1068,אדמית,2006,13
1068,אדמית,2007,2
1068,אדמית,2008,3
1068,אדמית,2009,1
1068,אדמית,2010,3
1068,אדמית,2011,8
1068,אדמית,2012,9
1068,אדמית,2013,24
1068,אדמית,2014,9
1068,אדמית,2015,4
1068,אדמית,2016,1
1068,אדמית,2017,4
1068,אדמית,2019,2
1068,אדמית,2020,2
1068,אדמית,2021,5
1068,אדמית,2022,20
1068,אדמית,2023,4
1068,אדמית,2024,1
1068,אדמית,2025,3
1068,אדמית,2026,7
1069,רם-און,1998,18
1069,רם-און,1999,46
1069,רם-און,2000,38
1069,רם-און,2001,9
1069,רם-און,2002,6
1069,רם-און,2003,4
1069,רם-און,2004,9
1069,רם-און,2005,7
1069,רם-און,2006,7
1069,רם-און,2007,10
1069,רם-און,2008,14
1069,רם-און,2009,11
1069,רם-און,2010,7
1069,רם-און,2011,4
1069,רם-און,2012,4
1069,רם-און,2013,6
1069,רם-און,2014,5
1069,רם-און,2015,4
1069,רם-און,2016,4
1069,רם-און,2017,9
1069,רם-און,2018,16
1069,רם-און,2019,5
1069,רם-און,2020,6
1069,רם-און,2021,5
1069,רם-און,2022,1
1069,רם-און,2023,3
1069,רם-און,2024,5
1069,רם-און,2025,2
1069,רם-און,2026,2
107,כפר סילבר,2015,1
107,כפר סילבר,2020,1
107,כפר סילבר,2026,1
1070,אביעזר,1998,1
1070,אביעזר,1999,5
1070,אביעזר,2000,1
1070,אביעזר,2001,1
1070,אביעזר,2002,1
1070,אביעזר,2003,2
1070,אביעזר,2004,4
1070,אביעזר,2005,5
1070,אביעזר,2006,42
1070,אביעזר,2007,78
1070,אביעזר,2008,13
1070,אביעזר,2009,18
1070,אביעזר,2010,6
1070,אביעזר,2011,5
1070,אביעזר,2012,2
1070,אביעזר,2013,5
1070,אביעזר,2014,5
1070,אביעזר,2015,5
1070,אביעזר,2016,3
1070,אביעזר,2017,10
1070,אביעזר,2018,3
1070,אביעזר,2019,4
1070,אביעזר,2021,2
1070,אביעזר,2022,5
1070,אביעזר,2023,3
1070,אביעזר,2024,6
1070,אביעזר,2025,5
1071,נווה מיכאל,2002,8
1071,נווה מיכאל,2003,2
1071,נווה מיכאל,2004,1
1071,נווה מיכאל,2005,1
1071,נווה מיכאל,2006,65
1071,נווה מיכאל,2007,62
1071,נווה מיכאל,2008,8
1071,נווה מיכאל,2009,3
1071,נווה מיכאל,2010,9
1071,נווה מיכאל,2011,4
1071,נווה מיכאל,2013,6
1071,נווה מיכאל,2014,2
1071,נווה מיכאל,2015,2
1071,נווה מיכאל,2016,12
1071,נווה מיכאל,2017,1
1071,נווה מיכאל,2018,2
1071,נווה מיכאל,2019,6
1071,נווה מיכאל,2020,145
1071,נווה מיכאל,2021,164
1071,נווה מיכאל,2022,28
1071,נווה מיכאל,2023,9
1071,נווה מיכאל,2024,21
1071,נווה מיכאל,2025,6
1071,נווה מיכאל,2026,1
1072,גן הדרום,2002,1
1072,גן הדרום,2004,3
1072,גן הדרום,2006,4
1072,גן הדרום,2007,2
1072,גן הדרום,2008,28
1072,גן הדרום,2009,4
1072,גן הדרום,2010,2
1072,גן הדרום,2011,1
1072,גן הדרום,2012,1
1072,גן הדרום,2013,4
1072,גן הדרום,2014,3
1072,גן הדרום,2016,4
1072,גן הדרום,2017,8
1072,גן הדרום,2018,2
1072,גן הדרום,2019,5
1072,גן הדרום,2020,7
1072,גן הדרום,2021,7
1072,גן הדרום,2022,1
1072,גן הדרום,2023,4
1072,גן הדרום,2024,3
1072,גן הדרום,2025,2
1076,בית ברל,2009,1
1076,בית ברל,2016,1
1076,בית ברל,2022,1
1076,בית ברל,2023,1
1077,גבעת שפירא,2008,4
1077,גבעת שפירא,2009,1
1077,גבעת שפירא,2010,6
1077,גבעת שפירא,2013,2
1077,גבעת שפירא,2014,3
1077,גבעת שפירא,2015,5
1077,גבעת שפירא,2016,3
1077,גבעת שפירא,2017,3
1077,גבעת שפירא,2018,1
1077,גבעת שפירא,2020,3
1077,גבעת שפירא,2021,8
1077,גבעת שפירא,2022,5
1077,גבעת שפירא,2023,2
1077,גבעת שפירא,2024,2
1079,צפרירים,1998,2
1079,צפרירים,1999,2
1079,צפרירים,2000,2
1079,צפרירים,2004,1
1079,צפרירים,2007,1
1079,צפרירים,2009,2
1079,צפרירים,2011,4
1079,צפרירים,2012,5
1079,צפרירים,2013,2
1079,צפרירים,2014,3
1079,צפרירים,2015,1
1079,צפרירים,2019,1
1079,צפרירים,2021,2
1079,צפרירים,2022,1
1079,צפרירים,2023,2
1079,צפרירים,2024,1
1079,צפרירים,2025,1
1080,מבועים,1998,8
1080,מבועים,1999,8
1080,מבועים,2000,4
1080,מבועים,2001,48
1080,מבועים,2002,22
1080,מבועים,2003,9
1080,מבועים,2004,11
1080,מבועים,2005,8
1080,מבועים,2006,13
1080,מבועים,2007,15
1080,מבועים,2008,9
1080,מבועים,2009,5
1080,מבועים,2010,11
1080,מבועים,2011,10
1080,מבועים,2012,7
1080,מבועים,2013,6
1080,מבועים,2014,7
1080,מבועים,2015,7
1080,מבועים,2016,6
1080,מבועים,2017,7
1080,מבועים,2018,5
1080,מבועים,2019,5
1080,מבועים,2020,8
1080,מבועים,2021,8
1080,מבועים,2022,3
1080,מבועים,2023,2
1080,מבועים,2024,6
1080,מבועים,2025,3
1081,אבן מנחם,1999,1
1081,אבן מנחם,2000,1
1081,אבן מנחם,2001,3
1081,אבן מנחם,2002,1
1081,אבן מנחם,2006,3
1081,אבן מנחם,2008,5
1081,אבן מנחם,2013,2
1081,אבן מנחם,2014,2
1081,אבן מנחם,2015,2
1081,אבן מנחם,2016,4
1081,אבן מנחם,2017,9
1081,אבן מנחם,2018,5
1081,אבן מנחם,2019,2
1081,אבן מנחם,2020,4
1081,אבן מנחם,2021,2
1081,אבן מנחם,2022,2
1081,אבן מנחם,2023,2
1081,אבן מנחם,2024,4
1082,מעגלים,1999,3
1082,מעגלים,2000,4
1082,מעגלים,2001,2
1082,מעגלים,2002,5
1082,מעגלים,2003,2
1082,מעגלים,2004,4
1082,מעגלים,2005,1
1082,מעגלים,2006,1
1082,מעגלים,2007,1
1082,מעגלים,2008,3
1082,מעגלים,2009,1
1082,מעגלים,2010,5
1082,מעגלים,2011,1
1082,מעגלים,2012,4
1082,מעגלים,2013,9
1082,מעגלים,2014,6
1082,מעגלים,2015,4
1082,מעגלים,2016,5
1082,מעגלים,2017,2
1082,מעגלים,2018,5
1082,מעגלים,2019,1
1082,מעגלים,2020,6
1082,מעגלים,2021,3
1082,מעגלים,2022,3
1082,מעגלים,2023,4
1082,מעגלים,2024,5
1082,מעגלים,2025,2
1082,מעגלים,2026,2
1083,תושיה,1998,2
1083,תושיה,1999,1
1083,תושיה,2000,9
1083,תושיה,2001,11
1083,תושיה,2002,4
1083,תושיה,2003,1
1083,תושיה,2004,1
1083,תושיה,2005,1
1083,תושיה,2006,1
1083,תושיה,2007,2
1083,תושיה,2008,2
1083,תושיה,2009,6
1083,תושיה,2010,5
1083,תושיה,2011,1
1083,תושיה,2012,1
1083,תושיה,2013,2
1083,תושיה,2014,1
1083,תושיה,2015,3
1083,תושיה,2017,2
1083,תושיה,2019,1
1083,תושיה,2020,1
1083,תושיה,2021,1
1083,תושיה,2022,2
1083,תושיה,2023,4
1083,תושיה,2024,1
1083,תושיה,2025,2
1083,תושיה,2026,1
1085,כרם שלום,2015,1
1085,כרם שלום,2016,1
1085,כרם שלום,2019,9
1085,כרם שלום,2021,2
1085,כרם שלום,2022,2
1085,כרם שלום,2023,6
1085,כרם שלום,2025,2
1085,כרם שלום,2026,3
1095,כפר מימון,1998,12
1095,כפר מימון,1999,5
1095,כפר מימון,2000,6
1095,כפר מימון,2001,4
1095,כפר מימון,2002,8
1095,כפר מימון,2003,5
1095,כפר מימון,2004,6
1095,כפר מימון,2005,8
1095,כפר מימון,2006,2
1095,כפר מימון,2007,2
1095,כפר מימון,2008,7
1095,כפר מימון,2009,2
1095,כפר מימון,2010,2
1095,כפר מימון,2011,6
1095,כפר מימון,2012,5
1095,כפר מימון,2013,2
1095,כפר מימון,2014,1
1095,כפר מימון,2015,3
1095,כפר מימון,2016,9
1095,כפר מימון,2017,4
1095,כפר מימון,2018,13
1095,כפר מימון,2019,3
1095,כפר מימון,2020,2
1095,כפר מימון,2021,4
1095,כפר מימון,2022,3
1095,כפר מימון,2023,4
1095,כפר מימון,2024,1
1095,כפר מימון,2026,4
1098,מרכז שפירא,1998,34
1098,מרכז שפירא,1999,27
1098,מרכז שפירא,2000,16
1098,מרכז שפירא,2001,8
1098,מרכז שפירא,2002,9
1098,מרכז שפירא,2003,7
1098,מרכז שפירא,2004,9
1098,מרכז שפירא,2005,8
1098,מרכז שפירא,2006,8
1098,מרכז שפירא,2007,10
1098,מרכז שפירא,2008,12
1098,מרכז שפירא,2009,4
1098,מרכז שפירא,2010,9
1098,מרכז שפירא,2011,3
1098,מרכז שפירא,2012,6
1098,מרכז שפירא,2013,4
1098,מרכז שפירא,2014,9
1098,מרכז שפירא,2015,9
1098,מרכז שפירא,2016,88
1098,מרכז שפירא,2017,42
1098,מרכז שפירא,2018,68
1098,מרכז שפירא,2019,95
1098,מרכז שפירא,2020,58
1098,מרכז שפירא,2021,60
1098,מרכז שפירא,2022,63
1098,מרכז שפירא,2023,21
1098,מרכז שפירא,2024,25
1098,מרכז שפירא,2025,18
1098,מרכז שפירא,2026,12
11,"ניר ח""ן",1998,5
11,"ניר ח""ן",1999,9
11,"ניר ח""ן",2000,3
11,"ניר ח""ן",2001,3
11,"ניר ח""ן",2003,1
11,"ניר ח""ן",2004,19
11,"ניר ח""ן",2005,8
11,"ניר ח""ן",2006,4
11,"ניר ח""ן",2007,1
11,"ניר ח""ן",2008,1
11,"ניר ח""ן",2009,1
11,"ניר ח""ן",2010,4
11,"ניר ח""ן",2011,2
11,"ניר ח""ן",2012,8
11,"ניר ח""ן",2013,6
11,"ניר ח""ן",2014,5
11,"ניר ח""ן",2015,3
11,"ניר ח""ן",2016,2
11,"ניר ח""ן",2017,4
11,"ניר ח""ן",2018,2
11,"ניר ח""ן",2019,8
11,"ניר ח""ן",2020,4
11,"ניר ח""ן",2021,6
11,"ניר ח""ן",2022,5
11,"ניר ח""ן",2023,7
11,"ניר ח""ן",2024,6
11,"ניר ח""ן",2025,10
11,"ניר ח""ן",2026,3
1102,צוקי ים,2015,1
1102,צוקי ים,2017,1
1102,צוקי ים,2018,1
1102,צוקי ים,2021,10
1102,צוקי ים,2024,1
1102,צוקי ים,2025,4
1103,גני הדר,1998,2
1103,גני הדר,1999,43
1103,גני הדר,2000,46
1103,גני הדר,2001,28
1103,גני הדר,2002,24
1103,גני הדר,2003,19
1103,גני הדר,2004,32
1103,גני הדר,2005,31
1103,גני הדר,2006,15
1103,גני הדר,2007,7
1103,גני הדר,2008,15
1103,גני הדר,2009,9
1103,גני הדר,2010,27
1103,גני הדר,2011,19
1103,גני הדר,2012,39
1103,גני הדר,2013,18
1103,גני הדר,2014,22
1103,גני הדר,2015,15
1103,גני הדר,2016,10
1103,גני הדר,2017,3
1103,גני הדר,2018,10
1103,גני הדר,2019,5
1103,גני הדר,2020,17
1103,גני הדר,2021,20
1103,גני הדר,2022,18
1103,גני הדר,2023,7
1103,גני הדר,2024,6
1103,גני הדר,2025,6
1103,גני הדר,2026,1
1104,פוריה - כפר עבודה,1998,5
1104,פוריה - כפר עבודה,1999,1
1104,פוריה - כפר עבודה,2000,1
1104,פוריה - כפר עבודה,2001,7
1104,פוריה - כפר עבודה,2002,3
1104,פוריה - כפר עבודה,2004,3
1104,פוריה - כפר עבודה,2005,2
1104,פוריה - כפר עבודה,2006,2
1104,פוריה - כפר עבודה,2007,1
1104,פוריה - כפר עבודה,2008,3
1104,פוריה - כפר עבודה,2009,3
1104,פוריה - כפר עבודה,2010,4
1104,פוריה - כפר עבודה,2011,3
1104,פוריה - כפר עבודה,2013,8
1104,פוריה - כפר עבודה,2014,8
1104,פוריה - כפר עבודה,2015,3
1104,פוריה - כפר עבודה,2016,2
1104,פוריה - כפר עבודה,2017,2
1104,פוריה - כפר עבודה,2018,2
1104,פוריה - כפר עבודה,2020,2
1104,פוריה - כפר עבודה,2021,30
1104,פוריה - כפר עבודה,2022,44
1104,פוריה - כפר עבודה,2023,60
1104,פוריה - כפר עבודה,2024,14
1104,פוריה - כפר עבודה,2025,9
1104,פוריה - כפר עבודה,2026,2
1105,פוריה - נווה עובד,1998,4
1105,פוריה - נווה עובד,1999,16
1105,פוריה - נווה עובד,2000,7
1105,פוריה - נווה עובד,2001,12
1105,פוריה - נווה עובד,2002,4
1105,פוריה - נווה עובד,2003,6
1105,פוריה - נווה עובד,2004,16
1105,פוריה - נווה עובד,2005,10
1105,פוריה - נווה עובד,2006,4
1105,פוריה - נווה עובד,2007,10
1105,פוריה - נווה עובד,2008,15
1105,פוריה - נווה עובד,2009,9
1105,פוריה - נווה עובד,2010,16
1105,פוריה - נווה עובד,2011,17
1105,פוריה - נווה עובד,2012,12
1105,פוריה - נווה עובד,2013,11
1105,פוריה - נווה עובד,2014,20
1105,פוריה - נווה עובד,2015,56
1105,פוריה - נווה עובד,2016,9
1105,פוריה - נווה עובד,2017,19
1105,פוריה - נווה עובד,2018,10
1105,פוריה - נווה עובד,2019,15
1105,פוריה - נווה עובד,2020,35
1105,פוריה - נווה עובד,2021,26
1105,פוריה - נווה עובד,2022,18
1105,פוריה - נווה עובד,2023,16
1105,פוריה - נווה עובד,2024,4
1105,פוריה - נווה עובד,2025,12
1105,פוריה - נווה עובד,2026,2
1108,אומן,1998,1
1108,אומן,2003,1
1108,אומן,2005,7
1108,אומן,2006,4
1108,אומן,2007,6
1108,אומן,2008,12
1108,אומן,2009,3
1108,אומן,2010,11
1108,אומן,2011,8
1108,אומן,2012,11
1108,אומן,2013,3
1108,אומן,2014,4
1108,אומן,2015,80
1108,אומן,2016,9
1108,אומן,2017,81
1108,אומן,2018,6
1108,אומן,2019,13
1108,אומן,2020,6
1108,אומן,2021,11
1108,אומן,2022,135
1108,אומן,2023,8
1108,אומן,2024,14
1108,אומן,2025,15
1108,אומן,2026,5
1110,חבר,1998,6
1110,חבר,1999,10
1110,חבר,2000,5
1110,חבר,2001,3
1110,חבר,2002,4
1110,חבר,2003,2
1110,חבר,2004,4
1110,חבר,2005,3
1110,חבר,2006,8
1110,חבר,2007,4
1110,חבר,2008,7
1110,חבר,2009,2
1110,חבר,2010,8
1110,חבר,2011,3
1110,חבר,2012,3
1110,חבר,2013,12
1110,חבר,2014,60
1110,חבר,2015,64
1110,חבר,2016,10
1110,חבר,2017,61
1110,חבר,2018,14
1110,חבר,2019,12
1110,חבר,2020,23
1110,חבר,2021,25
1110,חבר,2022,11
1110,חבר,2023,6
1110,חבר,2024,12
1110,חבר,2025,6
1110,חבר,2026,2
1111,צופיה,2009,1
1111,צופיה,2025,1
1112,יודפת,1999,3
1112,יודפת,2001,7
1112,יודפת,2002,4
1112,יודפת,2003,1
1112,יודפת,2004,8
1112,יודפת,2005,2
1112,יודפת,2006,1
1112,יודפת,2007,1
1112,יודפת,2009,1
1112,יודפת,2011,13
1112,יודפת,2012,36
1112,יודפת,2013,6
1112,יודפת,2015,1
1112,יודפת,2016,3
1112,יודפת,2017,1
1112,יודפת,2018,5
1112,יודפת,2019,2
1112,יודפת,2020,1
1112,יודפת,2021,13
1112,יודפת,2023,14
1112,יודפת,2024,28
1112,יודפת,2025,37
1112,יודפת,2026,2
1113,צור הדסה,1998,100
1113,צור הדסה,1999,163
1113,צור הדסה,2000,66
1113,צור הדסה,2001,27
1113,צור הדסה,2002,34
1113,צור הדסה,2003,55
1113,צור הדסה,2004,55
1113,צור הדסה,2005,54
1113,צור הדסה,2006,43
1113,צור הדסה,2007,95
1113,צור הדסה,2008,77
1113,צור הדסה,2009,54
1113,צור הדסה,2010,160
1113,צור הדסה,2011,55
1113,צור הדסה,2012,52
1113,צור הדסה,2013,85
1113,צור הדסה,2014,113
1113,צור הדסה,2015,266
1113,צור הדסה,2016,394
1113,צור הדסה,2017,250
1113,צור הדסה,2018,141
1113,צור הדסה,2019,84
1113,צור הדסה,2020,79
1113,צור הדסה,2021,135
1113,צור הדסה,2022,68
1113,צור הדסה,2023,48
1113,צור הדסה,2024,80
1113,צור הדסה,2025,88
1113,צור הדסה,2026,159
1114,שריגים )לי-און(,1998,13
1114,שריגים )לי-און(,1999,2
1114,שריגים )לי-און(,2000,11
1114,שריגים )לי-און(,2001,10
1114,שריגים )לי-און(,2002,7
1114,שריגים )לי-און(,2003,8
1114,שריגים )לי-און(,2004,10
1114,שריגים )לי-און(,2005,4
1114,שריגים )לי-און(,2006,6
1114,שריגים )לי-און(,2007,13
1114,שריגים )לי-און(,2008,6
1114,שריגים )לי-און(,2009,8
1114,שריגים )לי-און(,2010,7
1114,שריגים )לי-און(,2011,2
1114,שריגים )לי-און(,2012,4
1114,שריגים )לי-און(,2013,10
1114,שריגים )לי-און(,2014,4
1114,שריגים )לי-און(,2015,25
1114,שריגים )לי-און(,2016,7
1114,שריגים )לי-און(,2017,7
1114,שריגים )לי-און(,2018,6
1114,שריגים )לי-און(,2019,33
1114,שריגים )לי-און(,2020,27
1114,שריגים )לי-און(,2021,58
1114,שריגים )לי-און(,2022,33
1114,שריגים )לי-און(,2023,9
1114,שריגים )לי-און(,2024,13
1114,שריגים )לי-און(,2025,6
1114,שריגים )לי-און(,2026,7
1115,אביבים,2012,1
1115,אביבים,2015,1
1115,אביבים,2017,5
1115,אביבים,2018,1
1115,אביבים,2019,2
1115,אביבים,2020,2
1115,אביבים,2021,6
1115,אביבים,2022,4
1115,אביבים,2024,3
1117,יעל,1999,4
1117,יעל,2000,2
1117,יעל,2001,1
1117,יעל,2006,2
1117,יעל,2022,24
1117,יעל,2023,12
1117,יעל,2024,3
1117,יעל,2025,25
1117,יעל,2026,16
112,כפר חסידים א',1998,1
112,כפר חסידים א',1999,2
112,כפר חסידים א',2000,1
112,כפר חסידים א',2001,1
112,כפר חסידים א',2002,11
112,כפר חסידים א',2003,4
112,כפר חסידים א',2004,2
112,כפר חסידים א',2008,2
112,כפר חסידים א',2009,2
112,כפר חסידים א',2010,6
112,כפר חסידים א',2011,4
112,כפר חסידים א',2013,2
112,כפר חסידים א',2015,1
112,כפר חסידים א',2016,8
112,כפר חסידים א',2018,5
112,כפר חסידים א',2019,4
112,כפר חסידים א',2020,2
112,כפר חסידים א',2021,1
112,כפר חסידים א',2022,3
112,כפר חסידים א',2023,4
112,כפר חסידים א',2024,11
112,כפר חסידים א',2025,9
112,כפר חסידים א',2026,2
1123,אדרת,1999,2
1123,אדרת,2000,1
1123,אדרת,2001,1
1123,אדרת,2002,2
1123,אדרת,2003,1
1123,אדרת,2005,6
1123,אדרת,2006,8
1123,אדרת,2007,70
1123,אדרת,2008,13
1123,אדרת,2009,5
1123,אדרת,2010,10
1123,אדרת,2011,4
1123,אדרת,2012,2
1123,אדרת,2013,4
1123,אדרת,2014,6
1123,אדרת,2015,10
1123,אדרת,2016,1
1123,אדרת,2017,3
1123,אדרת,2018,5
1123,אדרת,2019,2
1123,אדרת,2020,21
1123,אדרת,2021,7
1123,אדרת,2022,5
1123,אדרת,2023,9
1123,אדרת,2024,2
1123,אדרת,2025,3
1123,אדרת,2026,1
1124,נאות הכיכר,2000,1
1124,נאות הכיכר,2004,1
1124,נאות הכיכר,2006,1
1124,נאות הכיכר,2007,2
1124,נאות הכיכר,2008,1
1124,נאות הכיכר,2010,3
1124,נאות הכיכר,2011,1
1124,נאות הכיכר,2016,2
1124,נאות הכיכר,2017,1
1124,נאות הכיכר,2018,2
1124,נאות הכיכר,2019,1
1124,נאות הכיכר,2020,2
1124,נאות הכיכר,2021,3
1124,נאות הכיכר,2022,4
1124,נאות הכיכר,2023,1
1124,נאות הכיכר,2024,4
1124,נאות הכיכר,2025,2
1124,נאות הכיכר,2026,1
1125,אלמגור,2004,1
1125,אלמגור,2010,2
1125,אלמגור,2013,3
1125,אלמגור,2014,2
1125,אלמגור,2015,2
1125,אלמגור,2016,2
1125,אלמגור,2017,5
1125,אלמגור,2018,3
1125,אלמגור,2019,16
1125,אלמגור,2020,12
1125,אלמגור,2021,11
1125,אלמגור,2022,10
1125,אלמגור,2023,6
1125,אלמגור,2024,3
1125,אלמגור,2025,2
1125,אלמגור,2026,1
1126,אילות,1998,3
1126,אילות,1999,1
1126,אילות,2001,1
1126,אילות,2002,1
1126,אילות,2006,2
1126,אילות,2007,1
1126,אילות,2009,1
1126,אילות,2011,1
1126,אילות,2013,1
1126,אילות,2015,1
1126,אילות,2016,1
1126,אילות,2018,1
1126,אילות,2019,6
1126,אילות,2022,2
1126,אילות,2023,3
1127,מעלה גלבוע,2002,3
1127,מעלה גלבוע,2005,1
1127,מעלה גלבוע,2007,5
1127,מעלה גלבוע,2008,2
1127,מעלה גלבוע,2009,1
1127,מעלה גלבוע,2012,1
1127,מעלה גלבוע,2013,2
1127,מעלה גלבוע,2014,2
1127,מעלה גלבוע,2015,1
1127,מעלה גלבוע,2016,1
1127,מעלה גלבוע,2017,3
1127,מעלה גלבוע,2018,46
1127,מעלה גלבוע,2019,14
1127,מעלה גלבוע,2020,5
1127,מעלה גלבוע,2021,11
1127,מעלה גלבוע,2022,2
1127,מעלה גלבוע,2023,3
1127,מעלה גלבוע,2024,3
1127,מעלה גלבוע,2025,3
1128,מי עמי,1998,1
1128,מי עמי,2000,2
1128,מי עמי,2002,9
1128,מי עמי,2003,10
1128,מי עמי,2004,23
1128,מי עמי,2005,35
1128,מי עמי,2006,2
1128,מי עמי,2007,11
1128,מי עמי,2008,20
1128,מי עמי,2009,62
1128,מי עמי,2010,9
1128,מי עמי,2011,11
1128,מי עמי,2012,22
1128,מי עמי,2013,7
1128,מי עמי,2014,16
1128,מי עמי,2015,13
1128,מי עמי,2016,9
1128,מי עמי,2017,14
1128,מי עמי,2018,2
1128,מי עמי,2019,3
1128,מי עמי,2020,5
1128,מי עמי,2021,12
1128,מי עמי,2022,109
1128,מי עמי,2023,6
1128,מי עמי,2024,7
1128,מי עמי,2025,54
1128,מי עמי,2026,17
1129,גרופית,2022,1
113,אדירים,2000,5
113,אדירים,2003,2
113,אדירים,2004,5
113,אדירים,2005,2
113,אדירים,2006,2
113,אדירים,2008,4
113,אדירים,2009,1
113,אדירים,2010,7
113,אדירים,2011,4
113,אדירים,2013,2
113,אדירים,2014,3
113,אדירים,2015,1
113,אדירים,2020,2
1130,כפר רוזנואלד )זרעית(,2002,2
1130,כפר רוזנואלד )זרעית(,2006,2
1130,כפר רוזנואלד )זרעית(,2007,5
1130,כפר רוזנואלד )זרעית(,2009,2
1130,כפר רוזנואלד )זרעית(,2012,3
1130,כפר רוזנואלד )זרעית(,2013,2
1130,כפר רוזנואלד )זרעית(,2014,2
1130,כפר רוזנואלד )זרעית(,2019,2
1130,כפר רוזנואלד )זרעית(,2022,1
1130,כפר רוזנואלד )זרעית(,2026,1
1132,שניר,1999,1
1132,שניר,2000,17
1132,שניר,2001,7
1132,שניר,2002,12
1132,שניר,2003,15
1132,שניר,2004,5
1132,שניר,2007,1
1132,שניר,2008,8
1132,שניר,2009,3
1132,שניר,2011,2
1132,שניר,2012,63
1132,שניר,2014,7
1132,שניר,2015,3
1132,שניר,2016,4
1132,שניר,2017,3
1132,שניר,2018,5
1132,שניר,2020,2
1132,שניר,2021,2
1132,שניר,2022,2
1132,שניר,2023,2
1132,שניר,2025,1
1132,שניר,2026,1
1133,ורדון,2000,4
1133,ורדון,2002,1
1133,ורדון,2004,3
1133,ורדון,2006,2
1133,ורדון,2007,2
1133,ורדון,2008,3
1133,ורדון,2009,1
1133,ורדון,2010,1
1133,ורדון,2011,2
1133,ורדון,2013,1
1133,ורדון,2014,14
1133,ורדון,2015,5
1133,ורדון,2017,2
1133,ורדון,2018,1
1133,ורדון,2019,5
1133,ורדון,2020,6
1133,ורדון,2021,7
1133,ורדון,2022,2
1133,ורדון,2023,3
1133,ורדון,2024,1
1133,ורדון,2025,4
1133,ורדון,2026,1
1134,יד השמונה,2018,1
1134,יד השמונה,2020,1
1134,יד השמונה,2021,1
1134,יד השמונה,2022,1
1134,יד השמונה,2025,1
1136,צוחר,1998,4
1136,צוחר,1999,3
1136,צוחר,2000,1
1136,צוחר,2001,3
1136,צוחר,2002,2
1136,צוחר,2003,1
1136,צוחר,2004,1
1136,צוחר,2006,1
1136,צוחר,2007,3
1136,צוחר,2008,1
1136,צוחר,2009,3
1136,צוחר,2010,2
1136,צוחר,2011,5
1136,צוחר,2012,8
1136,צוחר,2013,1
1136,צוחר,2014,3
1136,צוחר,2015,4
1136,צוחר,2016,3
1136,צוחר,2017,2
1136,צוחר,2018,5
1136,צוחר,2019,4
1136,צוחר,2021,10
1136,צוחר,2022,6
1136,צוחר,2023,9
1136,צוחר,2024,9
1136,צוחר,2025,5
1136,צוחר,2026,4
1137,קריית יערים,1998,14
1137,קריית יערים,1999,14
1137,קריית יערים,2000,13
1137,קריית יערים,2001,14
1137,קריית יערים,2002,18
1137,קריית יערים,2003,22
1137,קריית יערים,2004,19
1137,קריית יערים,2005,58
1137,קריית יערים,2006,56
1137,קריית יערים,2007,48
1137,קריית יערים,2008,64
1137,קריית יערים,2009,47
1137,קריית יערים,2010,70
1137,קריית יערים,2011,27
1137,קריית יערים,2012,28
1137,קריית יערים,2013,29
1137,קריית יערים,2014,28
1137,קריית יערים,2015,100
1137,קריית יערים,2016,57
1137,קריית יערים,2017,103
1137,קריית יערים,2018,97
1137,קריית יערים,2019,71
1137,קריית יערים,2020,40
1137,קריית יערים,2021,114
1137,קריית יערים,2022,26
1137,קריית יערים,2023,32
1137,קריית יערים,2024,50
1137,קריית יערים,2025,26
1137,קריית יערים,2026,41
1138,יעד,1998,6
1138,יעד,1999,1
1138,יעד,2001,2
1138,יעד,2003,4
1138,יעד,2005,10
1138,יעד,2006,22
1138,יעד,2007,5
1138,יעד,2008,4
1138,יעד,2011,23
1138,יעד,2012,4
1138,יעד,2013,1
1138,יעד,2014,1
1138,יעד,2015,1
1138,יעד,2016,1
1138,יעד,2017,9
1138,יעד,2018,3
1138,יעד,2020,3
1138,יעד,2021,26
1138,יעד,2022,1
1138,יעד,2023,3
1138,יעד,2025,2
1138,יעד,2026,1
1139,כרמיאל,1998,900
1139,כרמיאל,1999,989
1139,כרמיאל,2000,959
1139,כרמיאל,2001,1173
1139,כרמיאל,2002,614
1139,כרמיאל,2003,655
1139,כרמיאל,2004,584
1139,כרמיאל,2005,747
1139,כרמיאל,2006,569
1139,כרמיאל,2007,686
1139,כרמיאל,2008,869
1139,כרמיאל,2009,861
1139,כרמיאל,2010,930
1139,כרמיאל,2011,895
1139,כרמיאל,2012,953
1139,כרמיאל,2013,883
1139,כרמיאל,2014,758
1139,כרמיאל,2015,803
1139,כרמיאל,2016,868
1139,כרמיאל,2017,803
1139,כרמיאל,2018,802
1139,כרמיאל,2019,910
1139,כרמיאל,2020,821
1139,כרמיאל,2021,1015
1139,כרמיאל,2022,1142
1139,כרמיאל,2023,493
1139,כרמיאל,2024,537
1139,כרמיאל,2025,815
1139,כרמיאל,2026,335
1140,מדרשת בן גוריון,1999,1
1140,מדרשת בן גוריון,2003,1
1140,מדרשת בן גוריון,2004,2
1140,מדרשת בן גוריון,2005,7
1140,מדרשת בן גוריון,2006,4
1140,מדרשת בן גוריון,2008,1
1140,מדרשת בן גוריון,2012,1
1140,מדרשת בן גוריון,2013,2
1140,מדרשת בן גוריון,2014,6
1140,מדרשת בן גוריון,2015,3
1140,מדרשת בן גוריון,2016,3
1140,מדרשת בן גוריון,2018,3
1140,מדרשת בן גוריון,2019,6
1140,מדרשת בן גוריון,2020,2
1140,מדרשת בן גוריון,2021,27
1140,מדרשת בן גוריון,2022,6
1140,מדרשת בן גוריון,2023,2
1140,מדרשת בן גוריון,2024,5
1140,מדרשת בן גוריון,2025,5
1140,מדרשת בן גוריון,2026,4
1141,מבוא מודיעים,2021,48
1141,מבוא מודיעים,2022,16
1141,מבוא מודיעים,2023,5
1141,מבוא מודיעים,2024,33
1141,מבוא מודיעים,2025,7
1141,מבוא מודיעים,2026,1
1143,נס עמים,2000,1
1143,נס עמים,2005,2
1143,נס עמים,2006,1
1143,נס עמים,2009,5
1143,נס עמים,2010,2
1143,נס עמים,2011,5
1143,נס עמים,2012,1
1143,נס עמים,2013,33
1143,נס עמים,2014,26
1143,נס עמים,2015,30
1143,נס עמים,2016,3
1143,נס עמים,2018,2
1143,נס עמים,2019,2
1143,נס עמים,2020,1
1143,נס עמים,2021,2
1143,נס עמים,2023,7
1143,נס עמים,2024,2
1143,נס עמים,2026,2
1145,אלומה,2011,1
1145,אלומה,2015,125
1145,אלומה,2016,19
1145,אלומה,2017,13
1145,אלומה,2018,11
1145,אלומה,2019,8
1145,אלומה,2020,4
1145,אלומה,2021,14
1145,אלומה,2022,12
1145,אלומה,2023,11
1145,אלומה,2024,7
1145,אלומה,2025,14
1145,אלומה,2026,5
1147,נטועה,1998,1
1147,נטועה,2001,2
1147,נטועה,2003,1
1147,נטועה,2007,2
1147,נטועה,2009,6
1147,נטועה,2010,1
1147,נטועה,2011,4
1147,נטועה,2012,1
1147,נטועה,2013,4
1147,נטועה,2014,2
1147,נטועה,2015,2
1147,נטועה,2017,2
1147,נטועה,2019,3
1147,נטועה,2021,5
1147,נטועה,2022,4
1147,נטועה,2023,2
1147,נטועה,2025,2
1148,צור נתן,2003,9
1148,צור נתן,2004,31
1148,צור נתן,2005,25
1148,צור נתן,2006,16
1148,צור נתן,2007,22
1148,צור נתן,2008,36
1148,צור נתן,2009,117
1148,צור נתן,2010,134
1148,צור נתן,2011,70
1148,צור נתן,2012,178
1148,צור נתן,2013,263
1148,צור נתן,2014,187
1148,צור נתן,2015,163
1148,צור נתן,2016,111
1148,צור נתן,2017,47
1148,צור נתן,2018,25
1148,צור נתן,2019,27
1148,צור נתן,2020,37
1148,צור נתן,2021,72
1148,צור נתן,2022,30
1148,צור נתן,2023,39
1148,צור נתן,2024,54
1148,צור נתן,2025,15
1148,צור נתן,2026,2
1149,עזר,1998,1
1149,עזר,1999,1
1149,עזר,2002,1
1149,עזר,2003,2
1149,עזר,2004,2
1149,עזר,2005,5
1149,עזר,2006,5
1149,עזר,2007,7
1149,עזר,2008,9
1149,עזר,2009,4
1149,עזר,2010,4
1149,עזר,2011,2
1149,עזר,2012,3
1149,עזר,2013,3
1149,עזר,2014,9
1149,עזר,2015,2
1149,עזר,2016,4
1149,עזר,2017,4
1149,עזר,2018,2
1149,עזר,2019,3
1149,עזר,2020,1
1149,עזר,2021,7
1149,עזר,2022,4
1149,עזר,2023,3
1149,עזר,2024,2
1149,עזר,2025,5
115,חופית,1998,13
115,חופית,1999,6
115,חופית,2000,16
115,חופית,2001,7
115,חופית,2002,8
115,חופית,2003,21
115,חופית,2004,11
115,חופית,2005,15
115,חופית,2006,6
115,חופית,2007,7
115,חופית,2008,4
115,חופית,2009,5
115,חופית,2010,12
115,חופית,2011,2
115,חופית,2012,4
115,חופית,2013,14
115,חופית,2014,10
115,חופית,2015,19
115,חופית,2016,7
115,חופית,2017,14
115,חופית,2018,11
115,חופית,2019,12
115,חופית,2020,33
115,חופית,2021,27
115,חופית,2022,20
115,חופית,2023,10
115,חופית,2024,5
115,חופית,2025,9
115,חופית,2026,1
1150,צופר,2003,1
1150,צופר,2004,2
1150,צופר,2007,1
1150,צופר,2008,4
1150,צופר,2010,1
1150,צופר,2013,2
1150,צופר,2014,1
1150,צופר,2015,1
1150,צופר,2018,2
1150,צופר,2019,2
1150,צופר,2022,8
1150,צופר,2023,5
1150,צופר,2024,7
1150,צופר,2025,6
1151,פארן,1998,1
1151,פארן,2000,1
1151,פארן,2004,2
1151,פארן,2008,3
1151,פארן,2011,1
1151,פארן,2015,3
1151,פארן,2016,1
1151,פארן,2017,3
1151,פארן,2018,4
1151,פארן,2019,2
1151,פארן,2020,4
1151,פארן,2021,19
1151,פארן,2022,7
1151,פארן,2023,3
1151,פארן,2024,5
1151,פארן,2025,5
1151,פארן,2026,1
1152,אשלים,1999,10
1152,אשלים,2000,21
1152,אשלים,2001,21
1152,אשלים,2002,7
1152,אשלים,2003,20
1152,אשלים,2004,7
1152,אשלים,2005,6
1152,אשלים,2006,8
1152,אשלים,2007,5
1152,אשלים,2008,3
1152,אשלים,2009,17
1152,אשלים,2010,7
1152,אשלים,2011,7
1152,אשלים,2012,29
1152,אשלים,2013,8
1152,אשלים,2014,3
1152,אשלים,2015,6
1152,אשלים,2016,5
1152,אשלים,2017,3
1152,אשלים,2018,2
1152,אשלים,2019,2
1152,אשלים,2020,3
1152,אשלים,2021,3
1152,אשלים,2022,8
1152,אשלים,2023,4
1152,אשלים,2024,8
1152,אשלים,2025,4
1152,אשלים,2026,5
1153,כישור,2006,2
1153,כישור,2011,8
1153,כישור,2012,7
1153,כישור,2014,1
1153,כישור,2015,10
1153,כישור,2016,3
1153,כישור,2017,4
1153,כישור,2018,4
1153,כישור,2019,2
1153,כישור,2020,5
1153,כישור,2021,3
1153,כישור,2022,1
1153,כישור,2023,1
1154,מיטל,2022,12
1154,מיטל,2023,25
1154,מיטל,2024,8
1154,מיטל,2025,5
1155,מגן שאול,2001,8
1155,מגן שאול,2003,2
1155,מגן שאול,2004,2
1155,מגן שאול,2005,39
1155,מגן שאול,2006,1
1155,מגן שאול,2007,6
1155,מגן שאול,2008,2
1155,מגן שאול,2009,5
1155,מגן שאול,2010,3
1155,מגן שאול,2011,18
1155,מגן שאול,2012,10
1155,מגן שאול,2013,4
1155,מגן שאול,2014,5
1155,מגן שאול,2015,5
1155,מגן שאול,2016,9
1155,מגן שאול,2017,8
1155,מגן שאול,2018,5
1155,מגן שאול,2019,3
1155,מגן שאול,2020,4
1155,מגן שאול,2021,14
1155,מגן שאול,2022,4
1155,מגן שאול,2023,1
1155,מגן שאול,2024,3
1155,מגן שאול,2025,1
1156,סמר,1999,1
1156,סמר,2001,6
1156,סמר,2002,10
1156,סמר,2003,1
1156,סמר,2004,1
1156,סמר,2005,3
1156,סמר,2007,3
1156,סמר,2008,1
1156,סמר,2009,1
1156,סמר,2010,1
1156,סמר,2014,2
1156,סמר,2015,1
1156,סמר,2020,3
1157,אחווה,1998,1
1157,אחווה,1999,1
1157,אחווה,2000,1
1157,אחווה,2002,1
1157,אחווה,2003,1
1157,אחווה,2005,1
1157,אחווה,2007,1
1157,אחווה,2008,2
1157,אחווה,2009,1
1157,אחווה,2014,1
1157,אחווה,2015,2
1157,אחווה,2016,1
1157,אחווה,2017,2
1157,אחווה,2018,4
1157,אחווה,2021,3
1157,אחווה,2022,1
1157,אחווה,2023,1
1157,אחווה,2024,2
1157,אחווה,2025,1
1158,יהל,2004,1
1158,יהל,2010,2
1158,יהל,2011,25
1158,יהל,2012,1
1158,יהל,2013,2
1158,יהל,2014,10
1158,יהל,2015,7
1158,יהל,2016,2
1158,יהל,2017,3
1158,יהל,2019,4
1158,יהל,2020,8
1158,יהל,2021,11
1158,יהל,2022,18
1158,יהל,2023,9
1158,יהל,2024,3
1158,יהל,2025,7
1158,יהל,2026,1
1160,שכניה,1998,5
1160,שכניה,1999,50
1160,שכניה,2000,5
1160,שכניה,2001,6
1160,שכניה,2002,18
1160,שכניה,2003,1
1160,שכניה,2004,19
1160,שכניה,2005,5
1160,שכניה,2006,5
1160,שכניה,2007,52
1160,שכניה,2008,5
1160,שכניה,2009,9
1160,שכניה,2010,3
1160,שכניה,2011,4
1160,שכניה,2012,16
1160,שכניה,2013,4
1160,שכניה,2014,33
1160,שכניה,2015,7
1160,שכניה,2016,11
1160,שכניה,2017,9
1160,שכניה,2018,5
1160,שכניה,2019,4
1160,שכניה,2020,4
1160,שכניה,2021,5
1160,שכניה,2022,1
1160,שכניה,2023,4
1160,שכניה,2024,25
1160,שכניה,2025,8
1160,שכניה,2026,3
1161,רהט,1998,5
1161,רהט,1999,5
1161,רהט,2000,4
1161,רהט,2001,1
1161,רהט,2002,3
1161,רהט,2003,3
1161,רהט,2004,1
1161,רהט,2005,5
1161,רהט,2006,1
1161,רהט,2007,14
1161,רהט,2008,37
1161,רהט,2009,9
1161,רהט,2010,10
1161,רהט,2011,11
1161,רהט,2012,20
1161,רהט,2013,38
1161,רהט,2014,57
1161,רהט,2015,20
1161,רהט,2016,53
1161,רהט,2017,46
1161,רהט,2018,27
1161,רהט,2019,44
1161,רהט,2020,21
1161,רהט,2021,25
1161,רהט,2022,37
1161,רהט,2023,55
1161,רהט,2024,51
1161,רהט,2025,29
1161,רהט,2026,8
1162,בית רימון,1999,1
1162,בית רימון,2000,5
1162,בית רימון,2003,1
1162,בית רימון,2007,1
1162,בית רימון,2008,1
1162,בית רימון,2010,5
1162,בית רימון,2011,7
1162,בית רימון,2012,7
1162,בית רימון,2013,4
1162,בית רימון,2014,2
1162,בית רימון,2015,6
1162,בית רימון,2016,12
1162,בית רימון,2017,18
1162,בית רימון,2018,2
1162,בית רימון,2019,2
1162,בית רימון,2020,7
1162,בית רימון,2021,9
1162,בית רימון,2022,2
1162,בית רימון,2023,3
1162,בית רימון,2025,1
1162,בית רימון,2026,1
1163,מורן,2004,1
1163,מורן,2005,4
1163,מורן,2006,4
1163,מורן,2007,2
1163,מורן,2008,24
1163,מורן,2010,1
1163,מורן,2011,2
1163,מורן,2012,1
1163,מורן,2013,4
1163,מורן,2014,14
1163,מורן,2015,7
1163,מורן,2016,3
1163,מורן,2017,3
1163,מורן,2018,2
1163,מורן,2019,1
1163,מורן,2020,3
1163,מורן,2021,10
1163,מורן,2022,4
1163,מורן,2023,2
1163,מורן,2024,3
1163,מורן,2025,5
1165,שילת,1998,2
1165,שילת,1999,1
1165,שילת,2000,1
1165,שילת,2001,2
1165,שילת,2002,13
1165,שילת,2003,4
1165,שילת,2005,10
1165,שילת,2006,10
1165,שילת,2007,9
1165,שילת,2008,11
1165,שילת,2009,6
1165,שילת,2010,24
1165,שילת,2011,5
1165,שילת,2012,8
1165,שילת,2013,16
1165,שילת,2014,14
1165,שילת,2015,6
1165,שילת,2016,5
1165,שילת,2017,5
1165,שילת,2019,8
1165,שילת,2020,9
1165,שילת,2021,5
1165,שילת,2022,2
1165,שילת,2023,2
1165,שילת,2024,1
1165,שילת,2025,3
1166,כפר רות,1998,8
1166,כפר רות,1999,7
1166,כפר רות,2000,2
1166,כפר רות,2001,2
1166,כפר רות,2002,4
1166,כפר רות,2003,1
1166,כפר רות,2005,1
1166,כפר רות,2006,4
1166,כפר רות,2007,1
1166,כפר רות,2009,1
1166,כפר רות,2010,3
1166,כפר רות,2011,3
1166,כפר רות,2012,1
1166,כפר רות,2013,1
1166,כפר רות,2014,1
1166,כפר רות,2015,2
1166,כפר רות,2017,3
1166,כפר רות,2020,2
1166,כפר רות,2021,2
1166,כפר רות,2025,1
1167,קיסריה,1998,93
1167,קיסריה,1999,115
1167,קיסריה,2000,81
1167,קיסריה,2001,118
1167,קיסריה,2002,131
1167,קיסריה,2003,98
1167,קיסריה,2004,95
1167,קיסריה,2005,86
1167,קיסריה,2006,94
1167,קיסריה,2007,125
1167,קיסריה,2008,86
1167,קיסריה,2009,58
1167,קיסריה,2010,70
1167,קיסריה,2011,57
1167,קיסריה,2012,34
1167,קיסריה,2013,45
1167,קיסריה,2014,125
1167,קיסריה,2015,89
1167,קיסריה,2016,86
1167,קיסריה,2017,78
1167,קיסריה,2018,116
1167,קיסריה,2019,138
1167,קיסריה,2020,160
1167,קיסריה,2021,263
1167,קיסריה,2022,148
1167,קיסריה,2023,101
1167,קיסריה,2024,85
1167,קיסריה,2025,117
1167,קיסריה,2026,32
1171,לוטם,1998,1
1171,לוטם,1999,2
1171,לוטם,2003,2
1171,לוטם,2005,2
1171,לוטם,2006,10
1171,לוטם,2007,11
1171,לוטם,2008,7
1171,לוטם,2009,2
1171,לוטם,2010,62
1171,לוטם,2011,9
1171,לוטם,2012,19
1171,לוטם,2013,21
1171,לוטם,2014,10
1171,לוטם,2015,13
1171,לוטם,2016,21
1171,לוטם,2017,11
1171,לוטם,2018,3
1171,לוטם,2019,12
1171,לוטם,2020,4
1171,לוטם,2021,7
1171,לוטם,2022,8
1171,לוטם,2023,7
1171,לוטם,2024,10
1171,לוטם,2025,5
1171,לוטם,2026,3
1172,תובל,1998,15
1172,תובל,1999,2
1172,תובל,2000,4
1172,תובל,2005,1
1172,תובל,2008,3
1172,תובל,2011,10
1172,תובל,2012,13
1172,תובל,2013,12
1172,תובל,2014,4
1172,תובל,2015,3
1172,תובל,2016,2
1172,תובל,2017,3
1172,תובל,2018,20
1172,תובל,2019,2
1172,תובל,2020,49
1172,תובל,2021,14
1172,תובל,2022,6
1172,תובל,2023,3
1172,תובל,2024,2
1172,תובל,2025,11
1172,תובל,2026,13
1173,לפידות,1999,3
1173,לפידות,2003,1
1173,לפידות,2008,2
1173,לפידות,2009,2
1173,לפידות,2011,1
1173,לפידות,2012,2
1173,לפידות,2013,2
1173,לפידות,2014,1
1173,לפידות,2015,2
1173,לפידות,2017,4
1173,לפידות,2018,1
1173,לפידות,2019,2
1173,לפידות,2025,12
1173,לפידות,2026,1
1174,מנוף,1999,3
1174,מנוף,2000,5
1174,מנוף,2001,1
1174,מנוף,2002,2
1174,מנוף,2004,1
1174,מנוף,2005,16
1174,מנוף,2006,10
1174,מנוף,2007,1
1174,מנוף,2008,1
1174,מנוף,2009,2
1174,מנוף,2010,3
1174,מנוף,2012,24
1174,מנוף,2013,2
1174,מנוף,2014,3
1174,מנוף,2015,20
1174,מנוף,2016,1
1174,מנוף,2017,14
1174,מנוף,2018,2
1174,מנוף,2019,4
1174,מנוף,2020,3
1174,מנוף,2021,2
1174,מנוף,2022,2
1174,מנוף,2025,5
1175,עידן,1998,1
1175,עידן,2001,1
1175,עידן,2005,6
1175,עידן,2008,2
1175,עידן,2013,1
1175,עידן,2015,2
1175,עידן,2017,2
1175,עידן,2018,2
1175,עידן,2020,5
1175,עידן,2021,5
1175,עידן,2022,2
1175,עידן,2023,4
1175,עידן,2024,2
1175,עידן,2025,2
1175,עידן,2026,4
1176,ספיר,1999,17
1176,ספיר,2000,34
1176,ספיר,2001,8
1176,ספיר,2002,8
1176,ספיר,2003,11
1176,ספיר,2004,6
1176,ספיר,2005,13
1176,ספיר,2006,14
1176,ספיר,2007,6
1176,ספיר,2008,14
1176,ספיר,2009,11
1176,ספיר,2010,6
1176,ספיר,2011,14
1176,ספיר,2012,6
1176,ספיר,2013,4
1176,ספיר,2014,3
1176,ספיר,2015,3
1176,ספיר,2016,12
1176,ספיר,2017,15
1176,ספיר,2018,9
1176,ספיר,2019,4
1176,ספיר,2020,9
1176,ספיר,2021,7
1176,ספיר,2022,10
1176,ספיר,2023,6
1176,ספיר,2024,5
1176,ספיר,2025,4
1177,טללים,2010,5
1177,טללים,2011,5
1177,טללים,2012,14
1177,טללים,2013,12
1177,טללים,2015,9
1177,טללים,2016,6
1177,טללים,2017,2
1177,טללים,2018,3
1177,טללים,2019,2
1177,טללים,2020,2
1177,טללים,2021,9
1177,טללים,2022,13
1177,טללים,2023,9
1177,טללים,2024,5
1177,טללים,2025,11
1177,טללים,2026,8
1178,מורשת,1998,5
1178,מורשת,1999,1
1178,מורשת,2000,16
1178,מורשת,2001,4
1178,מורשת,2002,23
1178,מורשת,2003,10
1178,מורשת,2004,1
1178,מורשת,2005,4
1178,מורשת,2006,2
1178,מורשת,2008,3
1178,מורשת,2009,16
1178,מורשת,2010,9
1178,מורשת,2011,25
1178,מורשת,2012,13
1178,מורשת,2013,3
1178,מורשת,2014,4
1178,מורשת,2015,3
1178,מורשת,2016,4
1178,מורשת,2017,34
1178,מורשת,2018,9
1178,מורשת,2019,4
1178,מורשת,2020,1
1178,מורשת,2021,1
1178,מורשת,2022,56
1178,מורשת,2023,2
1178,מורשת,2024,1
1178,מורשת,2025,6
1179,קורנית,1998,3
1179,קורנית,1999,1
1179,קורנית,2000,1
1179,קורנית,2001,2
1179,קורנית,2002,5
1179,קורנית,2004,4
1179,קורנית,2005,2
1179,קורנית,2007,3
1179,קורנית,2008,3
1179,קורנית,2010,35
1179,קורנית,2011,9
1179,קורנית,2012,1
1179,קורנית,2013,3
1179,קורנית,2014,31
1179,קורנית,2015,1
1179,קורנית,2016,2
1179,קורנית,2018,4
1179,קורנית,2019,2
1179,קורנית,2020,3
1179,קורנית,2021,37
1179,קורנית,2022,1
1179,קורנית,2023,1
1179,קורנית,2024,1
1180,צביה,1998,2
1180,צביה,1999,1
1180,צביה,2000,2
1180,צביה,2001,6
1180,צביה,2002,1
1180,צביה,2004,2
1180,צביה,2005,4
1180,צביה,2006,5
1180,צביה,2007,6
1180,צביה,2008,4
1180,צביה,2010,4
1180,צביה,2011,1
1180,צביה,2012,9
1180,צביה,2013,12
1180,צביה,2014,1
1180,צביה,2015,5
1180,צביה,2016,1
1180,צביה,2017,2
1180,צביה,2018,2
1180,צביה,2019,2
1180,צביה,2020,2
1180,צביה,2021,3
1180,צביה,2025,2
1180,צביה,2026,1
1181,טל-אל,1998,15
1181,טל-אל,1999,6
1181,טל-אל,2000,4
1181,טל-אל,2001,3
1181,טל-אל,2002,5
1181,טל-אל,2003,6
1181,טל-אל,2004,2
1181,טל-אל,2005,5
1181,טל-אל,2006,2
1181,טל-אל,2007,15
1181,טל-אל,2008,6
1181,טל-אל,2009,4
1181,טל-אל,2010,4
1181,טל-אל,2011,10
1181,טל-אל,2012,24
1181,טל-אל,2013,29
1181,טל-אל,2014,10
1181,טל-אל,2015,8
1181,טל-אל,2016,11
1181,טל-אל,2017,4
1181,טל-אל,2018,8
1181,טל-אל,2019,29
1181,טל-אל,2020,8
1181,טל-אל,2021,6
1181,טל-אל,2022,10
1181,טל-אל,2023,13
1181,טל-אל,2024,6
1181,טל-אל,2025,7
1182,אלון הגליל,1998,1
1182,אלון הגליל,1999,1
1182,אלון הגליל,2000,2
1182,אלון הגליל,2001,2
1182,אלון הגליל,2002,26
1182,אלון הגליל,2003,2
1182,אלון הגליל,2004,1
1182,אלון הגליל,2005,2
1182,אלון הגליל,2006,1
1182,אלון הגליל,2007,4
1182,אלון הגליל,2009,4
1182,אלון הגליל,2011,7
1182,אלון הגליל,2012,44
1182,אלון הגליל,2013,9
1182,אלון הגליל,2014,12
1182,אלון הגליל,2015,20
1182,אלון הגליל,2016,1
1182,אלון הגליל,2017,7
1182,אלון הגליל,2018,3
1182,אלון הגליל,2019,10
1182,אלון הגליל,2020,4
1182,אלון הגליל,2021,8
1182,אלון הגליל,2022,7
1182,אלון הגליל,2023,5
1182,אלון הגליל,2024,6
1182,אלון הגליל,2025,14
1182,אלון הגליל,2026,4
1183,כליל,1999,1
1183,כליל,2000,1
1183,כליל,2002,1
1183,כליל,2003,2
1183,כליל,2005,4
1183,כליל,2006,6
1183,כליל,2007,3
1183,כליל,2010,1
1183,כליל,2011,2
1183,כליל,2012,12
1183,כליל,2013,9
1183,כליל,2014,4
1183,כליל,2015,6
1183,כליל,2016,3
1183,כליל,2017,7
1183,כליל,2018,17
1183,כליל,2019,8
1183,כליל,2020,16
1183,כליל,2021,13
1183,כליל,2022,16
1183,כליל,2023,12
1183,כליל,2024,10
1183,כליל,2025,9
1183,כליל,2026,3
1184,מתת,2006,2
1184,מתת,2014,4
1184,מתת,2016,3
1184,מתת,2017,1
1184,מתת,2018,12
1184,מתת,2023,2
1185,פלך,2017,15
1185,פלך,2018,1
1185,פלך,2019,1
1185,פלך,2020,6
1185,פלך,2023,2
1185,פלך,2024,51
1185,פלך,2025,3
1186,הושעיה,1998,6
1186,הושעיה,1999,1
1186,הושעיה,2001,23
1186,הושעיה,2002,16
1186,הושעיה,2003,4
1186,הושעיה,2004,9
1186,הושעיה,2005,49
1186,הושעיה,2006,7
1186,הושעיה,2007,4
1186,הושעיה,2009,24
1186,הושעיה,2010,5
1186,הושעיה,2011,2
1186,הושעיה,2013,2
1186,הושעיה,2014,70
1186,הושעיה,2015,8
1186,הושעיה,2016,2
1186,הושעיה,2017,1
1186,הושעיה,2018,2
1186,הושעיה,2019,2
1186,הושעיה,2020,2
1186,הושעיה,2021,3
1186,הושעיה,2022,2
1186,הושעיה,2023,1
1186,הושעיה,2024,1
1186,הושעיה,2025,3
1186,הושעיה,2026,1
1188,אשחר,1998,3
1188,אשחר,1999,10
1188,אשחר,2000,8
1188,אשחר,2001,7
1188,אשחר,2002,12
1188,אשחר,2003,3
1188,אשחר,2004,5
1188,אשחר,2005,4
1188,אשחר,2006,13
1188,אשחר,2007,24
1188,אשחר,2008,11
1188,אשחר,2009,13
1188,אשחר,2010,23
1188,אשחר,2011,16
1188,אשחר,2012,14
1188,אשחר,2013,12
1188,אשחר,2014,37
1188,אשחר,2015,11
1188,אשחר,2016,11
1188,אשחר,2017,7
1188,אשחר,2018,9
1188,אשחר,2019,36
1188,אשחר,2020,10
1188,אשחר,2021,5
1188,אשחר,2022,7
1188,אשחר,2023,5
1188,אשחר,2024,13
1188,אשחר,2025,18
1190,מצפה נטופה,2002,1
1190,מצפה נטופה,2003,12
1190,מצפה נטופה,2008,1
1190,מצפה נטופה,2011,15
1190,מצפה נטופה,2013,1
1190,מצפה נטופה,2014,1
1190,מצפה נטופה,2015,11
1190,מצפה נטופה,2017,2
1190,מצפה נטופה,2018,5
1190,מצפה נטופה,2019,4
1190,מצפה נטופה,2020,17
1190,מצפה נטופה,2021,6
1190,מצפה נטופה,2022,5
1190,מצפה נטופה,2023,8
1190,מצפה נטופה,2024,1
1190,מצפה נטופה,2025,2
1190,מצפה נטופה,2026,1
1191,בר יוחאי,1998,9
1191,בר יוחאי,1999,6
1191,בר יוחאי,2000,4
1191,בר יוחאי,2001,3
1191,בר יוחאי,2002,6
1191,בר יוחאי,2003,4
1191,בר יוחאי,2004,1
1191,בר יוחאי,2005,3
1191,בר יוחאי,2006,3
1191,בר יוחאי,2007,6
1191,בר יוחאי,2009,3
1191,בר יוחאי,2010,2
1191,בר יוחאי,2011,3
1191,בר יוחאי,2012,5
1191,בר יוחאי,2013,5
1191,בר יוחאי,2014,7
1191,בר יוחאי,2015,2
1191,בר יוחאי,2016,3
1191,בר יוחאי,2017,3
1191,בר יוחאי,2018,1
1191,בר יוחאי,2019,2
1191,בר יוחאי,2020,2
1191,בר יוחאי,2022,4
1191,בר יוחאי,2023,3
1191,בר יוחאי,2024,2
1191,בר יוחאי,2025,3
1192,ערערה-בנגב,1998,1
1192,ערערה-בנגב,1999,2
1192,ערערה-בנגב,2002,1
1192,ערערה-בנגב,2003,1
1192,ערערה-בנגב,2005,2
1192,ערערה-בנגב,2006,1
1192,ערערה-בנגב,2007,1
1192,ערערה-בנגב,2008,1
1192,ערערה-בנגב,2010,4
1192,ערערה-בנגב,2013,1
1192,ערערה-בנגב,2014,3
1192,ערערה-בנגב,2015,3
1192,ערערה-בנגב,2016,4
1192,ערערה-בנגב,2017,22
1192,ערערה-בנגב,2018,12
1192,ערערה-בנגב,2019,14
1192,ערערה-בנגב,2020,12
1192,ערערה-בנגב,2021,11
1192,ערערה-בנגב,2022,10
1192,ערערה-בנגב,2023,16
1192,ערערה-בנגב,2024,34
1192,ערערה-בנגב,2025,5
1195,ניצנה )קהילת חינוך(,2005,1
1195,ניצנה )קהילת חינוך(,2006,1
1195,ניצנה )קהילת חינוך(,2009,1
1195,ניצנה )קהילת חינוך(,2012,1
1195,ניצנה )קהילת חינוך(,2016,2
1195,ניצנה )קהילת חינוך(,2017,8
1195,ניצנה )קהילת חינוך(,2018,3
1195,ניצנה )קהילת חינוך(,2019,6
1195,ניצנה )קהילת חינוך(,2020,1
1196,מחנה יתיר,2022,1
1196,מחנה יתיר,2023,1
1197,נאות סמדר,1999,1
1197,נאות סמדר,2011,1
1197,נאות סמדר,2016,1
1197,נאות סמדר,2019,1
1197,נאות סמדר,2020,2
1198,כרמים,2007,3
1198,כרמים,2009,5
1198,כרמים,2010,20
1198,כרמים,2011,6
1198,כרמים,2012,4
1198,כרמים,2013,80
1198,כרמים,2014,124
1198,כרמים,2015,5
1198,כרמים,2016,7
1198,כרמים,2017,33
1198,כרמים,2018,7
1198,כרמים,2019,4
1198,כרמים,2020,41
1198,כרמים,2021,9
1198,כרמים,2022,5
1198,כרמים,2023,5
1198,כרמים,2024,11
1198,כרמים,2025,5
1198,כרמים,2026,1
1199,עדי,1998,11
1199,עדי,1999,4
1199,עדי,2000,10
1199,עדי,2001,4
1199,עדי,2002,18
1199,עדי,2003,16
1199,עדי,2004,18
1199,עדי,2005,5
1199,עדי,2006,39
1199,עדי,2007,28
1199,עדי,2008,17
1199,עדי,2009,23
1199,עדי,2010,14
1199,עדי,2011,20
1199,עדי,2012,33
1199,עדי,2013,85
1199,עדי,2014,9
1199,עדי,2015,9
1199,עדי,2016,10
1199,עדי,2017,9
1199,עדי,2018,7
1199,עדי,2019,6
1199,עדי,2020,8
1199,עדי,2021,11
1199,עדי,2022,18
1199,עדי,2023,5
1199,עדי,2024,10
1199,עדי,2025,12
1199,עדי,2026,2
1200,מודיעין-מכבים-רעות,1998,1573
1200,מודיעין-מכבים-רעות,1999,1232
1200,מודיעין-מכבים-רעות,2000,1018
1200,מודיעין-מכבים-רעות,2001,847
1200,מודיעין-מכבים-רעות,2002,1433
1200,מודיעין-מכבים-רעות,2003,1640
1200,מודיעין-מכבים-רעות,2004,2124
1200,מודיעין-מכבים-רעות,2005,1812
1200,מודיעין-מכבים-רעות,2006,1431
1200,מודיעין-מכבים-רעות,2007,1999
1200,מודיעין-מכבים-רעות,2008,1439
1200,מודיעין-מכבים-רעות,2009,1890
1200,מודיעין-מכבים-רעות,2010,1817
1200,מודיעין-מכבים-רעות,2011,1091
1200,מודיעין-מכבים-רעות,2012,1352
1200,מודיעין-מכבים-רעות,2013,1692
1200,מודיעין-מכבים-רעות,2014,1395
1200,מודיעין-מכבים-רעות,2015,1637
1200,מודיעין-מכבים-רעות,2016,1407
1200,מודיעין-מכבים-רעות,2017,1328
1200,מודיעין-מכבים-רעות,2018,1344
1200,מודיעין-מכבים-רעות,2019,1642
1200,מודיעין-מכבים-רעות,2020,2589
1200,מודיעין-מכבים-רעות,2021,3228
1200,מודיעין-מכבים-רעות,2022,1259
1200,מודיעין-מכבים-רעות,2023,747
1200,מודיעין-מכבים-רעות,2024,1121
1200,מודיעין-מכבים-רעות,2025,999
1200,מודיעין-מכבים-רעות,2026,619
1201,כמון,1998,1
1201,כמון,1999,7
1201,כמון,2001,2
1201,כמון,2002,3
1201,כמון,2003,2
1201,כמון,2004,7
1201,כמון,2005,8
1201,כמון,2006,6
1201,כמון,2007,10
1201,כמון,2008,15
1201,כמון,2009,4
1201,כמון,2010,10
1201,כמון,2011,16
1201,כמון,2012,14
1201,כמון,2013,10
1201,כמון,2014,16
1201,כמון,2015,8
1201,כמון,2016,5
1201,כמון,2017,4
1201,כמון,2018,4
1201,כמון,2019,6
1201,כמון,2020,7
1201,כמון,2021,20
1201,כמון,2022,4
1201,כמון,2023,5
1201,כמון,2024,8
1201,כמון,2025,1
1202,מכמנים,1999,4
1202,מכמנים,2000,1
1202,מכמנים,2001,6
1202,מכמנים,2002,4
1202,מכמנים,2004,2
1202,מכמנים,2005,3
1202,מכמנים,2006,3
1202,מכמנים,2007,1
1202,מכמנים,2008,10
1202,מכמנים,2010,4
1202,מכמנים,2011,18
1202,מכמנים,2012,20
1202,מכמנים,2013,13
1202,מכמנים,2014,1
1202,מכמנים,2015,3
1202,מכמנים,2016,5
1202,מכמנים,2017,1
1202,מכמנים,2018,18
1202,מכמנים,2019,14
1202,מכמנים,2020,3
1202,מכמנים,2021,5
1202,מכמנים,2022,2
1202,מכמנים,2023,3
1202,מכמנים,2024,3
1202,מכמנים,2025,5
1202,מכמנים,2026,2
1203,הררית,1998,3
1203,הררית,1999,2
1203,הררית,2000,1
1203,הררית,2001,1
1203,הררית,2003,3
1203,הררית,2005,3
1203,הררית,2006,12
1203,הררית,2007,14
1203,הררית,2008,4
1203,הררית,2009,5
1203,הררית,2010,5
1203,הררית,2011,5
1203,הררית,2012,7
1203,הררית,2013,7
1203,הררית,2015,21
1203,הררית,2016,14
1203,הררית,2017,7
1203,הררית,2018,5
1203,הררית,2019,5
1203,הררית,2020,8
1203,הררית,2021,2
1203,הררית,2022,10
1203,הררית,2023,15
1203,הררית,2024,12
1203,הררית,2025,2
1204,גילון,1998,18
1204,גילון,1999,14
1204,גילון,2000,7
1204,גילון,2001,2
1204,גילון,2002,2
1204,גילון,2003,2
1204,גילון,2004,13
1204,גילון,2005,12
1204,גילון,2006,16
1204,גילון,2007,35
1204,גילון,2008,3
1204,גילון,2009,26
1204,גילון,2010,38
1204,גילון,2011,14
1204,גילון,2012,12
1204,גילון,2013,20
1204,גילון,2014,5
1204,גילון,2015,5
1204,גילון,2016,5
1204,גילון,2017,35
1204,גילון,2018,10
1204,גילון,2019,3
1204,גילון,2020,10
1204,גילון,2021,10
1204,גילון,2022,8
1204,גילון,2023,3
1204,גילון,2024,8
1204,גילון,2025,45
1204,גילון,2026,3
1205,מנות,1998,6
1205,מנות,1999,3
1205,מנות,2000,1
1205,מנות,2002,1
1205,מנות,2003,1
1205,מנות,2004,1
1205,מנות,2005,2
1205,מנות,2006,2
1205,מנות,2007,1
1205,מנות,2008,2
1205,מנות,2009,6
1205,מנות,2010,4
1205,מנות,2011,5
1205,מנות,2012,4
1205,מנות,2013,7
1205,מנות,2014,5
1205,מנות,2015,1
1205,מנות,2016,6
1205,מנות,2017,4
1205,מנות,2018,19
1205,מנות,2019,1
1205,מנות,2020,6
1205,מנות,2021,2
1205,מנות,2022,1
1205,מנות,2023,3
1205,מנות,2024,2
1205,מנות,2025,1
1206,גיתה,1998,3
1206,גיתה,1999,1
1206,גיתה,2000,3
1206,גיתה,2001,2
1206,גיתה,2002,1
1206,גיתה,2003,4
1206,גיתה,2004,1
1206,גיתה,2005,3
1206,גיתה,2006,4
1206,גיתה,2007,6
1206,גיתה,2008,6
1206,גיתה,2009,14
1206,גיתה,2010,7
1206,גיתה,2011,3
1206,גיתה,2012,6
1206,גיתה,2013,2
1206,גיתה,2014,3
1206,גיתה,2015,1
1206,גיתה,2016,4
1206,גיתה,2017,1
1206,גיתה,2018,13
1206,גיתה,2019,34
1206,גיתה,2020,11
1206,גיתה,2021,11
1206,גיתה,2022,5
1206,גיתה,2024,2
1206,גיתה,2025,6
1207,לבון,1998,4
1207,לבון,1999,11
1207,לבון,2000,24
1207,לבון,2001,7
1207,לבון,2002,7
1207,לבון,2003,2
1207,לבון,2004,9
1207,לבון,2005,11
1207,לבון,2006,5
1207,לבון,2007,9
1207,לבון,2008,6
1207,לבון,2009,28
1207,לבון,2010,44
1207,לבון,2011,18
1207,לבון,2012,4
1207,לבון,2013,2
1207,לבון,2014,3
1207,לבון,2015,7
1207,לבון,2016,5
1207,לבון,2017,5
1207,לבון,2018,6
1207,לבון,2019,9
1207,לבון,2020,38
1207,לבון,2021,23
1207,לבון,2022,3
1207,לבון,2023,1
1207,לבון,2024,7
1207,לבון,2025,1
1207,לבון,2026,1
1208,הילה,1998,2
1208,הילה,1999,1
1208,הילה,2000,1
1208,הילה,2002,5
1208,הילה,2003,2
1208,הילה,2004,5
1208,הילה,2006,1
1208,הילה,2007,4
1208,הילה,2008,5
1208,הילה,2009,4
1208,הילה,2010,3
1208,הילה,2011,3
1208,הילה,2012,5
1208,הילה,2013,1
1208,הילה,2014,4
1208,הילה,2015,3
1208,הילה,2016,6
1208,הילה,2017,3
1208,הילה,2018,3
1208,הילה,2019,2
1208,הילה,2020,3
1208,הילה,2021,5
1208,הילה,2022,1
1208,הילה,2023,2
1208,הילה,2026,1
1209,חרשים,1998,1
1209,חרשים,1999,3
1209,חרשים,2000,1
1209,חרשים,2002,1
1209,חרשים,2003,1
1209,חרשים,2004,2
1209,חרשים,2005,16
1209,חרשים,2006,7
1209,חרשים,2007,8
1209,חרשים,2008,2
1209,חרשים,2009,2
1209,חרשים,2010,2
1209,חרשים,2011,2
1209,חרשים,2012,1
1209,חרשים,2013,1
1209,חרשים,2014,13
1209,חרשים,2015,1
1209,חרשים,2016,2
1209,חרשים,2018,1
1209,חרשים,2020,2
1209,חרשים,2021,2
1209,חרשים,2022,1
1209,חרשים,2023,1
1209,חרשים,2025,1
1210,כחל,2007,13
1210,כחל,2008,4
1210,כחל,2010,4
1210,כחל,2011,8
1210,כחל,2012,8
1210,כחל,2013,8
1210,כחל,2014,3
1210,כחל,2015,17
1210,כחל,2016,10
1210,כחל,2017,14
1210,כחל,2018,6
1210,כחל,2019,4
1210,כחל,2020,4
1210,כחל,2021,11
1210,כחל,2022,4
1210,כחל,2023,5
1210,כחל,2024,1
1210,כחל,2025,5
1210,כחל,2026,2
1211,קדרים,2002,1
1211,קדרים,2004,25
1211,קדרים,2005,3
1211,קדרים,2006,1
1211,קדרים,2007,1
1211,קדרים,2008,5
1211,קדרים,2009,2
1211,קדרים,2010,3
1211,קדרים,2011,4
1211,קדרים,2012,8
1211,קדרים,2013,4
1211,קדרים,2014,3
1211,קדרים,2016,2
1211,קדרים,2017,13
1211,קדרים,2018,10
1211,קדרים,2019,5
1211,קדרים,2020,11
1211,קדרים,2021,9
1211,קדרים,2022,15
1211,קדרים,2023,20
1211,קדרים,2024,6
1211,קדרים,2025,8
1211,קדרים,2026,1
1213,צבעון,2014,17
1213,צבעון,2015,13
1213,צבעון,2016,6
1213,צבעון,2017,3
1213,צבעון,2018,7
1213,צבעון,2019,3
1213,צבעון,2020,2
1213,צבעון,2021,11
1213,צבעון,2022,5
1213,צבעון,2023,1
1214,טפחות,1998,3
1214,טפחות,1999,7
1214,טפחות,2000,7
1214,טפחות,2001,5
1214,טפחות,2002,4
1214,טפחות,2003,5
1214,טפחות,2004,11
1214,טפחות,2005,12
1214,טפחות,2006,5
1214,טפחות,2007,6
1214,טפחות,2008,4
1214,טפחות,2009,1
1214,טפחות,2010,5
1214,טפחות,2011,3
1214,טפחות,2013,2
1214,טפחות,2014,3
1214,טפחות,2015,2
1214,טפחות,2016,1
1214,טפחות,2018,1
1214,טפחות,2019,1
1214,טפחות,2020,7
1214,טפחות,2021,1
1214,טפחות,2022,1
1214,טפחות,2023,1
1214,טפחות,2024,19
1214,טפחות,2025,10
1219,גורנות הגליל,1998,1
1219,גורנות הגליל,1999,1
1219,גורנות הגליל,2000,2
1219,גורנות הגליל,2001,2
1219,גורנות הגליל,2002,1
1219,גורנות הגליל,2004,1
1219,גורנות הגליל,2005,1
1219,גורנות הגליל,2007,3
1219,גורנות הגליל,2008,1
1219,גורנות הגליל,2009,1
1219,גורנות הגליל,2010,1
1219,גורנות הגליל,2011,1
1219,גורנות הגליל,2012,2
1219,גורנות הגליל,2013,2
1219,גורנות הגליל,2014,2
1219,גורנות הגליל,2016,1
1219,גורנות הגליל,2018,19
1219,גורנות הגליל,2019,5
1219,גורנות הגליל,2020,2
1219,גורנות הגליל,2021,6
1219,גורנות הגליל,2023,2
122,רמת ישי,1998,133
122,רמת ישי,1999,112
122,רמת ישי,2000,74
122,רמת ישי,2001,51
122,רמת ישי,2002,53
122,רמת ישי,2003,83
122,רמת ישי,2004,62
122,רמת ישי,2005,107
122,רמת ישי,2006,115
122,רמת ישי,2007,233
122,רמת ישי,2008,253
122,רמת ישי,2009,132
122,רמת ישי,2010,153
122,רמת ישי,2011,94
122,רמת ישי,2012,129
122,רמת ישי,2013,121
122,רמת ישי,2014,110
122,רמת ישי,2015,128
122,רמת ישי,2016,114
122,רמת ישי,2017,131
122,רמת ישי,2018,103
122,רמת ישי,2019,105
122,רמת ישי,2020,104
122,רמת ישי,2021,154
122,רמת ישי,2022,124
122,רמת ישי,2023,97
122,רמת ישי,2024,105
122,רמת ישי,2025,81
122,רמת ישי,2026,24
1220,אבירים,1998,1
1220,אבירים,2005,1
1220,אבירים,2006,2
1220,אבירים,2010,2
1220,אבירים,2011,7
1220,אבירים,2014,1
1220,אבירים,2015,4
1220,אבירים,2016,4
1220,אבירים,2017,17
1220,אבירים,2018,11
1220,אבירים,2019,7
1220,אבירים,2020,2
1220,אבירים,2021,1
1220,אבירים,2023,1
1220,אבירים,2025,1
1221,צורית,1998,2
1221,צורית,2000,7
1221,צורית,2002,8
1221,צורית,2003,13
1221,צורית,2004,13
1221,צורית,2005,3
1221,צורית,2006,4
1221,צורית,2007,13
1221,צורית,2008,12
1221,צורית,2009,3
1221,צורית,2011,8
1221,צורית,2012,44
1221,צורית,2013,8
1221,צורית,2014,5
1221,צורית,2015,7
1221,צורית,2016,8
1221,צורית,2017,31
1221,צורית,2018,4
1221,צורית,2019,4
1221,צורית,2020,6
1221,צורית,2021,5
1221,צורית,2022,3
1221,צורית,2023,4
1221,צורית,2024,5
1221,צורית,2025,2
1221,צורית,2026,1
1222,"מצפה אבי""ב",1998,4
1222,"מצפה אבי""ב",2002,3
1222,"מצפה אבי""ב",2003,1
1222,"מצפה אבי""ב",2004,1
1222,"מצפה אבי""ב",2005,6
1222,"מצפה אבי""ב",2006,4
1222,"מצפה אבי""ב",2007,8
1222,"מצפה אבי""ב",2008,5
1222,"מצפה אבי""ב",2009,4
1222,"מצפה אבי""ב",2010,3
1222,"מצפה אבי""ב",2011,9
1222,"מצפה אבי""ב",2012,5
1222,"מצפה אבי""ב",2013,11
1222,"מצפה אבי""ב",2014,5
1222,"מצפה אבי""ב",2015,5
1222,"מצפה אבי""ב",2016,8
1222,"מצפה אבי""ב",2017,10
1222,"מצפה אבי""ב",2018,4
1222,"מצפה אבי""ב",2019,3
1222,"מצפה אבי""ב",2020,1
1222,"מצפה אבי""ב",2021,36
1222,"מצפה אבי""ב",2022,1
1222,"מצפה אבי""ב",2023,6
1222,"מצפה אבי""ב",2024,4
1222,"מצפה אבי""ב",2025,6
1223,שדי אברהם,2020,1
1223,שדי אברהם,2021,16
1223,שדי אברהם,2022,14
1223,שדי אברהם,2023,1
1225,רביד,2006,1
1225,רביד,2020,1
1226,יובלים,1998,4
1226,יובלים,1999,5
1226,יובלים,2000,2
1226,יובלים,2001,3
1226,יובלים,2002,2
1226,יובלים,2003,24
1226,יובלים,2004,20
1226,יובלים,2005,6
1226,יובלים,2006,4
1226,יובלים,2007,2
1226,יובלים,2008,27
1226,יובלים,2009,18
1226,יובלים,2010,8
1226,יובלים,2011,4
1226,יובלים,2012,5
1226,יובלים,2013,26
1226,יובלים,2014,11
1226,יובלים,2015,4
1226,יובלים,2016,4
1226,יובלים,2017,7
1226,יובלים,2018,4
1226,יובלים,2019,4
1226,יובלים,2020,1
1226,יובלים,2021,7
1226,יובלים,2022,4
1226,יובלים,2024,6
1226,יובלים,2025,10
1226,יובלים,2026,1
1227,יתד,2010,6
1227,יתד,2011,1
1227,יתד,2012,11
1227,יתד,2015,4
1227,יתד,2016,2
1227,יתד,2017,6
1227,יתד,2018,1
1227,יתד,2020,1
1227,יתד,2021,9
1227,יתד,2022,13
1227,יתד,2023,4
1227,יתד,2024,1
1227,יתד,2025,4
1227,יתד,2026,4
1228,רקפת,1999,2
1228,רקפת,2000,2
1228,רקפת,2001,1
1228,רקפת,2002,19
1228,רקפת,2003,12
1228,רקפת,2004,5
1228,רקפת,2005,6
1228,רקפת,2006,14
1228,רקפת,2007,7
1228,רקפת,2008,5
1228,רקפת,2009,4
1228,רקפת,2010,3
1228,רקפת,2011,22
1228,רקפת,2012,3
1228,רקפת,2013,3
1228,רקפת,2014,5
1228,רקפת,2015,17
1228,רקפת,2016,27
1228,רקפת,2017,6
1228,רקפת,2018,3
1228,רקפת,2019,2
1228,רקפת,2020,2
1228,רקפת,2021,3
1228,רקפת,2022,2
1228,רקפת,2023,1
1228,רקפת,2024,2
1228,רקפת,2025,6
1228,רקפת,2026,6
1229,כלנית,1998,2
1229,כלנית,1999,2
1229,כלנית,2002,1
1229,כלנית,2009,4
1229,כלנית,2010,1
1229,כלנית,2011,3
1229,כלנית,2012,4
1229,כלנית,2015,2
1229,כלנית,2016,7
1229,כלנית,2017,6
1229,כלנית,2018,17
1229,כלנית,2019,4
1229,כלנית,2020,5
1229,כלנית,2021,5
1229,כלנית,2022,3
1229,כלנית,2023,3
1229,כלנית,2024,2
1229,כלנית,2025,4
1229,כלנית,2026,2
1230,לבנים,1998,3
1230,לבנים,1999,3
1230,לבנים,2000,1
1230,לבנים,2002,1
1230,לבנים,2003,2
1230,לבנים,2005,3
1230,לבנים,2006,4
1230,לבנים,2007,9
1230,לבנים,2008,8
1230,לבנים,2010,2
1230,לבנים,2011,1
1230,לבנים,2012,4
1230,לבנים,2013,1
1230,לבנים,2014,2
1230,לבנים,2015,4
1230,לבנים,2016,1
1230,לבנים,2017,1
1230,לבנים,2018,1
1230,לבנים,2019,30
1230,לבנים,2020,26
1230,לבנים,2021,8
1230,לבנים,2022,8
1230,לבנים,2023,6
1230,לבנים,2024,1
1230,לבנים,2025,3
1231,פרי גן,2001,4
1231,פרי גן,2005,11
1231,פרי גן,2006,1
1231,פרי גן,2007,6
1231,פרי גן,2008,3
1231,פרי גן,2009,5
1231,פרי גן,2010,7
1231,פרי גן,2011,5
1231,פרי גן,2012,3
1231,פרי גן,2016,3
1231,פרי גן,2017,4
1231,פרי גן,2020,2
1231,פרי גן,2021,4
1231,פרי גן,2022,5
1231,פרי גן,2023,7
1231,פרי גן,2025,3
1232,יבול,1999,2
1232,יבול,2003,2
1232,יבול,2004,9
1232,יבול,2005,11
1232,יבול,2006,9
1232,יבול,2007,2
1232,יבול,2009,3
1232,יבול,2010,9
1232,יבול,2011,3
1232,יבול,2012,3
1232,יבול,2013,1
1232,יבול,2014,1
1232,יבול,2017,6
1232,יבול,2018,4
1232,יבול,2019,18
1232,יבול,2020,21
1232,יבול,2021,7
1232,יבול,2022,1
1232,יבול,2023,9
1232,יבול,2025,4
1232,יבול,2026,3
1233,שקף,2002,1
1233,שקף,2003,4
1233,שקף,2004,3
1233,שקף,2005,2
1233,שקף,2006,3
1233,שקף,2007,9
1233,שקף,2008,6
1233,שקף,2009,4
1233,שקף,2010,1
1233,שקף,2011,1
1233,שקף,2012,2
1233,שקף,2013,1
1233,שקף,2014,1
1233,שקף,2015,2
1233,שקף,2016,29
1233,שקף,2017,38
1233,שקף,2018,2
1233,שקף,2019,3
1233,שקף,2020,2
1233,שקף,2021,4
1233,שקף,2022,7
1233,שקף,2023,3
1233,שקף,2024,2
1233,שקף,2025,3
1235,שורשים,1999,34
1235,שורשים,2000,1
1235,שורשים,2001,13
1235,שורשים,2002,2
1235,שורשים,2003,6
1235,שורשים,2004,2
1235,שורשים,2005,6
1235,שורשים,2006,2
1235,שורשים,2007,8
1235,שורשים,2008,7
1235,שורשים,2009,4
1235,שורשים,2010,2
1235,שורשים,2011,15
1235,שורשים,2012,9
1235,שורשים,2013,6
1235,שורשים,2015,23
1235,שורשים,2016,2
1235,שורשים,2017,13
1235,שורשים,2018,1
1235,שורשים,2019,1
1235,שורשים,2020,18
1235,שורשים,2021,5
1235,שורשים,2022,3
1235,שורשים,2023,6
1235,שורשים,2024,19
1235,שורשים,2025,3
1236,נירית,1998,45
1236,נירית,1999,10
1236,נירית,2000,2
1236,נירית,2001,3
1236,נירית,2002,7
1236,נירית,2004,9
1236,נירית,2005,2
1236,נירית,2006,6
1236,נירית,2007,4
1236,נירית,2008,1
1236,נירית,2009,2
1236,נירית,2010,1
1236,נירית,2011,1
1236,נירית,2012,2
1236,נירית,2014,4
1236,נירית,2015,5
1236,נירית,2016,4
1236,נירית,2017,8
1236,נירית,2018,4
1236,נירית,2019,6
1236,נירית,2020,2
1236,נירית,2021,2
1236,נירית,2022,3
1236,נירית,2023,7
1236,נירית,2024,1
1236,נירית,2025,1
1236,נירית,2026,1
1237,תלמי יוסף,2017,1
1237,תלמי יוסף,2020,1
1237,תלמי יוסף,2022,2
1237,תלמי יוסף,2023,1
1238,סופה,2016,3
1238,סופה,2020,33
1238,סופה,2021,5
1238,סופה,2022,1
1238,סופה,2023,7
1238,סופה,2024,1
1238,סופה,2026,2
1239,חולית,2024,1
1240,עין הבשור,2001,8
1240,עין הבשור,2002,40
1240,עין הבשור,2003,8
1240,עין הבשור,2004,4
1240,עין הבשור,2005,7
1240,עין הבשור,2006,4
1240,עין הבשור,2007,7
1240,עין הבשור,2009,2
1240,עין הבשור,2010,2
1240,עין הבשור,2011,1
1240,עין הבשור,2012,1
1240,עין הבשור,2013,2
1240,עין הבשור,2015,1
1240,עין הבשור,2016,1
1240,עין הבשור,2017,4
1240,עין הבשור,2018,15
1240,עין הבשור,2019,25
1240,עין הבשור,2020,14
1240,עין הבשור,2021,8
1240,עין הבשור,2022,23
1240,עין הבשור,2023,2
1240,עין הבשור,2025,1
1241,דקל,1998,4
1241,דקל,1999,4
1241,דקל,2000,3
1241,דקל,2001,5
1241,דקל,2002,2
1241,דקל,2003,5
1241,דקל,2004,5
1241,דקל,2005,2
1241,דקל,2006,6
1241,דקל,2008,2
1241,דקל,2009,17
1241,דקל,2010,5
1241,דקל,2011,8
1241,דקל,2012,7
1241,דקל,2014,3
1241,דקל,2015,9
1241,דקל,2017,8
1241,דקל,2018,5
1241,דקל,2019,26
1241,דקל,2020,18
1241,דקל,2021,28
1241,דקל,2022,3
1241,דקל,2023,5
1241,דקל,2024,2
1241,דקל,2025,7
1242,נתיב העשרה,2002,6
1242,נתיב העשרה,2010,4
1242,נתיב העשרה,2015,1
1242,נתיב העשרה,2018,1
1242,נתיב העשרה,2019,3
1242,נתיב העשרה,2020,2
1242,נתיב העשרה,2022,7
1242,נתיב העשרה,2023,3
1242,נתיב העשרה,2025,1
1242,נתיב העשרה,2026,2
1243,קציר,1998,42
1243,קציר,1999,33
1243,קציר,2000,34
1243,קציר,2001,15
1243,קציר,2002,8
1243,קציר,2003,13
1243,קציר,2004,21
1243,קציר,2005,17
1243,קציר,2006,23
1243,קציר,2007,20
1243,קציר,2008,16
1243,קציר,2009,31
1243,קציר,2010,22
1243,קציר,2011,64
1243,קציר,2012,10
1243,קציר,2013,5
1243,קציר,2014,5
1243,קציר,2015,10
1243,קציר,2016,11
1243,קציר,2017,20
1243,קציר,2018,22
1243,קציר,2019,16
1243,קציר,2020,14
1243,קציר,2021,10
1243,קציר,2022,8
1243,קציר,2023,8
1243,קציר,2024,10
1243,קציר,2025,13
1243,קציר,2026,6
1244,תמרת,1998,3
1244,תמרת,1999,2
1244,תמרת,2000,1
1244,תמרת,2001,2
1244,תמרת,2002,1
1244,תמרת,2003,7
1244,תמרת,2004,5
1244,תמרת,2005,9
1244,תמרת,2006,3
1244,תמרת,2007,9
1244,תמרת,2008,3
1244,תמרת,2009,3
1244,תמרת,2010,7
1244,תמרת,2011,6
1244,תמרת,2012,11
1244,תמרת,2013,5
1244,תמרת,2014,4
1244,תמרת,2015,7
1244,תמרת,2016,3
1244,תמרת,2017,1
1244,תמרת,2018,8
1244,תמרת,2019,8
1244,תמרת,2020,49
1244,תמרת,2021,10
1244,תמרת,2022,99
1244,תמרת,2023,6
1244,תמרת,2024,16
1244,תמרת,2025,22
1244,תמרת,2026,4
1245,סלמה,1998,2
1245,סלמה,1999,14
1245,סלמה,2000,9
1245,סלמה,2001,11
1245,סלמה,2002,16
1245,סלמה,2003,15
1245,סלמה,2004,6
1245,סלמה,2005,2
1245,סלמה,2006,1
1245,סלמה,2007,2
1245,סלמה,2008,16
1245,סלמה,2009,5
1245,סלמה,2010,7
1245,סלמה,2011,10
1245,סלמה,2012,16
1245,סלמה,2013,18
1245,סלמה,2014,13
1245,סלמה,2015,5
1245,סלמה,2016,3
1245,סלמה,2017,10
1245,סלמה,2018,7
1245,סלמה,2019,11
1245,סלמה,2020,9
1245,סלמה,2021,73
1245,סלמה,2022,5
1245,סלמה,2023,14
1245,סלמה,2024,8
1245,סלמה,2025,11
1245,סלמה,2026,1
1246,עראמשה,1998,4
1246,עראמשה,1999,1
1246,עראמשה,2000,1
1246,עראמשה,2001,7
1246,עראמשה,2002,1
1246,עראמשה,2005,1
1246,עראמשה,2006,3
1246,עראמשה,2008,1
1246,עראמשה,2009,1
1246,עראמשה,2013,3
1246,עראמשה,2014,2
1246,עראמשה,2016,1
1246,עראמשה,2018,2
1246,עראמשה,2019,5
1246,עראמשה,2020,1
1246,עראמשה,2022,4
1246,עראמשה,2023,2
1246,עראמשה,2025,1
1247,חריש,1998,4
1247,חריש,1999,2
1247,חריש,2000,7
1247,חריש,2001,4
1247,חריש,2002,7
1247,חריש,2003,4
1247,חריש,2004,2
1247,חריש,2005,6
1247,חריש,2006,16
1247,חריש,2007,30
1247,חריש,2008,40
1247,חריש,2009,40
1247,חריש,2010,43
1247,חריש,2011,53
1247,חריש,2012,133
1247,חריש,2013,529
1247,חריש,2014,665
1247,חריש,2015,1076
1247,חריש,2016,911
1247,חריש,2017,671
1247,חריש,2018,1139
1247,חריש,2019,1657
1247,חריש,2020,1377
1247,חריש,2021,1909
1247,חריש,2022,1309
1247,חריש,2023,489
1247,חריש,2024,739
1247,חריש,2025,748
1247,חריש,2026,552
1248,אליפז,2022,34
1248,אליפז,2025,5
1249,הרדוף,1999,1
1249,הרדוף,2005,1
1249,הרדוף,2006,3
1249,הרדוף,2007,1
1249,הרדוף,2008,2
1249,הרדוף,2009,1
1249,הרדוף,2010,2
1249,הרדוף,2011,1
1249,הרדוף,2012,1
1249,הרדוף,2013,3
1249,הרדוף,2014,3
1249,הרדוף,2016,2
1249,הרדוף,2017,2
1249,הרדוף,2019,1
1249,הרדוף,2020,111
1249,הרדוף,2021,4
1249,הרדוף,2022,4
1249,הרדוף,2023,3
1249,הרדוף,2024,3
1249,הרדוף,2025,16
1249,הרדוף,2026,2
1251,עין תמר,2003,1
1251,עין תמר,2004,2
1251,עין תמר,2009,1
1251,עין תמר,2010,1
1251,עין תמר,2011,3
1251,עין תמר,2012,3
1251,עין תמר,2013,3
1251,עין תמר,2015,1
1251,עין תמר,2017,1
1251,עין תמר,2018,11
1251,עין תמר,2019,2
1251,עין תמר,2021,2
1251,עין תמר,2022,3
1251,עין תמר,2024,3
1251,עין תמר,2025,3
1252,כורזים,1998,4
1252,כורזים,1999,3
1252,כורזים,2000,3
1252,כורזים,2001,2
1252,כורזים,2002,3
1252,כורזים,2003,2
1252,כורזים,2004,1
1252,כורזים,2005,3
1252,כורזים,2008,2
1252,כורזים,2009,3
1252,כורזים,2010,9
1252,כורזים,2013,3
1252,כורזים,2015,4
1252,כורזים,2016,3
1252,כורזים,2017,2
1252,כורזים,2018,1
1252,כורזים,2020,10
1252,כורזים,2021,82
1252,כורזים,2022,19
1252,כורזים,2023,23
1252,כורזים,2024,15
1252,כורזים,2025,8
1252,כורזים,2026,4
1253,אמנון,1998,1
1253,אמנון,1999,1
1253,אמנון,2000,1
1253,אמנון,2002,1
1253,אמנון,2004,4
1253,אמנון,2006,1
1253,אמנון,2007,7
1253,אמנון,2009,2
1253,אמנון,2010,5
1253,אמנון,2011,1
1253,אמנון,2012,7
1253,אמנון,2013,1
1253,אמנון,2015,1
1253,אמנון,2016,1
1253,אמנון,2017,48
1253,אמנון,2018,10
1253,אמנון,2019,11
1253,אמנון,2020,9
1253,אמנון,2021,9
1253,אמנון,2022,19
1253,אמנון,2023,2
1253,אמנון,2024,6
1253,אמנון,2025,7
1253,אמנון,2026,1
1254,נטף,2000,1
1254,נטף,2006,1
1254,נטף,2010,1
1254,נטף,2012,1
1254,נטף,2014,1
1254,נטף,2017,1
1254,נטף,2019,5
1254,נטף,2020,4
1254,נטף,2021,4
1254,נטף,2022,2
1254,נטף,2024,4
1254,נטף,2025,1
1255,לוטן,2004,1
1255,לוטן,2016,20
1255,לוטן,2017,1
1255,לוטן,2021,4
1255,לוטן,2024,18
1255,לוטן,2025,5
1256,אשרת,1999,4
1256,אשרת,2000,5
1256,אשרת,2002,7
1256,אשרת,2003,1
1256,אשרת,2004,3
1256,אשרת,2006,2
1256,אשרת,2007,3
1256,אשרת,2008,3
1256,אשרת,2009,2
1256,אשרת,2010,4
1256,אשרת,2011,40
1256,אשרת,2012,12
1256,אשרת,2013,13
1256,אשרת,2014,5
1256,אשרת,2015,6
1256,אשרת,2016,9
1256,אשרת,2017,15
1256,אשרת,2018,11
1256,אשרת,2019,23
1256,אשרת,2020,10
1256,אשרת,2021,5
1256,אשרת,2022,6
1256,אשרת,2023,2
1256,אשרת,2024,3
1256,אשרת,2025,2
1257,חנתון,2000,1
1257,חנתון,2004,15
1257,חנתון,2005,32
1257,חנתון,2006,43
1257,חנתון,2007,16
1257,חנתון,2008,24
1257,חנתון,2009,7
1257,חנתון,2010,7
1257,חנתון,2011,5
1257,חנתון,2012,14
1257,חנתון,2013,18
1257,חנתון,2014,8
1257,חנתון,2015,8
1257,חנתון,2016,2
1257,חנתון,2017,3
1257,חנתון,2018,80
1257,חנתון,2019,5
1257,חנתון,2020,5
1257,חנתון,2021,3
1257,חנתון,2022,5
1257,חנתון,2023,2
1257,חנתון,2024,2
1257,חנתון,2025,2
1258,מסד,1998,6
1258,מסד,1999,3
1258,מסד,2000,5
1258,מסד,2001,12
1258,מסד,2002,8
1258,מסד,2003,1
1258,מסד,2004,1
1258,מסד,2005,6
1258,מסד,2006,4
1258,מסד,2007,5
1258,מסד,2008,5
1258,מסד,2009,16
1258,מסד,2010,5
1258,מסד,2011,6
1258,מסד,2012,7
1258,מסד,2013,7
1258,מסד,2014,21
1258,מסד,2015,15
1258,מסד,2016,7
1258,מסד,2017,10
1258,מסד,2018,8
1258,מסד,2019,17
1258,מסד,2020,32
1258,מסד,2021,35
1258,מסד,2022,15
1258,מסד,2023,8
1258,מסד,2024,8
1258,מסד,2025,4
1258,מסד,2026,1
1259,נווה שלום,2009,1
1259,נווה שלום,2010,2
1259,נווה שלום,2012,2
1259,נווה שלום,2014,1
1259,נווה שלום,2015,2
1259,נווה שלום,2016,3
1259,נווה שלום,2018,57
1259,נווה שלום,2019,1
1259,נווה שלום,2023,1
126,שריד,1999,4
126,שריד,2000,3
126,שריד,2001,2
126,שריד,2002,1
126,שריד,2004,3
126,שריד,2005,1
126,שריד,2006,6
126,שריד,2007,6
126,שריד,2008,46
126,שריד,2009,12
126,שריד,2010,2
126,שריד,2011,2
126,שריד,2012,5
126,שריד,2014,4
126,שריד,2015,2
126,שריד,2016,5
126,שריד,2017,2
126,שריד,2018,7
126,שריד,2019,27
126,שריד,2020,2
126,שריד,2021,119
126,שריד,2022,20
126,שריד,2023,22
126,שריד,2024,11
126,שריד,2025,12
126,שריד,2026,4
1260,רתמים,2001,1
1260,רתמים,2010,1
1260,רתמים,2013,2
1260,רתמים,2015,1
1260,רתמים,2016,3
1260,רתמים,2017,84
1260,רתמים,2018,2
1260,רתמים,2019,6
1260,רתמים,2023,1
1261,הר עמשא,2011,11
1261,הר עמשא,2012,3
1261,הר עמשא,2013,2
1261,הר עמשא,2014,3
1261,הר עמשא,2017,16
1261,הר עמשא,2018,3
1261,הר עמשא,2021,1
1261,הר עמשא,2022,1
1261,הר עמשא,2024,7
1261,הר עמשא,2025,3
1261,הר עמשא,2026,20
1262,צוקים,2006,3
1262,צוקים,2007,3
1262,צוקים,2008,2
1262,צוקים,2010,11
1262,צוקים,2011,11
1262,צוקים,2013,1
1262,צוקים,2014,1
1262,צוקים,2015,1
1262,צוקים,2016,3
1262,צוקים,2017,5
1262,צוקים,2018,9
1262,צוקים,2019,3
1262,צוקים,2020,6
1262,צוקים,2021,8
1262,צוקים,2022,16
1262,צוקים,2023,15
1262,צוקים,2024,9
1262,צוקים,2026,3
1263,כפר ורדים,1998,116
1263,כפר ורדים,1999,59
1263,כפר ורדים,2000,80
1263,כפר ורדים,2001,110
1263,כפר ורדים,2002,68
1263,כפר ורדים,2003,74
1263,כפר ורדים,2004,54
1263,כפר ורדים,2005,42
1263,כפר ורדים,2006,55
1263,כפר ורדים,2007,47
1263,כפר ורדים,2008,69
1263,כפר ורדים,2009,78
1263,כפר ורדים,2010,54
1263,כפר ורדים,2011,48
1263,כפר ורדים,2012,42
1263,כפר ורדים,2013,45
1263,כפר ורדים,2014,41
1263,כפר ורדים,2015,85
1263,כפר ורדים,2016,79
1263,כפר ורדים,2017,68
1263,כפר ורדים,2018,67
1263,כפר ורדים,2019,87
1263,כפר ורדים,2020,103
1263,כפר ורדים,2021,158
1263,כפר ורדים,2022,82
1263,כפר ורדים,2023,63
1263,כפר ורדים,2024,72
1263,כפר ורדים,2025,88
1263,כפר ורדים,2026,22
1264,כרמי יוסף,1998,2
1264,כרמי יוסף,1999,4
1264,כרמי יוסף,2000,2
1264,כרמי יוסף,2001,1
1264,כרמי יוסף,2002,2
1264,כרמי יוסף,2003,2
1264,כרמי יוסף,2004,4
1264,כרמי יוסף,2005,2
1264,כרמי יוסף,2007,13
1264,כרמי יוסף,2008,11
1264,כרמי יוסף,2009,16
1264,כרמי יוסף,2010,13
1264,כרמי יוסף,2011,12
1264,כרמי יוסף,2012,17
1264,כרמי יוסף,2013,12
1264,כרמי יוסף,2014,7
1264,כרמי יוסף,2015,16
1264,כרמי יוסף,2016,17
1264,כרמי יוסף,2017,16
1264,כרמי יוסף,2018,28
1264,כרמי יוסף,2019,20
1264,כרמי יוסף,2020,16
1264,כרמי יוסף,2021,24
1264,כרמי יוסף,2022,10
1264,כרמי יוסף,2023,4
1264,כרמי יוסף,2024,7
1264,כרמי יוסף,2025,15
1264,כרמי יוסף,2026,5
1265,שומריה,2011,1
1265,שומריה,2016,1
1265,שומריה,2019,1
1265,שומריה,2021,1
1265,שומריה,2022,2
1266,שחרות,2007,1
1266,שחרות,2024,1
1268,מיתר,1998,48
1268,מיתר,1999,45
1268,מיתר,2000,22
1268,מיתר,2001,14
1268,מיתר,2002,27
1268,מיתר,2003,24
1268,מיתר,2004,34
1268,מיתר,2005,32
1268,מיתר,2006,33
1268,מיתר,2007,45
1268,מיתר,2008,39
1268,מיתר,2009,27
1268,מיתר,2010,127
1268,מיתר,2011,62
1268,מיתר,2012,199
1268,מיתר,2013,184
1268,מיתר,2014,284
1268,מיתר,2015,185
1268,מיתר,2016,125
1268,מיתר,2017,162
1268,מיתר,2018,98
1268,מיתר,2019,118
1268,מיתר,2020,177
1268,מיתר,2021,444
1268,מיתר,2022,249
1268,מיתר,2023,244
1268,מיתר,2024,102
1268,מיתר,2025,188
1268,מיתר,2026,70
127,רמת רחל,1998,1
127,רמת רחל,2001,1
127,רמת רחל,2002,1
127,רמת רחל,2004,1
127,רמת רחל,2008,3
127,רמת רחל,2009,2
127,רמת רחל,2010,2
127,רמת רחל,2012,2
127,רמת רחל,2013,1
127,רמת רחל,2015,1
127,רמת רחל,2018,2
127,רמת רחל,2019,1
127,רמת רחל,2021,1
127,רמת רחל,2023,5
1271,להבים,1998,14
1271,להבים,1999,12
1271,להבים,2000,15
1271,להבים,2001,9
1271,להבים,2002,13
1271,להבים,2003,14
1271,להבים,2004,10
1271,להבים,2005,13
1271,להבים,2006,129
1271,להבים,2007,13
1271,להבים,2008,102
1271,להבים,2009,65
1271,להבים,2010,47
1271,להבים,2011,36
1271,להבים,2012,49
1271,להבים,2013,34
1271,להבים,2014,234
1271,להבים,2015,287
1271,להבים,2016,223
1271,להבים,2017,79
1271,להבים,2018,87
1271,להבים,2019,68
1271,להבים,2020,89
1271,להבים,2021,127
1271,להבים,2022,76
1271,להבים,2023,59
1271,להבים,2024,61
1271,להבים,2025,103
1271,להבים,2026,50
1272,חלוץ,1998,4
1272,חלוץ,1999,8
1272,חלוץ,2000,6
1272,חלוץ,2001,3
1272,חלוץ,2002,2
1272,חלוץ,2003,3
1272,חלוץ,2004,6
1272,חלוץ,2005,2
1272,חלוץ,2006,2
1272,חלוץ,2007,2
1272,חלוץ,2008,10
1272,חלוץ,2009,4
1272,חלוץ,2010,4
1272,חלוץ,2011,8
1272,חלוץ,2012,19
1272,חלוץ,2013,6
1272,חלוץ,2014,6
1272,חלוץ,2015,1
1272,חלוץ,2016,21
1272,חלוץ,2017,9
1272,חלוץ,2018,8
1272,חלוץ,2019,4
1272,חלוץ,2020,2
1272,חלוץ,2021,2
1272,חלוץ,2022,2
1272,חלוץ,2023,20
1272,חלוץ,2024,4
1272,חלוץ,2025,4
1272,חלוץ,2026,1
1274,גן נר,1998,70
1274,גן נר,1999,66
1274,גן נר,2000,19
1274,גן נר,2001,12
1274,גן נר,2002,12
1274,גן נר,2003,10
1274,גן נר,2004,14
1274,גן נר,2005,18
1274,גן נר,2006,7
1274,גן נר,2007,21
1274,גן נר,2008,21
1274,גן נר,2009,22
1274,גן נר,2010,43
1274,גן נר,2011,37
1274,גן נר,2012,43
1274,גן נר,2013,40
1274,גן נר,2014,37
1274,גן נר,2015,25
1274,גן נר,2016,23
1274,גן נר,2017,15
1274,גן נר,2018,21
1274,גן נר,2019,20
1274,גן נר,2020,14
1274,גן נר,2021,23
1274,גן נר,2022,13
1274,גן נר,2023,12
1274,גן נר,2024,6
1274,גן נר,2025,7
1274,גן נר,2026,4
1275,אבטליון,1998,2
1275,אבטליון,1999,6
1275,אבטליון,2000,3
1275,אבטליון,2001,8
1275,אבטליון,2002,6
1275,אבטליון,2003,10
1275,אבטליון,2004,3
1275,אבטליון,2005,13
1275,אבטליון,2006,9
1275,אבטליון,2007,5
1275,אבטליון,2008,10
1275,אבטליון,2009,6
1275,אבטליון,2010,13
1275,אבטליון,2011,18
1275,אבטליון,2012,16
1275,אבטליון,2013,16
1275,אבטליון,2014,7
1275,אבטליון,2015,14
1275,אבטליון,2016,15
1275,אבטליון,2017,11
1275,אבטליון,2018,7
1275,אבטליון,2019,4
1275,אבטליון,2020,8
1275,אבטליון,2021,12
1275,אבטליון,2022,3
1275,אבטליון,2024,11
1275,אבטליון,2025,1
1275,אבטליון,2026,4
1278,באר מילכה,2017,8
1278,באר מילכה,2021,1
1278,באר מילכה,2022,3
1278,באר מילכה,2023,4
1278,באר מילכה,2024,1
1278,באר מילכה,2026,1
1279,נווה חריף,2000,2
1279,נווה חריף,2001,1
1279,נווה חריף,2002,1
1279,נווה חריף,2005,1
128,גת רימון,1999,1
128,גת רימון,2002,1
128,גת רימון,2004,1
128,גת רימון,2005,3
128,גת רימון,2006,5
128,גת רימון,2007,2
128,גת רימון,2014,4
128,גת רימון,2015,1
128,גת רימון,2021,8
128,גת רימון,2022,11
128,גת רימון,2023,3
128,גת רימון,2024,1
128,גת רימון,2025,1
1280,ניצני סיני,1998,4
1280,ניצני סיני,2000,2
1280,ניצני סיני,2003,4
1280,ניצני סיני,2006,1
1280,ניצני סיני,2007,1
1280,ניצני סיני,2009,3
1280,ניצני סיני,2010,1
1280,ניצני סיני,2011,1
1280,ניצני סיני,2013,1
1280,ניצני סיני,2014,1
1280,ניצני סיני,2015,1
1280,ניצני סיני,2016,3
1280,ניצני סיני,2017,4
1280,ניצני סיני,2019,1
1280,ניצני סיני,2020,3
1280,ניצני סיני,2021,3
1280,ניצני סיני,2023,4
1280,ניצני סיני,2024,3
1280,ניצני סיני,2025,2
1280,ניצני סיני,2026,1
1282,מירב,1999,1
1282,מירב,2000,7
1282,מירב,2006,1
1282,מירב,2007,3
1282,מירב,2008,4
1282,מירב,2009,3
1282,מירב,2010,4
1282,מירב,2011,2
1282,מירב,2012,11
1282,מירב,2013,2
1282,מירב,2014,2
1282,מירב,2016,1
1282,מירב,2017,1
1282,מירב,2018,3
1282,מירב,2019,9
1282,מירב,2020,1
1282,מירב,2021,7
1282,מירב,2022,3
1282,מירב,2025,1
1283,תל תאומים,1998,2
1283,תל תאומים,2000,3
1283,תל תאומים,2004,3
1283,תל תאומים,2005,3
1283,תל תאומים,2007,3
1283,תל תאומים,2008,1
1283,תל תאומים,2009,2
1283,תל תאומים,2010,6
1283,תל תאומים,2011,2
1283,תל תאומים,2013,1
1283,תל תאומים,2015,5
1283,תל תאומים,2017,11
1283,תל תאומים,2018,5
1283,תל תאומים,2019,3
1283,תל תאומים,2020,16
1283,תל תאומים,2021,7
1283,תל תאומים,2022,4
1283,תל תאומים,2023,1
1283,תל תאומים,2024,3
1283,תל תאומים,2025,6
1283,תל תאומים,2026,1
1284,נופית,1998,109
1284,נופית,1999,35
1284,נופית,2000,79
1284,נופית,2001,26
1284,נופית,2002,21
1284,נופית,2003,25
1284,נופית,2004,18
1284,נופית,2005,21
1284,נופית,2006,11
1284,נופית,2007,28
1284,נופית,2008,20
1284,נופית,2009,27
1284,נופית,2010,17
1284,נופית,2011,12
1284,נופית,2012,10
1284,נופית,2013,22
1284,נופית,2014,8
1284,נופית,2015,8
1284,נופית,2016,5
1284,נופית,2017,4
1284,נופית,2018,12
1284,נופית,2019,14
1284,נופית,2020,11
1284,נופית,2021,41
1284,נופית,2022,13
1284,נופית,2023,12
1284,נופית,2024,25
1284,נופית,2025,21
1284,נופית,2026,9
1285,כרכום,1998,1
1285,כרכום,1999,3
1285,כרכום,2004,1
1285,כרכום,2006,3
1285,כרכום,2007,2
1285,כרכום,2008,2
1285,כרכום,2009,3
1285,כרכום,2010,1
1285,כרכום,2011,2
1285,כרכום,2012,2
1285,כרכום,2013,2
1285,כרכום,2016,4
1285,כרכום,2017,5
1285,כרכום,2018,3
1285,כרכום,2020,6
1285,כרכום,2021,1
1285,כרכום,2022,4
1285,כרכום,2025,1
1286,שגב-שלום,1998,42
1286,שגב-שלום,1999,59
1286,שגב-שלום,2000,34
1286,שגב-שלום,2001,18
1286,שגב-שלום,2002,24
1286,שגב-שלום,2003,36
1286,שגב-שלום,2004,36
1286,שגב-שלום,2005,36
1286,שגב-שלום,2006,31
1286,שגב-שלום,2007,43
1286,שגב-שלום,2008,15
1286,שגב-שלום,2009,20
1286,שגב-שלום,2010,44
1286,שגב-שלום,2011,71
1286,שגב-שלום,2012,69
1286,שגב-שלום,2013,120
1286,שגב-שלום,2014,39
1286,שגב-שלום,2015,59
1286,שגב-שלום,2016,69
1286,שגב-שלום,2017,80
1286,שגב-שלום,2018,61
1286,שגב-שלום,2019,27
1286,שגב-שלום,2020,18
1286,שגב-שלום,2021,15
1286,שגב-שלום,2022,41
1286,שגב-שלום,2023,26
1286,שגב-שלום,2024,8
1286,שגב-שלום,2025,16
1286,שגב-שלום,2026,3
1287,שני,2001,1
1287,שני,2009,2
1287,שני,2013,1
1287,שני,2015,1
1287,שני,2016,2
1287,שני,2017,2
1287,שני,2019,2
1287,שני,2020,1
1287,שני,2021,6
1287,שני,2022,2
1287,שני,2023,7
1287,שני,2024,2
1287,שני,2025,2
1287,שני,2026,2
1288,גבעת אלה,1998,11
1288,גבעת אלה,1999,2
1288,גבעת אלה,2000,3
1288,גבעת אלה,2001,2
1288,גבעת אלה,2002,4
1288,גבעת אלה,2003,10
1288,גבעת אלה,2004,5
1288,גבעת אלה,2005,7
1288,גבעת אלה,2006,7
1288,גבעת אלה,2007,6
1288,גבעת אלה,2008,33
1288,גבעת אלה,2009,20
1288,גבעת אלה,2010,18
1288,גבעת אלה,2011,15
1288,גבעת אלה,2012,21
1288,גבעת אלה,2013,6
1288,גבעת אלה,2014,2
1288,גבעת אלה,2015,6
1288,גבעת אלה,2016,18
1288,גבעת אלה,2017,8
1288,גבעת אלה,2018,11
1288,גבעת אלה,2019,16
1288,גבעת אלה,2020,3
1288,גבעת אלה,2021,18
1288,גבעת אלה,2022,11
1288,גבעת אלה,2023,18
1288,גבעת אלה,2024,7
1288,גבעת אלה,2025,11
1288,גבעת אלה,2026,2
1290,זמר,1999,1
1290,זמר,2001,3
1290,זמר,2002,2
1290,זמר,2003,8
1290,זמר,2004,1
1290,זמר,2005,1
1290,זמר,2006,1
1290,זמר,2007,7
1290,זמר,2008,2
1290,זמר,2009,4
1290,זמר,2010,4
1290,זמר,2011,3
1290,זמר,2012,3
1290,זמר,2013,3
1290,זמר,2014,4
1290,זמר,2015,3
1290,זמר,2016,5
1290,זמר,2017,13
1290,זמר,2018,32
1290,זמר,2019,49
1290,זמר,2020,22
1290,זמר,2021,40
1290,זמר,2022,39
1290,זמר,2023,37
1290,זמר,2024,45
1290,זמר,2025,54
1290,זמר,2026,45
1291,כמהין,2013,4
1291,כמהין,2025,5
1291,כמהין,2026,3
1292,ג'דיידה-מכר,1998,35
1292,ג'דיידה-מכר,1999,20
1292,ג'דיידה-מכר,2000,30
1292,ג'דיידה-מכר,2001,29
1292,ג'דיידה-מכר,2002,29
1292,ג'דיידה-מכר,2003,33
1292,ג'דיידה-מכר,2004,30
1292,ג'דיידה-מכר,2005,21
1292,ג'דיידה-מכר,2006,38
1292,ג'דיידה-מכר,2007,62
1292,ג'דיידה-מכר,2008,43
1292,ג'דיידה-מכר,2009,50
1292,ג'דיידה-מכר,2010,48
1292,ג'דיידה-מכר,2011,44
1292,ג'דיידה-מכר,2012,48
1292,ג'דיידה-מכר,2013,54
1292,ג'דיידה-מכר,2014,73
1292,ג'דיידה-מכר,2015,59
1292,ג'דיידה-מכר,2016,52
1292,ג'דיידה-מכר,2017,57
1292,ג'דיידה-מכר,2018,66
1292,ג'דיידה-מכר,2019,62
1292,ג'דיידה-מכר,2020,68
1292,ג'דיידה-מכר,2021,109
1292,ג'דיידה-מכר,2022,83
1292,ג'דיידה-מכר,2023,127
1292,ג'דיידה-מכר,2024,98
1292,ג'דיידה-מכר,2025,135
1292,ג'דיידה-מכר,2026,31
1293,גבעת אבני,1998,28
1293,גבעת אבני,1999,12
1293,גבעת אבני,2000,26
1293,גבעת אבני,2001,13
1293,גבעת אבני,2002,19
1293,גבעת אבני,2003,3
1293,גבעת אבני,2004,17
1293,גבעת אבני,2005,20
1293,גבעת אבני,2006,16
1293,גבעת אבני,2007,24
1293,גבעת אבני,2008,18
1293,גבעת אבני,2009,19
1293,גבעת אבני,2010,12
1293,גבעת אבני,2011,13
1293,גבעת אבני,2012,8
1293,גבעת אבני,2013,7
1293,גבעת אבני,2014,7
1293,גבעת אבני,2015,6
1293,גבעת אבני,2016,10
1293,גבעת אבני,2017,76
1293,גבעת אבני,2018,10
1293,גבעת אבני,2019,8
1293,גבעת אבני,2020,12
1293,גבעת אבני,2021,13
1293,גבעת אבני,2022,10
1293,גבעת אבני,2023,13
1293,גבעת אבני,2024,13
1293,גבעת אבני,2025,9
1293,גבעת אבני,2026,3
1294,אור הגנוז,2002,2
1294,אור הגנוז,2014,1
1294,אור הגנוז,2020,1
1294,אור הגנוז,2021,4
1294,אור הגנוז,2022,3
1294,אור הגנוז,2023,3
1295,יאנוח-ג'ת,1998,2
1295,יאנוח-ג'ת,1999,1
1295,יאנוח-ג'ת,2000,2
1295,יאנוח-ג'ת,2002,1
1295,יאנוח-ג'ת,2003,1
1295,יאנוח-ג'ת,2006,2
1295,יאנוח-ג'ת,2007,1
1295,יאנוח-ג'ת,2008,1
1295,יאנוח-ג'ת,2009,1
1295,יאנוח-ג'ת,2010,1
1295,יאנוח-ג'ת,2011,5
1295,יאנוח-ג'ת,2012,5
1295,יאנוח-ג'ת,2013,5
1295,יאנוח-ג'ת,2014,15
1295,יאנוח-ג'ת,2015,8
1295,יאנוח-ג'ת,2016,5
1295,יאנוח-ג'ת,2017,5
1295,יאנוח-ג'ת,2018,41
1295,יאנוח-ג'ת,2019,52
1295,יאנוח-ג'ת,2020,67
1295,יאנוח-ג'ת,2021,39
1295,יאנוח-ג'ת,2022,52
1295,יאנוח-ג'ת,2023,98
1295,יאנוח-ג'ת,2024,85
1295,יאנוח-ג'ת,2025,98
1295,יאנוח-ג'ת,2026,25
1296,כסרא-סמיע,1998,19
1296,כסרא-סמיע,1999,11
1296,כסרא-סמיע,2001,26
1296,כסרא-סמיע,2002,5
1296,כסרא-סמיע,2003,14
1296,כסרא-סמיע,2004,8
1296,כסרא-סמיע,2005,6
1296,כסרא-סמיע,2006,18
1296,כסרא-סמיע,2007,8
1296,כסרא-סמיע,2008,15
1296,כסרא-סמיע,2009,8
1296,כסרא-סמיע,2010,5
1296,כסרא-סמיע,2011,1
1296,כסרא-סמיע,2012,11
1296,כסרא-סמיע,2013,16
1296,כסרא-סמיע,2014,10
1296,כסרא-סמיע,2015,9
1296,כסרא-סמיע,2016,9
1296,כסרא-סמיע,2017,30
1296,כסרא-סמיע,2018,21
1296,כסרא-סמיע,2019,33
1296,כסרא-סמיע,2020,29
1296,כסרא-סמיע,2021,34
1296,כסרא-סמיע,2022,65
1296,כסרא-סמיע,2023,59
1296,כסרא-סמיע,2024,63
1296,כסרא-סמיע,2025,37
1296,כסרא-סמיע,2026,4
1297,כפר חנניה,1999,2
1297,כפר חנניה,2000,2
1297,כפר חנניה,2002,16
1297,כפר חנניה,2004,2
1297,כפר חנניה,2005,1
1297,כפר חנניה,2006,1
1297,כפר חנניה,2007,1
1297,כפר חנניה,2008,13
1297,כפר חנניה,2009,9
1297,כפר חנניה,2010,1
1297,כפר חנניה,2011,7
1297,כפר חנניה,2012,1
1297,כפר חנניה,2013,9
1297,כפר חנניה,2014,4
1297,כפר חנניה,2015,6
1297,כפר חנניה,2016,2
1297,כפר חנניה,2017,4
1297,כפר חנניה,2018,6
1297,כפר חנניה,2019,9
1297,כפר חנניה,2020,5
1297,כפר חנניה,2021,4
1297,כפר חנניה,2023,2
13,חצבה,1998,2
13,חצבה,1999,5
13,חצבה,2000,3
13,חצבה,2003,3
13,חצבה,2004,9
13,חצבה,2005,5
13,חצבה,2006,6
13,חצבה,2007,2
13,חצבה,2008,1
13,חצבה,2009,5
13,חצבה,2010,2
13,חצבה,2011,1
13,חצבה,2012,1
13,חצבה,2013,2
13,חצבה,2014,1
13,חצבה,2016,4
13,חצבה,2017,1
13,חצבה,2018,13
13,חצבה,2019,4
13,חצבה,2020,28
13,חצבה,2021,13
13,חצבה,2022,12
13,חצבה,2023,12
13,חצבה,2024,8
13,חצבה,2025,5
13,חצבה,2026,1
130,משמר העמק,1998,5
130,משמר העמק,1999,2
130,משמר העמק,2000,8
130,משמר העמק,2001,4
130,משמר העמק,2002,1
130,משמר העמק,2003,25
130,משמר העמק,2004,23
130,משמר העמק,2005,101
130,משמר העמק,2006,133
130,משמר העמק,2007,32
130,משמר העמק,2008,30
130,משמר העמק,2009,19
130,משמר העמק,2010,13
130,משמר העמק,2011,15
130,משמר העמק,2012,16
130,משמר העמק,2013,121
130,משמר העמק,2014,21
130,משמר העמק,2015,178
130,משמר העמק,2016,58
130,משמר העמק,2017,38
130,משמר העמק,2018,7
130,משמר העמק,2019,3
130,משמר העמק,2020,12
130,משמר העמק,2021,8
130,משמר העמק,2022,12
130,משמר העמק,2023,99
130,משמר העמק,2024,2
130,משמר העמק,2025,10
1303,חורה,1998,1
1303,חורה,2000,2
1303,חורה,2002,2
1303,חורה,2003,3
1303,חורה,2004,1
1303,חורה,2005,3
1303,חורה,2007,5
1303,חורה,2008,2
1303,חורה,2009,1
1303,חורה,2010,1
1303,חורה,2011,2
1303,חורה,2012,1
1303,חורה,2013,4
1303,חורה,2014,5
1303,חורה,2015,5
1303,חורה,2016,2
1303,חורה,2017,20
1303,חורה,2018,8
1303,חורה,2019,18
1303,חורה,2020,7
1303,חורה,2021,6
1303,חורה,2022,3
1303,חורה,2023,10
1303,חורה,2024,11
1303,חורה,2025,19
1303,חורה,2026,1
1304,שוהם,1998,270
1304,שוהם,1999,425
1304,שוהם,2000,358
1304,שוהם,2001,228
1304,שוהם,2002,180
1304,שוהם,2003,161
1304,שוהם,2004,175
1304,שוהם,2005,183
1304,שוהם,2006,229
1304,שוהם,2007,312
1304,שוהם,2008,285
1304,שוהם,2009,341
1304,שוהם,2010,221
1304,שוהם,2011,127
1304,שוהם,2012,218
1304,שוהם,2013,222
1304,שוהם,2014,214
1304,שוהם,2015,272
1304,שוהם,2016,185
1304,שוהם,2017,183
1304,שוהם,2018,406
1304,שוהם,2019,647
1304,שוהם,2020,373
1304,שוהם,2021,627
1304,שוהם,2022,241
1304,שוהם,2023,162
1304,שוהם,2024,203
1304,שוהם,2025,163
1304,שוהם,2026,68
1309,אלעד,1998,402
1309,אלעד,1999,1430
1309,אלעד,2000,581
1309,אלעד,2001,597
1309,אלעד,2002,702
1309,אלעד,2003,535
1309,אלעד,2004,648
1309,אלעד,2005,604
1309,אלעד,2006,520
1309,אלעד,2007,611
1309,אלעד,2008,406
1309,אלעד,2009,532
1309,אלעד,2010,411
1309,אלעד,2011,279
1309,אלעד,2012,298
1309,אלעד,2013,382
1309,אלעד,2014,370
1309,אלעד,2015,447
1309,אלעד,2016,352
1309,אלעד,2017,275
1309,אלעד,2018,313
1309,אלעד,2019,234
1309,אלעד,2020,209
1309,אלעד,2021,334
1309,אלעד,2022,280
1309,אלעד,2023,323
1309,אלעד,2024,867
1309,אלעד,2025,953
1309,אלעד,2026,663
1310,לפיד,1998,19
1310,לפיד,1999,20
1310,לפיד,2000,19
1310,לפיד,2001,13
1310,לפיד,2002,9
1310,לפיד,2003,16
1310,לפיד,2004,24
1310,לפיד,2005,21
1310,לפיד,2006,17
1310,לפיד,2007,19
1310,לפיד,2008,20
1310,לפיד,2009,20
1310,לפיד,2010,18
1310,לפיד,2011,13
1310,לפיד,2012,8
1310,לפיד,2013,11
1310,לפיד,2014,28
1310,לפיד,2015,34
1310,לפיד,2016,6
1310,לפיד,2017,15
1310,לפיד,2018,12
1310,לפיד,2019,16
1310,לפיד,2020,18
1310,לפיד,2021,10
1310,לפיד,2022,7
1310,לפיד,2023,12
1310,לפיד,2024,10
1310,לפיד,2025,7
1310,לפיד,2026,2
1311,אבשלום,2004,2
1311,אבשלום,2011,1
1311,אבשלום,2012,4
1311,אבשלום,2013,7
1311,אבשלום,2014,3
1311,אבשלום,2015,7
1311,אבשלום,2016,2
1311,אבשלום,2018,3
1311,אבשלום,2019,3
1311,אבשלום,2020,5
1311,אבשלום,2021,4
1311,אבשלום,2022,9
1311,אבשלום,2023,12
1311,אבשלום,2024,1
1311,אבשלום,2025,2
1311,אבשלום,2026,3
1313,פוריה עילית,1998,18
1313,פוריה עילית,1999,12
1313,פוריה עילית,2000,13
1313,פוריה עילית,2001,22
1313,פוריה עילית,2002,18
1313,פוריה עילית,2003,17
1313,פוריה עילית,2004,11
1313,פוריה עילית,2005,10
1313,פוריה עילית,2006,12
1313,פוריה עילית,2007,14
1313,פוריה עילית,2008,15
1313,פוריה עילית,2009,32
1313,פוריה עילית,2010,20
1313,פוריה עילית,2011,34
1313,פוריה עילית,2012,46
1313,פוריה עילית,2013,16
1313,פוריה עילית,2014,49
1313,פוריה עילית,2015,42
1313,פוריה עילית,2016,53
1313,פוריה עילית,2017,47
1313,פוריה עילית,2018,47
1313,פוריה עילית,2019,33
1313,פוריה עילית,2020,45
1313,פוריה עילית,2021,58
1313,פוריה עילית,2022,30
1313,פוריה עילית,2023,44
1313,פוריה עילית,2024,28
1313,פוריה עילית,2025,23
1313,פוריה עילית,2026,9
1314,נווה זיו,2005,1
1314,נווה זיו,2006,2
1314,נווה זיו,2007,3
1314,נווה זיו,2009,2
1314,נווה זיו,2010,3
1314,נווה זיו,2011,3
1314,נווה זיו,2012,5
1314,נווה זיו,2013,7
1314,נווה זיו,2014,4
1314,נווה זיו,2015,5
1314,נווה זיו,2016,2
1314,נווה זיו,2017,2
1314,נווה זיו,2018,2
1314,נווה זיו,2019,3
1314,נווה זיו,2020,24
1314,נווה זיו,2021,44
1314,נווה זיו,2022,5
1314,נווה זיו,2023,4
1314,נווה זיו,2024,4
1314,נווה זיו,2025,7
1314,נווה זיו,2026,2
1315,מתן,1998,23
1315,מתן,1999,17
1315,מתן,2000,22
1315,מתן,2001,11
1315,מתן,2002,18
1315,מתן,2003,20
1315,מתן,2004,9
1315,מתן,2005,10
1315,מתן,2006,21
1315,מתן,2007,15
1315,מתן,2008,11
1315,מתן,2009,22
1315,מתן,2010,24
1315,מתן,2011,13
1315,מתן,2012,9
1315,מתן,2013,17
1315,מתן,2014,18
1315,מתן,2015,22
1315,מתן,2016,22
1315,מתן,2017,18
1315,מתן,2018,29
1315,מתן,2019,23
1315,מתן,2020,21
1315,מתן,2021,18
1315,מתן,2022,29
1315,מתן,2023,16
1315,מתן,2024,12
1315,מתן,2025,8
1315,מתן,2026,8
1317,דמיידה,2002,1
1317,דמיידה,2004,1
1317,דמיידה,2005,2
1317,דמיידה,2006,1
1317,דמיידה,2017,2
1317,דמיידה,2021,9
1317,דמיידה,2022,3
1317,דמיידה,2023,2
1317,דמיידה,2024,2
1317,דמיידה,2025,6
1317,דמיידה,2026,2
1319,בת חפר,1998,6
1319,בת חפר,1999,8
1319,בת חפר,2000,5
1319,בת חפר,2001,1
1319,בת חפר,2002,3
1319,בת חפר,2003,10
1319,בת חפר,2004,49
1319,בת חפר,2005,75
1319,בת חפר,2006,93
1319,בת חפר,2007,203
1319,בת חפר,2008,44
1319,בת חפר,2009,40
1319,בת חפר,2010,50
1319,בת חפר,2011,40
1319,בת חפר,2012,45
1319,בת חפר,2013,52
1319,בת חפר,2014,44
1319,בת חפר,2015,42
1319,בת חפר,2016,51
1319,בת חפר,2017,36
1319,בת חפר,2018,22
1319,בת חפר,2019,40
1319,בת חפר,2020,62
1319,בת חפר,2021,107
1319,בת חפר,2022,63
1319,בת חפר,2023,101
1319,בת חפר,2024,82
1319,בת חפר,2025,19
1319,בת חפר,2026,9
132,כפר ברוך,2002,1
132,כפר ברוך,2004,3
132,כפר ברוך,2005,3
132,כפר ברוך,2006,15
132,כפר ברוך,2007,2
132,כפר ברוך,2008,15
132,כפר ברוך,2009,13
132,כפר ברוך,2010,4
132,כפר ברוך,2011,5
132,כפר ברוך,2012,5
132,כפר ברוך,2013,3
132,כפר ברוך,2014,1
132,כפר ברוך,2015,2
132,כפר ברוך,2017,3
132,כפר ברוך,2018,31
132,כפר ברוך,2019,7
132,כפר ברוך,2020,3
132,כפר ברוך,2021,5
132,כפר ברוך,2022,9
132,כפר ברוך,2023,10
132,כפר ברוך,2024,5
132,כפר ברוך,2025,9
132,כפר ברוך,2026,5
1320,עין חוד,2008,1
1320,עין חוד,2016,2
1320,עין חוד,2019,3
1321,ח'ואלד,2018,1
1321,ח'ואלד,2021,2
1321,ח'ואלד,2023,2
1321,ח'ואלד,2024,1
1321,ח'ואלד,2026,1
1323,בת הדר,2001,1
1323,בת הדר,2004,2
1323,בת הדר,2005,6
1323,בת הדר,2006,15
1323,בת הדר,2011,17
1323,בת הדר,2012,8
1323,בת הדר,2013,6
1323,בת הדר,2014,9
1323,בת הדר,2015,18
1323,בת הדר,2016,5
1323,בת הדר,2017,9
1323,בת הדר,2018,4
1323,בת הדר,2019,2
1323,בת הדר,2020,4
1323,בת הדר,2021,12
1323,בת הדר,2022,6
1323,בת הדר,2024,2
1323,בת הדר,2025,1
1324,ארסוף,2000,2
1324,ארסוף,2001,11
1324,ארסוף,2002,2
1324,ארסוף,2006,1
1324,ארסוף,2017,2
1324,ארסוף,2020,6
1324,ארסוף,2021,18
1324,ארסוף,2022,5
1324,ארסוף,2023,4
1324,ארסוף,2024,6
1324,ארסוף,2025,7
1324,ארסוף,2026,1
1326,"בסמ""ה",2001,3
1326,"בסמ""ה",2003,3
1326,"בסמ""ה",2006,1
1326,"בסמ""ה",2007,4
1326,"בסמ""ה",2008,2
1326,"בסמ""ה",2009,1
1326,"בסמ""ה",2010,2
1326,"בסמ""ה",2011,3
1326,"בסמ""ה",2012,7
1326,"בסמ""ה",2013,5
1326,"בסמ""ה",2014,5
1326,"בסמ""ה",2015,3
1326,"בסמ""ה",2016,1
1326,"בסמ""ה",2017,3
1326,"בסמ""ה",2018,38
1326,"בסמ""ה",2019,21
1326,"בסמ""ה",2020,34
1326,"בסמ""ה",2021,21
1326,"בסמ""ה",2022,14
1326,"בסמ""ה",2023,15
1326,"בסמ""ה",2024,28
1326,"בסמ""ה",2025,47
1326,"בסמ""ה",2026,26
1327,מעלה עירון,1999,4
1327,מעלה עירון,2000,1
1327,מעלה עירון,2001,5
1327,מעלה עירון,2002,9
1327,מעלה עירון,2003,4
1327,מעלה עירון,2004,3
1327,מעלה עירון,2005,2
1327,מעלה עירון,2007,3
1327,מעלה עירון,2008,1
1327,מעלה עירון,2009,6
1327,מעלה עירון,2010,2
1327,מעלה עירון,2011,3
1327,מעלה עירון,2012,2
1327,מעלה עירון,2013,2
1327,מעלה עירון,2014,2
1327,מעלה עירון,2015,5
1327,מעלה עירון,2016,1
1327,מעלה עירון,2017,17
1327,מעלה עירון,2018,88
1327,מעלה עירון,2019,72
1327,מעלה עירון,2020,51
1327,מעלה עירון,2021,35
1327,מעלה עירון,2022,76
1327,מעלה עירון,2023,65
1327,מעלה עירון,2024,62
1327,מעלה עירון,2025,76
1327,מעלה עירון,2026,53
133,גבת,2009,26
133,גבת,2010,11
133,גבת,2012,2
133,גבת,2013,2
133,גבת,2014,1
133,גבת,2017,52
133,גבת,2018,33
133,גבת,2019,33
133,גבת,2020,30
133,גבת,2021,53
133,גבת,2022,372
133,גבת,2023,22
133,גבת,2024,2
133,גבת,2025,11
133,גבת,2026,12
1330,אחוזת ברק,2004,1
1330,אחוזת ברק,2006,4
1330,אחוזת ברק,2007,2
1330,אחוזת ברק,2008,8
1330,אחוזת ברק,2009,6
1330,אחוזת ברק,2010,6
1330,אחוזת ברק,2011,7
1330,אחוזת ברק,2012,13
1330,אחוזת ברק,2013,6
1330,אחוזת ברק,2014,4
1330,אחוזת ברק,2015,4
1330,אחוזת ברק,2016,7
1330,אחוזת ברק,2017,5
1330,אחוזת ברק,2018,17
1330,אחוזת ברק,2019,14
1330,אחוזת ברק,2020,12
1330,אחוזת ברק,2021,18
1330,אחוזת ברק,2022,5
1330,אחוזת ברק,2023,4
1330,אחוזת ברק,2024,7
1330,אחוזת ברק,2025,21
1330,אחוזת ברק,2026,2
1331,כמאנה,2019,104
1331,כמאנה,2020,6
1331,כמאנה,2021,3
1331,כמאנה,2022,56
1331,כמאנה,2023,4
1331,כמאנה,2024,1
1331,כמאנה,2025,6
1332,חוסנייה,2016,1
1332,חוסנייה,2023,1
1332,חוסנייה,2024,4
1332,חוסנייה,2025,3
1333,נוף איילון,1998,2
1333,נוף איילון,1999,1
1333,נוף איילון,2002,2
1333,נוף איילון,2004,2
1333,נוף איילון,2005,1
1333,נוף איילון,2007,1
1333,נוף איילון,2009,2
1333,נוף איילון,2010,10
1333,נוף איילון,2011,4
1333,נוף איילון,2012,1
1333,נוף איילון,2013,3
1333,נוף איילון,2014,3
1333,נוף איילון,2015,3
1333,נוף איילון,2016,1
1333,נוף איילון,2017,4
1333,נוף איילון,2018,13
1333,נוף איילון,2019,7
1333,נוף איילון,2020,6
1333,נוף איילון,2021,12
1333,נוף איילון,2022,7
1333,נוף איילון,2023,2
1333,נוף איילון,2024,8
1333,נוף איילון,2025,13
1333,נוף איילון,2026,1
1334,ראס אל-עין,2022,2
1334,ראס אל-עין,2024,2
1336,אירוס,1998,2
1336,אירוס,1999,2
1336,אירוס,2000,5
1336,אירוס,2001,1
1336,אירוס,2002,1
1336,אירוס,2005,1
1336,אירוס,2010,1
1336,אירוס,2014,8
1336,אירוס,2015,20
1336,אירוס,2016,12
1336,אירוס,2017,18
1336,אירוס,2018,12
1336,אירוס,2019,12
1336,אירוס,2020,34
1336,אירוס,2021,43
1336,אירוס,2022,22
1336,אירוס,2023,6
1336,אירוס,2024,21
1336,אירוס,2025,20
1336,אירוס,2026,9
1337,שמשית,1998,251
1337,שמשית,1999,33
1337,שמשית,2000,19
1337,שמשית,2001,6
1337,שמשית,2002,15
1337,שמשית,2003,9
1337,שמשית,2004,13
1337,שמשית,2005,13
1337,שמשית,2006,9
1337,שמשית,2007,7
1337,שמשית,2008,13
1337,שמשית,2009,12
1337,שמשית,2010,14
1337,שמשית,2011,12
1337,שמשית,2012,11
1337,שמשית,2013,15
1337,שמשית,2014,12
1337,שמשית,2015,18
1337,שמשית,2016,5
1337,שמשית,2017,6
1337,שמשית,2018,8
1337,שמשית,2019,21
1337,שמשית,2020,15
1337,שמשית,2021,15
1337,שמשית,2022,5
1337,שמשית,2023,8
1337,שמשית,2024,3
1337,שמשית,2025,6
1337,שמשית,2026,2
134,יפעת,2009,3
134,יפעת,2010,10
134,יפעת,2011,5
134,יפעת,2012,3
134,יפעת,2013,36
134,יפעת,2016,64
134,יפעת,2017,78
134,יפעת,2018,2
134,יפעת,2019,4
134,יפעת,2021,3
134,יפעת,2022,3
134,יפעת,2023,44
134,יפעת,2024,3
134,יפעת,2025,24
134,יפעת,2026,5
1340,מרחב עם,2009,1
1340,מרחב עם,2010,13
1340,מרחב עם,2011,15
1340,מרחב עם,2012,11
1340,מרחב עם,2013,2
1340,מרחב עם,2014,2
1340,מרחב עם,2015,4
1340,מרחב עם,2016,3
1340,מרחב עם,2017,13
1340,מרחב עם,2018,4
1340,מרחב עם,2019,5
1340,מרחב עם,2020,3
1340,מרחב עם,2021,5
1340,מרחב עם,2022,2
1340,מרחב עם,2023,11
1340,מרחב עם,2024,1
1340,מרחב עם,2025,6
1340,מרחב עם,2026,2
1342,אבו קרינאת )יישוב(,2015,1
1342,אבו קרינאת )יישוב(,2018,1
1342,אבו קרינאת )יישוב(,2019,1
1342,אבו קרינאת )יישוב(,2020,1
1342,אבו קרינאת )יישוב(,2021,2
1342,אבו קרינאת )יישוב(,2023,1
1342,אבו קרינאת )יישוב(,2025,1
1342,אבו קרינאת )יישוב(,2026,1
1343,מכחול,2013,1
1343,מכחול,2015,1
1343,מכחול,2016,17
1343,מכחול,2017,13
1343,מכחול,2018,1
1343,מכחול,2019,8
1343,מכחול,2024,1
1344,גבעות בר,2005,7
1344,גבעות בר,2007,1
1344,גבעות בר,2010,47
1344,גבעות בר,2011,59
1344,גבעות בר,2012,10
1344,גבעות בר,2013,13
1344,גבעות בר,2014,11
1344,גבעות בר,2015,78
1344,גבעות בר,2016,4
1344,גבעות בר,2017,16
1344,גבעות בר,2018,4
1344,גבעות בר,2019,6
1344,גבעות בר,2020,6
1344,גבעות בר,2021,13
1344,גבעות בר,2022,6
1344,גבעות בר,2023,2
1344,גבעות בר,2024,1
1344,גבעות בר,2025,7
1344,גבעות בר,2026,2
1345,צור יצחק,2000,1
1345,צור יצחק,2008,33
1345,צור יצחק,2009,112
1345,צור יצחק,2010,61
1345,צור יצחק,2011,24
1345,צור יצחק,2012,17
1345,צור יצחק,2013,44
1345,צור יצחק,2014,41
1345,צור יצחק,2015,91
1345,צור יצחק,2016,132
1345,צור יצחק,2017,70
1345,צור יצחק,2018,130
1345,צור יצחק,2019,151
1345,צור יצחק,2020,124
1345,צור יצחק,2021,287
1345,צור יצחק,2022,127
1345,צור יצחק,2023,52
1345,צור יצחק,2024,79
1345,צור יצחק,2025,113
1345,צור יצחק,2026,51
1346,תראבין א-צאנע)ישוב(,2021,1
1346,תראבין א-צאנע)ישוב(,2022,1
1346,תראבין א-צאנע)ישוב(,2024,1
1348,ביר הדאג',2006,3
1348,ביר הדאג',2007,1
1348,ביר הדאג',2008,1
1348,ביר הדאג',2009,1
1348,ביר הדאג',2010,3
1348,ביר הדאג',2011,1
1348,ביר הדאג',2012,1
1348,ביר הדאג',2014,3
1348,ביר הדאג',2015,1
1348,ביר הדאג',2017,3
1348,ביר הדאג',2018,1
1348,ביר הדאג',2019,1
1348,ביר הדאג',2022,1
1349,דריג'את,2013,5
1349,דריג'את,2014,1
1349,דריג'את,2015,1
1349,דריג'את,2018,8
1349,דריג'את,2019,2
135,רמת דוד,2008,3
135,רמת דוד,2010,7
135,רמת דוד,2011,1
135,רמת דוד,2016,75
135,רמת דוד,2017,46
135,רמת דוד,2019,5
135,רמת דוד,2020,3
135,רמת דוד,2022,16
135,רמת דוד,2023,1
135,רמת דוד,2024,6
135,רמת דוד,2025,19
135,רמת דוד,2026,7
1358,אום בטין,2015,1
1358,אום בטין,2022,1
1358,אום בטין,2025,3
1358,אום בטין,2026,5
1359,אל סייד,2013,1
1359,אל סייד,2017,3
1359,אל סייד,2018,4
1359,אל סייד,2019,3
1359,אל סייד,2023,1
1359,אל סייד,2024,1
1359,אל סייד,2025,2
1361,בת חן,2018,1
1361,בת חן,2019,2
1361,בת חן,2020,3
1361,בת חן,2021,3
1361,בת חן,2025,3
1362,גבעות עדן,2022,3
1362,גבעות עדן,2023,1
1362,גבעות עדן,2025,3
1362,גבעות עדן,2026,2
1363,בני נצרים,2008,1
1363,בני נצרים,2009,2
1363,בני נצרים,2010,7
1363,בני נצרים,2011,2
1363,בני נצרים,2015,1
1363,בני נצרים,2016,4
1363,בני נצרים,2017,6
1363,בני נצרים,2018,2
1363,בני נצרים,2019,4
1363,בני נצרים,2020,7
1363,בני נצרים,2021,3
1363,בני נצרים,2022,3
1363,בני נצרים,2023,3
1363,בני נצרים,2024,2
1363,בני נצרים,2025,2
1363,בני נצרים,2026,6
1364,שלומית,2020,2
1364,שלומית,2021,4
1364,שלומית,2022,5
1364,שלומית,2023,28
1364,שלומית,2024,1
1364,שלומית,2025,4
1365,אליאב,2020,3
1365,אליאב,2021,5
1365,אליאב,2022,1
1365,אליאב,2023,2
1365,אליאב,2024,1
1366,נוה,2009,46
1366,נוה,2010,7
1366,נוה,2011,2
1366,נוה,2012,1
1366,נוה,2013,7
1366,נוה,2016,2
1366,נוה,2017,12
1366,נוה,2018,3
1366,נוה,2019,13
1366,נוה,2020,2
1366,נוה,2021,1
1366,נוה,2022,5
1366,נוה,2023,5
1366,נוה,2024,5
1366,נוה,2025,1
1367,כחלה,2024,1
1368,בני דקלים,2018,1
1368,בני דקלים,2019,46
1368,בני דקלים,2020,20
1368,בני דקלים,2021,41
1368,בני דקלים,2022,38
1368,בני דקלים,2024,7
1368,בני דקלים,2025,5
1368,בני דקלים,2026,4
1369,נטע,2020,1
1369,נטע,2021,1
1369,נטע,2022,1
1369,נטע,2024,12
1369,נטע,2025,7
1369,נטע,2026,1
1371,גני טל,2013,1
1371,גני טל,2015,1
1371,גני טל,2017,2
1371,גני טל,2018,8
1371,גני טל,2019,6
1371,גני טל,2020,3
1371,גני טל,2021,2
1371,גני טל,2022,2
1371,גני טל,2023,2
1371,גני טל,2024,3
1371,גני טל,2025,1
1372,נצר חזני,2016,1
1372,נצר חזני,2017,1
1372,נצר חזני,2018,1
1372,נצר חזני,2019,1
1372,נצר חזני,2020,2
1372,נצר חזני,2024,1
1372,נצר חזני,2025,2
1374,כרמי קטיף,2020,20
1374,כרמי קטיף,2021,13
1374,כרמי קטיף,2022,17
1374,כרמי קטיף,2023,8
1374,כרמי קטיף,2025,1
1375,אבו תלול,2021,1
1375,אבו תלול,2024,1
1375,אבו תלול,2025,1
1375,אבו תלול,2026,1
1376,באר גנים,2007,2
1376,באר גנים,2010,1
1376,באר גנים,2012,1
1376,באר גנים,2017,4
1376,באר גנים,2018,19
1376,באר גנים,2019,12
1376,באר גנים,2020,20
1376,באר גנים,2021,19
1376,באר גנים,2022,9
1376,באר גנים,2023,5
1376,באר גנים,2024,8
1376,באר גנים,2025,17
1377,שבי דרום,2020,3
1377,שבי דרום,2021,1
1377,שבי דרום,2022,1
1377,שבי דרום,2026,1
1378,שיזף,2022,1
1378,שיזף,2025,3
139,עין שמר,1998,2
139,עין שמר,1999,1
139,עין שמר,2001,2
139,עין שמר,2002,2
139,עין שמר,2003,2
139,עין שמר,2004,3
139,עין שמר,2005,2
139,עין שמר,2007,4
139,עין שמר,2011,2
139,עין שמר,2012,2
139,עין שמר,2013,2
139,עין שמר,2014,2
139,עין שמר,2015,1
139,עין שמר,2016,5
139,עין שמר,2017,4
139,עין שמר,2018,8
139,עין שמר,2019,43
139,עין שמר,2020,14
139,עין שמר,2021,8
139,עין שמר,2022,5
139,עין שמר,2023,239
139,עין שמר,2024,22
139,עין שמר,2025,3
139,עין שמר,2026,5
140,כפר יהושע,1998,1
140,כפר יהושע,2000,8
140,כפר יהושע,2001,4
140,כפר יהושע,2002,31
140,כפר יהושע,2003,13
140,כפר יהושע,2004,11
140,כפר יהושע,2005,16
140,כפר יהושע,2006,7
140,כפר יהושע,2007,12
140,כפר יהושע,2008,9
140,כפר יהושע,2009,4
140,כפר יהושע,2010,5
140,כפר יהושע,2011,2
140,כפר יהושע,2012,2
140,כפר יהושע,2013,9
140,כפר יהושע,2014,21
140,כפר יהושע,2015,10
140,כפר יהושע,2016,7
140,כפר יהושע,2017,6
140,כפר יהושע,2018,8
140,כפר יהושע,2019,7
140,כפר יהושע,2020,22
140,כפר יהושע,2021,9
140,כפר יהושע,2022,11
140,כפר יהושע,2023,6
140,כפר יהושע,2024,5
140,כפר יהושע,2025,4
141,ברק,2001,6
141,ברק,2002,1
141,ברק,2003,4
141,ברק,2004,4
141,ברק,2006,3
141,ברק,2008,4
141,ברק,2013,1
141,ברק,2014,1
141,ברק,2015,3
141,ברק,2016,3
141,ברק,2017,4
141,ברק,2019,9
141,ברק,2020,48
141,ברק,2021,11
141,ברק,2022,9
141,ברק,2023,10
141,ברק,2024,5
141,ברק,2025,10
1419,ניצן ב',2024,1
142,שדה יעקב,1999,3
142,שדה יעקב,2001,3
142,שדה יעקב,2002,6
142,שדה יעקב,2003,2
142,שדה יעקב,2004,5
142,שדה יעקב,2005,9
142,שדה יעקב,2006,2
142,שדה יעקב,2007,16
142,שדה יעקב,2008,15
142,שדה יעקב,2009,2
142,שדה יעקב,2010,6
142,שדה יעקב,2011,6
142,שדה יעקב,2012,5
142,שדה יעקב,2013,7
142,שדה יעקב,2014,4
142,שדה יעקב,2015,3
142,שדה יעקב,2018,5
142,שדה יעקב,2019,3
142,שדה יעקב,2020,4
142,שדה יעקב,2021,8
142,שדה יעקב,2022,5
142,שדה יעקב,2023,7
142,שדה יעקב,2024,4
142,שדה יעקב,2025,1
143,בית זרע,2000,4
143,בית זרע,2002,2
143,בית זרע,2008,1
143,בית זרע,2014,1
143,בית זרע,2016,2
143,בית זרע,2017,1
143,בית זרע,2018,14
143,בית זרע,2019,4
143,בית זרע,2021,8
143,בית זרע,2022,32
143,בית זרע,2023,53
143,בית זרע,2024,9
143,בית זרע,2025,6
143,בית זרע,2026,1
144,גן שלמה,1998,4
144,גן שלמה,1999,23
144,גן שלמה,2000,21
144,גן שלמה,2001,17
144,גן שלמה,2002,11
144,גן שלמה,2003,5
144,גן שלמה,2004,10
144,גן שלמה,2005,4
144,גן שלמה,2006,14
144,גן שלמה,2007,11
144,גן שלמה,2008,17
144,גן שלמה,2009,11
144,גן שלמה,2010,11
144,גן שלמה,2011,2
144,גן שלמה,2012,5
144,גן שלמה,2013,8
144,גן שלמה,2014,5
144,גן שלמה,2015,6
144,גן שלמה,2016,9
144,גן שלמה,2017,9
144,גן שלמה,2018,1
144,גן שלמה,2019,138
144,גן שלמה,2020,11
144,גן שלמה,2021,1
144,גן שלמה,2022,8
144,גן שלמה,2023,10
144,גן שלמה,2024,12
144,גן שלמה,2025,3
145,גדיש,1998,5
145,גדיש,1999,9
145,גדיש,2000,1
145,גדיש,2001,3
145,גדיש,2002,1
145,גדיש,2003,2
145,גדיש,2007,2
145,גדיש,2010,2
145,גדיש,2015,2
145,גדיש,2018,5
145,גדיש,2019,2
145,גדיש,2020,2
145,גדיש,2021,2
145,גדיש,2022,3
145,גדיש,2023,4
145,גדיש,2024,6
145,גדיש,2025,45
145,גדיש,2026,1
146,דבורה,1998,1
146,דבורה,2000,1
146,דבורה,2002,4
146,דבורה,2003,1
146,דבורה,2004,1
146,דבורה,2005,3
146,דבורה,2006,1
146,דבורה,2007,2
146,דבורה,2008,3
146,דבורה,2009,4
146,דבורה,2010,1
146,דבורה,2011,3
146,דבורה,2012,3
146,דבורה,2013,2
146,דבורה,2014,11
146,דבורה,2015,10
146,דבורה,2016,1
146,דבורה,2018,1
146,דבורה,2019,1
146,דבורה,2021,4
146,דבורה,2022,10
146,דבורה,2023,3
146,דבורה,2024,9
146,דבורה,2025,3
147,גבעת ברנר,1998,1
147,גבעת ברנר,1999,2
147,גבעת ברנר,2000,3
147,גבעת ברנר,2001,26
147,גבעת ברנר,2002,20
147,גבעת ברנר,2003,1
147,גבעת ברנר,2004,1
147,גבעת ברנר,2005,4
147,גבעת ברנר,2006,26
147,גבעת ברנר,2007,99
147,גבעת ברנר,2008,75
147,גבעת ברנר,2009,13
147,גבעת ברנר,2010,16
147,גבעת ברנר,2011,12
147,גבעת ברנר,2012,13
147,גבעת ברנר,2013,20
147,גבעת ברנר,2014,16
147,גבעת ברנר,2015,8
147,גבעת ברנר,2016,14
147,גבעת ברנר,2017,18
147,גבעת ברנר,2018,18
147,גבעת ברנר,2019,5
147,גבעת ברנר,2020,10
147,גבעת ברנר,2021,263
147,גבעת ברנר,2022,9
147,גבעת ברנר,2023,8
147,גבעת ברנר,2024,24
147,גבעת ברנר,2025,9
15,נועם,2012,3
15,נועם,2023,1
154,תל מונד,1998,243
154,תל מונד,1999,259
154,תל מונד,2000,150
154,תל מונד,2001,185
154,תל מונד,2002,176
154,תל מונד,2003,148
154,תל מונד,2004,190
154,תל מונד,2005,182
154,תל מונד,2006,166
154,תל מונד,2007,178
154,תל מונד,2008,130
154,תל מונד,2009,147
154,תל מונד,2010,201
154,תל מונד,2011,130
154,תל מונד,2012,142
154,תל מונד,2013,122
154,תל מונד,2014,275
154,תל מונד,2015,194
154,תל מונד,2016,234
154,תל מונד,2017,158
154,תל מונד,2018,186
154,תל מונד,2019,253
154,תל מונד,2020,310
154,תל מונד,2021,377
154,תל מונד,2022,176
154,תל מונד,2023,87
154,תל מונד,2024,217
154,תל מונד,2025,157
154,תל מונד,2026,94
155,באר טוביה,1998,11
155,באר טוביה,1999,8
155,באר טוביה,2000,4
155,באר טוביה,2001,8
155,באר טוביה,2002,10
155,באר טוביה,2003,10
155,באר טוביה,2004,10
155,באר טוביה,2005,23
155,באר טוביה,2006,23
155,באר טוביה,2007,17
155,באר טוביה,2008,15
155,באר טוביה,2009,12
155,באר טוביה,2010,20
155,באר טוביה,2011,12
155,באר טוביה,2012,51
155,באר טוביה,2013,11
155,באר טוביה,2014,74
155,באר טוביה,2015,102
155,באר טוביה,2016,24
155,באר טוביה,2017,9
155,באר טוביה,2018,14
155,באר טוביה,2019,18
155,באר טוביה,2020,18
155,באר טוביה,2021,23
155,באר טוביה,2022,18
155,באר טוביה,2023,20
155,באר טוביה,2024,24
155,באר טוביה,2025,28
155,באר טוביה,2026,2
156,עיינות,2001,1
156,עיינות,2002,2
156,עיינות,2006,5
156,עיינות,2008,4
156,עיינות,2014,1
156,עיינות,2020,2
156,עיינות,2021,1
156,עיינות,2022,1
156,עיינות,2023,1
157,עין ורד,1998,3
157,עין ורד,1999,3
157,עין ורד,2000,2
157,עין ורד,2001,4
157,עין ורד,2002,66
157,עין ורד,2003,3
157,עין ורד,2004,9
157,עין ורד,2005,19
157,עין ורד,2006,13
157,עין ורד,2007,9
157,עין ורד,2008,4
157,עין ורד,2009,51
157,עין ורד,2010,8
157,עין ורד,2011,1
157,עין ורד,2012,8
157,עין ורד,2013,2
157,עין ורד,2014,8
157,עין ורד,2015,2
157,עין ורד,2016,8
157,עין ורד,2017,3
157,עין ורד,2018,11
157,עין ורד,2019,1
157,עין ורד,2020,10
157,עין ורד,2021,17
157,עין ורד,2022,12
157,עין ורד,2023,2
157,עין ורד,2024,3
157,עין ורד,2025,5
158,נען,1998,1
158,נען,1999,2
158,נען,2002,1
158,נען,2003,1
158,נען,2007,2
158,נען,2008,2
158,נען,2009,3
158,נען,2010,1
158,נען,2011,3
158,נען,2012,8
158,נען,2013,1
158,נען,2014,1
158,נען,2016,1
158,נען,2020,210
158,נען,2021,109
158,נען,2022,14
158,נען,2023,32
158,נען,2024,42
158,נען,2025,444
158,נען,2026,82
159,בית חנן,1998,8
159,בית חנן,1999,12
159,בית חנן,2000,7
159,בית חנן,2001,6
159,בית חנן,2002,5
159,בית חנן,2003,4
159,בית חנן,2004,5
159,בית חנן,2005,10
159,בית חנן,2006,12
159,בית חנן,2007,15
159,בית חנן,2008,41
159,בית חנן,2009,20
159,בית חנן,2010,39
159,בית חנן,2011,38
159,בית חנן,2012,39
159,בית חנן,2013,38
159,בית חנן,2014,35
159,בית חנן,2015,19
159,בית חנן,2016,5
159,בית חנן,2017,10
159,בית חנן,2018,3
159,בית חנן,2019,4
159,בית חנן,2020,6
159,בית חנן,2021,14
159,בית חנן,2022,14
159,בית חנן,2023,14
159,בית חנן,2024,14
159,בית חנן,2025,9
159,בית חנן,2026,1
16,בית ניר,2001,2
16,בית ניר,2002,1
16,בית ניר,2003,2
16,בית ניר,2005,2
16,בית ניר,2007,1
16,בית ניר,2008,20
16,בית ניר,2009,18
16,בית ניר,2010,16
16,בית ניר,2011,4
16,בית ניר,2012,7
16,בית ניר,2013,91
16,בית ניר,2014,3
16,בית ניר,2016,1
16,בית ניר,2017,13
16,בית ניר,2018,2
16,בית ניר,2019,1
16,בית ניר,2020,27
16,בית ניר,2021,86
16,בית ניר,2022,17
16,בית ניר,2023,7
16,בית ניר,2024,2
16,בית ניר,2025,1
16,בית ניר,2026,5
160,חולדה,2010,110
160,חולדה,2011,4
160,חולדה,2012,1
160,חולדה,2013,3
160,חולדה,2014,4
160,חולדה,2015,5
160,חולדה,2016,16
160,חולדה,2017,8
160,חולדה,2018,46
160,חולדה,2019,7
160,חולדה,2020,35
160,חולדה,2021,14
160,חולדה,2022,2
160,חולדה,2023,5
160,חולדה,2024,4
160,חולדה,2025,3
162,חירות,1998,7
162,חירות,1999,3
162,חירות,2000,2
162,חירות,2001,5
162,חירות,2002,6
162,חירות,2003,13
162,חירות,2004,34
162,חירות,2005,8
162,חירות,2006,4
162,חירות,2007,2
162,חירות,2008,1
162,חירות,2009,4
162,חירות,2010,2
162,חירות,2011,1
162,חירות,2012,3
162,חירות,2013,5
162,חירות,2014,12
162,חירות,2015,12
162,חירות,2016,6
162,חירות,2018,1
162,חירות,2019,4
162,חירות,2021,4
162,חירות,2022,2
162,חירות,2023,4
162,חירות,2024,5
162,חירות,2025,12
163,תימורים,1998,23
163,תימורים,1999,7
163,תימורים,2000,11
163,תימורים,2001,15
163,תימורים,2002,7
163,תימורים,2003,1
163,תימורים,2004,18
163,תימורים,2005,18
163,תימורים,2006,10
163,תימורים,2007,11
163,תימורים,2008,6
163,תימורים,2009,4
163,תימורים,2010,6
163,תימורים,2011,9
163,תימורים,2012,4
163,תימורים,2013,9
163,תימורים,2014,6
163,תימורים,2015,4
163,תימורים,2016,5
163,תימורים,2017,5
163,תימורים,2018,8
163,תימורים,2019,12
163,תימורים,2020,9
163,תימורים,2021,3
163,תימורים,2022,4
163,תימורים,2023,7
163,תימורים,2024,3
163,תימורים,2025,10
164,מלאה,1998,4
164,מלאה,1999,5
164,מלאה,2000,7
164,מלאה,2001,7
164,מלאה,2002,3
164,מלאה,2003,10
164,מלאה,2004,1
164,מלאה,2006,2
164,מלאה,2008,2
164,מלאה,2009,2
164,מלאה,2010,3
164,מלאה,2011,1
164,מלאה,2013,2
164,מלאה,2015,1
164,מלאה,2018,2
164,מלאה,2022,1
164,מלאה,2025,1
165,ניר יפה,2001,20
165,ניר יפה,2002,15
165,ניר יפה,2003,11
165,ניר יפה,2004,7
165,ניר יפה,2005,4
165,ניר יפה,2006,1
165,ניר יפה,2007,7
165,ניר יפה,2008,6
165,ניר יפה,2009,4
165,ניר יפה,2010,3
165,ניר יפה,2011,3
165,ניר יפה,2012,2
165,ניר יפה,2013,3
165,ניר יפה,2014,9
165,ניר יפה,2015,3
165,ניר יפה,2016,1
165,ניר יפה,2018,1
165,ניר יפה,2019,4
165,ניר יפה,2020,5
165,ניר יפה,2021,5
165,ניר יפה,2022,3
165,ניר יפה,2023,1
165,ניר יפה,2024,1
165,ניר יפה,2025,1
165,ניר יפה,2026,1
166,גן יבנה,1998,195
166,גן יבנה,1999,285
166,גן יבנה,2000,245
166,גן יבנה,2001,263
166,גן יבנה,2002,268
166,גן יבנה,2003,247
166,גן יבנה,2004,349
166,גן יבנה,2005,461
166,גן יבנה,2006,413
166,גן יבנה,2007,538
166,גן יבנה,2008,463
166,גן יבנה,2009,398
166,גן יבנה,2010,339
166,גן יבנה,2011,263
166,גן יבנה,2012,288
166,גן יבנה,2013,341
166,גן יבנה,2014,315
166,גן יבנה,2015,384
166,גן יבנה,2016,305
166,גן יבנה,2017,242
166,גן יבנה,2018,225
166,גן יבנה,2019,218
166,גן יבנה,2020,326
166,גן יבנה,2021,867
166,גן יבנה,2022,450
166,גן יבנה,2023,238
166,גן יבנה,2024,249
166,גן יבנה,2025,220
166,גן יבנה,2026,76
167,עין החורש,1999,5
167,עין החורש,2000,1
167,עין החורש,2002,4
167,עין החורש,2003,3
167,עין החורש,2004,1
167,עין החורש,2005,5
167,עין החורש,2006,2
167,עין החורש,2007,2
167,עין החורש,2008,1
167,עין החורש,2009,1
167,עין החורש,2010,2
167,עין החורש,2011,1
167,עין החורש,2015,1
167,עין החורש,2020,1
167,עין החורש,2022,6
167,עין החורש,2024,2
167,עין החורש,2025,46
167,עין החורש,2026,9
168,כפר יונה,1998,319
168,כפר יונה,1999,288
168,כפר יונה,2000,280
168,כפר יונה,2001,255
168,כפר יונה,2002,312
168,כפר יונה,2003,269
168,כפר יונה,2004,378
168,כפר יונה,2005,385
168,כפר יונה,2006,513
168,כפר יונה,2007,660
168,כפר יונה,2008,475
168,כפר יונה,2009,422
168,כפר יונה,2010,384
168,כפר יונה,2011,299
168,כפר יונה,2012,361
168,כפר יונה,2013,378
168,כפר יונה,2014,359
168,כפר יונה,2015,394
168,כפר יונה,2016,613
168,כפר יונה,2017,490
168,כפר יונה,2018,312
168,כפר יונה,2019,388
168,כפר יונה,2020,432
168,כפר יונה,2021,595
168,כפר יונה,2022,342
168,כפר יונה,2023,218
168,כפר יונה,2024,363
168,כפר יונה,2025,253
168,כפר יונה,2026,121
170,כפר יעבץ,1998,2
170,כפר יעבץ,1999,2
170,כפר יעבץ,2000,3
170,כפר יעבץ,2001,3
170,כפר יעבץ,2002,2
170,כפר יעבץ,2004,2
170,כפר יעבץ,2006,24
170,כפר יעבץ,2007,29
170,כפר יעבץ,2008,14
170,כפר יעבץ,2009,9
170,כפר יעבץ,2010,12
170,כפר יעבץ,2011,5
170,כפר יעבץ,2012,5
170,כפר יעבץ,2013,6
170,כפר יעבץ,2014,3
170,כפר יעבץ,2015,6
170,כפר יעבץ,2016,7
170,כפר יעבץ,2017,4
170,כפר יעבץ,2019,1
170,כפר יעבץ,2020,5
170,כפר יעבץ,2021,14
170,כפר יעבץ,2022,18
170,כפר יעבץ,2023,24
170,כפר יעבץ,2024,10
170,כפר יעבץ,2025,19
170,כפר יעבץ,2026,5
171,פרדסיה,1998,30
171,פרדסיה,1999,36
171,פרדסיה,2000,28
171,פרדסיה,2001,31
171,פרדסיה,2002,34
171,פרדסיה,2003,18
171,פרדסיה,2004,33
171,פרדסיה,2005,35
171,פרדסיה,2006,27
171,פרדסיה,2007,46
171,פרדסיה,2008,33
171,פרדסיה,2009,32
171,פרדסיה,2010,37
171,פרדסיה,2011,31
171,פרדסיה,2012,37
171,פרדסיה,2013,50
171,פרדסיה,2014,47
171,פרדסיה,2015,81
171,פרדסיה,2016,86
171,פרדסיה,2017,110
171,פרדסיה,2018,123
171,פרדסיה,2019,65
171,פרדסיה,2020,120
171,פרדסיה,2021,149
171,פרדסיה,2022,72
171,פרדסיה,2023,9
171,פרדסיה,2024,62
171,פרדסיה,2025,48
171,פרדסיה,2026,18
173,גבעת חיים )מאוחד(,2002,1
173,גבעת חיים )מאוחד(,2005,5
173,גבעת חיים )מאוחד(,2008,2
173,גבעת חיים )מאוחד(,2009,6
173,גבעת חיים )מאוחד(,2011,1
173,גבעת חיים )מאוחד(,2012,8
173,גבעת חיים )מאוחד(,2013,1
173,גבעת חיים )מאוחד(,2014,8
173,גבעת חיים )מאוחד(,2015,2
173,גבעת חיים )מאוחד(,2016,6
173,גבעת חיים )מאוחד(,2017,2
173,גבעת חיים )מאוחד(,2018,1
173,גבעת חיים )מאוחד(,2019,1
173,גבעת חיים )מאוחד(,2020,1
173,גבעת חיים )מאוחד(,2021,7
173,גבעת חיים )מאוחד(,2022,2
173,גבעת חיים )מאוחד(,2023,2
173,גבעת חיים )מאוחד(,2024,2
173,גבעת חיים )מאוחד(,2026,1
174,נטעים,1998,4
174,נטעים,1999,6
174,נטעים,2000,3
174,נטעים,2001,6
174,נטעים,2002,4
174,נטעים,2003,9
174,נטעים,2004,1
174,נטעים,2005,4
174,נטעים,2006,22
174,נטעים,2007,22
174,נטעים,2008,8
174,נטעים,2009,13
174,נטעים,2010,9
174,נטעים,2011,3
174,נטעים,2012,1
174,נטעים,2013,3
174,נטעים,2014,8
174,נטעים,2015,10
174,נטעים,2016,5
174,נטעים,2017,2
174,נטעים,2018,4
174,נטעים,2019,5
174,נטעים,2020,2
174,נטעים,2021,17
174,נטעים,2022,5
174,נטעים,2023,11
174,נטעים,2024,3
174,נטעים,2025,4
174,נטעים,2026,1
175,אביחיל,1998,3
175,אביחיל,1999,44
175,אביחיל,2000,6
175,אביחיל,2001,5
175,אביחיל,2002,8
175,אביחיל,2003,11
175,אביחיל,2004,18
175,אביחיל,2005,10
175,אביחיל,2006,9
175,אביחיל,2007,6
175,אביחיל,2008,6
175,אביחיל,2009,6
175,אביחיל,2010,8
175,אביחיל,2011,8
175,אביחיל,2012,1
175,אביחיל,2013,10
175,אביחיל,2014,5
175,אביחיל,2015,16
175,אביחיל,2016,9
175,אביחיל,2017,5
175,אביחיל,2018,14
175,אביחיל,2019,3
175,אביחיל,2020,4
175,אביחיל,2021,3
175,אביחיל,2022,10
175,אביחיל,2023,7
175,אביחיל,2024,9
175,אביחיל,2025,9
175,אביחיל,2026,8
176,אפיקים,2002,3
176,אפיקים,2006,2
176,אפיקים,2008,1
176,אפיקים,2012,1
176,אפיקים,2013,1
176,אפיקים,2015,1
176,אפיקים,2016,3
176,אפיקים,2017,1
176,אפיקים,2019,2
176,אפיקים,2020,13
176,אפיקים,2021,15
176,אפיקים,2022,6
176,אפיקים,2023,22
176,אפיקים,2024,47
176,אפיקים,2025,45
176,אפיקים,2026,15
177,"כפר ביל""ו",1998,12
177,"כפר ביל""ו",1999,10
177,"כפר ביל""ו",2000,11
177,"כפר ביל""ו",2001,5
177,"כפר ביל""ו",2002,5
177,"כפר ביל""ו",2003,6
177,"כפר ביל""ו",2004,6
177,"כפר ביל""ו",2005,2
177,"כפר ביל""ו",2006,5
177,"כפר ביל""ו",2007,6
177,"כפר ביל""ו",2008,4
177,"כפר ביל""ו",2009,6
177,"כפר ביל""ו",2010,4
177,"כפר ביל""ו",2011,1
177,"כפר ביל""ו",2012,2
177,"כפר ביל""ו",2013,18
177,"כפר ביל""ו",2014,6
177,"כפר ביל""ו",2015,10
177,"כפר ביל""ו",2016,11
177,"כפר ביל""ו",2017,5
177,"כפר ביל""ו",2018,10
177,"כפר ביל""ו",2019,3
177,"כפר ביל""ו",2020,3
177,"כפר ביל""ו",2021,6
177,"כפר ביל""ו",2022,3
177,"כפר ביל""ו",2023,11
177,"כפר ביל""ו",2024,8
177,"כפר ביל""ו",2025,12
178,רמת יוחנן,2001,3
178,רמת יוחנן,2014,1
178,רמת יוחנן,2018,1
178,רמת יוחנן,2019,1
178,רמת יוחנן,2021,1
178,רמת יוחנן,2022,1
178,רמת יוחנן,2023,1
178,רמת יוחנן,2024,1
178,רמת יוחנן,2026,1
18,שדה משה,1998,54
18,שדה משה,1999,3
18,שדה משה,2000,6
18,שדה משה,2001,10
18,שדה משה,2002,11
18,שדה משה,2003,4
18,שדה משה,2004,10
18,שדה משה,2005,16
18,שדה משה,2006,16
18,שדה משה,2007,21
18,שדה משה,2008,9
18,שדה משה,2009,8
18,שדה משה,2010,10
18,שדה משה,2011,4
18,שדה משה,2012,1
18,שדה משה,2013,10
18,שדה משה,2014,3
18,שדה משה,2015,6
18,שדה משה,2016,4
18,שדה משה,2017,17
18,שדה משה,2018,2
18,שדה משה,2019,2
18,שדה משה,2020,4
18,שדה משה,2021,15
18,שדה משה,2022,8
18,שדה משה,2023,4
18,שדה משה,2024,7
18,שדה משה,2025,4
18,שדה משה,2026,2
182,אבן יהודה,1998,113
182,אבן יהודה,1999,164
182,אבן יהודה,2000,155
182,אבן יהודה,2001,111
182,אבן יהודה,2002,113
182,אבן יהודה,2003,130
182,אבן יהודה,2004,164
182,אבן יהודה,2005,162
182,אבן יהודה,2006,160
182,אבן יהודה,2007,237
182,אבן יהודה,2008,226
182,אבן יהודה,2009,237
182,אבן יהודה,2010,215
182,אבן יהודה,2011,147
182,אבן יהודה,2012,145
182,אבן יהודה,2013,189
182,אבן יהודה,2014,198
182,אבן יהודה,2015,239
182,אבן יהודה,2016,170
182,אבן יהודה,2017,175
182,אבן יהודה,2018,114
182,אבן יהודה,2019,204
182,אבן יהודה,2020,212
182,אבן יהודה,2021,440
182,אבן יהודה,2022,287
182,אבן יהודה,2023,144
182,אבן יהודה,2024,377
182,אבן יהודה,2025,231
182,אבן יהודה,2026,68
183,ירקונה,1999,8
183,ירקונה,2001,5
183,ירקונה,2007,4
183,ירקונה,2008,1
183,ירקונה,2013,2
183,ירקונה,2016,3
183,ירקונה,2017,2
183,ירקונה,2018,3
183,ירקונה,2019,1
183,ירקונה,2020,1
183,ירקונה,2024,1
184,רמת הכובש,1998,1
184,רמת הכובש,2002,2
184,רמת הכובש,2005,2
184,רמת הכובש,2007,1
184,רמת הכובש,2010,1
184,רמת הכובש,2013,2
184,רמת הכובש,2019,1
184,רמת הכובש,2023,1
184,רמת הכובש,2024,1
187,כפר הס,1998,16
187,כפר הס,1999,10
187,כפר הס,2000,11
187,כפר הס,2001,10
187,כפר הס,2002,8
187,כפר הס,2003,12
187,כפר הס,2004,10
187,כפר הס,2005,11
187,כפר הס,2006,8
187,כפר הס,2007,2
187,כפר הס,2008,4
187,כפר הס,2009,9
187,כפר הס,2010,5
187,כפר הס,2011,8
187,כפר הס,2012,3
187,כפר הס,2014,6
187,כפר הס,2015,4
187,כפר הס,2016,12
187,כפר הס,2017,8
187,כפר הס,2018,9
187,כפר הס,2019,10
187,כפר הס,2020,16
187,כפר הס,2021,10
187,כפר הס,2022,3
187,כפר הס,2023,5
187,כפר הס,2024,15
187,כפר הס,2025,6
188,אשדות יעקב )מאוחד(,2011,3
188,אשדות יעקב )מאוחד(,2012,4
188,אשדות יעקב )מאוחד(,2013,4
188,אשדות יעקב )מאוחד(,2014,10
188,אשדות יעקב )מאוחד(,2015,9
188,אשדות יעקב )מאוחד(,2016,3
188,אשדות יעקב )מאוחד(,2017,25
188,אשדות יעקב )מאוחד(,2018,20
188,אשדות יעקב )מאוחד(,2019,18
188,אשדות יעקב )מאוחד(,2020,11
188,אשדות יעקב )מאוחד(,2021,16
188,אשדות יעקב )מאוחד(,2022,12
188,אשדות יעקב )מאוחד(,2023,5
188,אשדות יעקב )מאוחד(,2024,14
188,אשדות יעקב )מאוחד(,2025,4
188,אשדות יעקב )מאוחד(,2026,4
189,כפר פינס,1998,1
189,כפר פינס,1999,2
189,כפר פינס,2000,2
189,כפר פינס,2003,3
189,כפר פינס,2006,1
189,כפר פינס,2007,3
189,כפר פינס,2008,14
189,כפר פינס,2009,16
189,כפר פינס,2010,7
189,כפר פינס,2011,4
189,כפר פינס,2012,3
189,כפר פינס,2013,1
189,כפר פינס,2014,7
189,כפר פינס,2016,4
189,כפר פינס,2017,15
189,כפר פינס,2018,1
189,כפר פינס,2019,2
189,כפר פינס,2020,1
189,כפר פינס,2021,4
189,כפר פינס,2022,4
189,כפר פינס,2023,8
189,כפר פינס,2024,7
189,כפר פינס,2025,5
190,כפר ויתקין,1999,7
190,כפר ויתקין,2000,3
190,כפר ויתקין,2001,8
190,כפר ויתקין,2002,1
190,כפר ויתקין,2003,1
190,כפר ויתקין,2004,10
190,כפר ויתקין,2005,9
190,כפר ויתקין,2006,5
190,כפר ויתקין,2007,13
190,כפר ויתקין,2008,7
190,כפר ויתקין,2009,2
190,כפר ויתקין,2010,3
190,כפר ויתקין,2011,4
190,כפר ויתקין,2012,8
190,כפר ויתקין,2013,9
190,כפר ויתקין,2014,17
190,כפר ויתקין,2015,8
190,כפר ויתקין,2016,4
190,כפר ויתקין,2017,7
190,כפר ויתקין,2018,9
190,כפר ויתקין,2019,7
190,כפר ויתקין,2020,9
190,כפר ויתקין,2021,16
190,כפר ויתקין,2022,22
190,כפר ויתקין,2023,6
190,כפר ויתקין,2024,5
190,כפר ויתקין,2025,14
190,כפר ויתקין,2026,3
191,הדר עם,1998,2
191,הדר עם,2001,2
191,הדר עם,2002,1
191,הדר עם,2004,2
191,הדר עם,2005,10
191,הדר עם,2006,1
191,הדר עם,2007,4
191,הדר עם,2008,5
191,הדר עם,2009,8
191,הדר עם,2011,6
191,הדר עם,2015,4
191,הדר עם,2016,6
191,הדר עם,2017,2
191,הדר עם,2018,5
191,הדר עם,2019,3
191,הדר עם,2020,3
191,הדר עם,2021,7
191,הדר עם,2022,3
191,הדר עם,2023,4
191,הדר עם,2024,9
191,הדר עם,2025,6
192,כפר החורש,1998,2
192,כפר החורש,1999,9
192,כפר החורש,2000,18
192,כפר החורש,2001,42
192,כפר החורש,2002,25
192,כפר החורש,2003,16
192,כפר החורש,2004,32
192,כפר החורש,2005,26
192,כפר החורש,2006,6
192,כפר החורש,2007,24
192,כפר החורש,2008,28
192,כפר החורש,2009,69
192,כפר החורש,2010,119
192,כפר החורש,2011,60
192,כפר החורש,2012,164
192,כפר החורש,2013,175
192,כפר החורש,2014,166
192,כפר החורש,2015,133
192,כפר החורש,2016,65
192,כפר החורש,2017,44
192,כפר החורש,2018,13
192,כפר החורש,2019,25
192,כפר החורש,2020,48
192,כפר החורש,2021,124
192,כפר החורש,2022,103
192,כפר החורש,2023,55
192,כפר החורש,2024,95
192,כפר החורש,2025,17
192,כפר החורש,2026,7
193,כפר חיים,1998,2
193,כפר חיים,2000,2
193,כפר חיים,2003,3
193,כפר חיים,2005,2
193,כפר חיים,2006,4
193,כפר חיים,2007,1
193,כפר חיים,2008,3
193,כפר חיים,2013,1
193,כפר חיים,2015,2
193,כפר חיים,2019,1
193,כפר חיים,2020,8
193,כפר חיים,2021,2
193,כפר חיים,2022,1
193,כפר חיים,2023,8
193,כפר חיים,2024,12
193,כפר חיים,2025,1
193,כפר חיים,2026,1
194,משמר השרון,1998,2
194,משמר השרון,2000,1
194,משמר השרון,2004,1
194,משמר השרון,2006,2
194,משמר השרון,2007,1
194,משמר השרון,2011,133
194,משמר השרון,2012,2
194,משמר השרון,2013,1
194,משמר השרון,2014,1
194,משמר השרון,2015,1
194,משמר השרון,2016,2
194,משמר השרון,2017,1
194,משמר השרון,2019,15
194,משמר השרון,2022,1
194,משמר השרון,2025,1
194,משמר השרון,2026,1
195,קדימה-צורן,1998,228
195,קדימה-צורן,1999,177
195,קדימה-צורן,2000,116
195,קדימה-צורן,2001,132
195,קדימה-צורן,2002,99
195,קדימה-צורן,2003,98
195,קדימה-צורן,2004,147
195,קדימה-צורן,2005,139
195,קדימה-צורן,2006,164
195,קדימה-צורן,2007,229
195,קדימה-צורן,2008,390
195,קדימה-צורן,2009,199
195,קדימה-צורן,2010,295
195,קדימה-צורן,2011,168
195,קדימה-צורן,2012,140
195,קדימה-צורן,2013,173
195,קדימה-צורן,2014,128
195,קדימה-צורן,2015,205
195,קדימה-צורן,2016,179
195,קדימה-צורן,2017,183
195,קדימה-צורן,2018,240
195,קדימה-צורן,2019,92
195,קדימה-צורן,2020,138
195,קדימה-צורן,2021,219
195,קדימה-צורן,2022,89
195,קדימה-צורן,2023,103
195,קדימה-צורן,2024,288
195,קדימה-צורן,2025,339
195,קדימה-צורן,2026,63
196,גיבתון,1998,2
196,גיבתון,2000,4
196,גיבתון,2006,3
196,גיבתון,2009,4
196,גיבתון,2011,33
196,גיבתון,2012,3
196,גיבתון,2013,5
196,גיבתון,2014,5
196,גיבתון,2015,2
196,גיבתון,2016,5
196,גיבתון,2017,6
196,גיבתון,2018,8
196,גיבתון,2019,6
196,גיבתון,2020,2
196,גיבתון,2021,10
196,גיבתון,2022,2
196,גיבתון,2024,2
198,צופית,1998,54
198,צופית,1999,6
198,צופית,2000,13
198,צופית,2001,7
198,צופית,2002,5
198,צופית,2003,7
198,צופית,2004,16
198,צופית,2005,15
198,צופית,2006,11
198,צופית,2007,5
198,צופית,2008,8
198,צופית,2009,15
198,צופית,2010,7
198,צופית,2011,4
198,צופית,2012,3
198,צופית,2013,5
198,צופית,2014,6
198,צופית,2015,5
198,צופית,2016,11
198,צופית,2017,21
198,צופית,2018,19
198,צופית,2019,15
198,צופית,2020,16
198,צופית,2021,15
198,צופית,2022,3
198,צופית,2023,9
198,צופית,2024,20
198,צופית,2025,5
198,צופית,2026,1
199,אשדות יעקב )איחוד(,2005,5
199,אשדות יעקב )איחוד(,2006,5
199,אשדות יעקב )איחוד(,2007,13
199,אשדות יעקב )איחוד(,2008,8
199,אשדות יעקב )איחוד(,2009,12
199,אשדות יעקב )איחוד(,2010,17
199,אשדות יעקב )איחוד(,2011,23
199,אשדות יעקב )איחוד(,2012,10
199,אשדות יעקב )איחוד(,2013,6
199,אשדות יעקב )איחוד(,2014,26
199,אשדות יעקב )איחוד(,2016,4
199,אשדות יעקב )איחוד(,2017,42
199,אשדות יעקב )איחוד(,2018,71
199,אשדות יעקב )איחוד(,2019,28
199,אשדות יעקב )איחוד(,2020,34
199,אשדות יעקב )איחוד(,2021,12
199,אשדות יעקב )איחוד(,2022,15
199,אשדות יעקב )איחוד(,2023,6
199,אשדות יעקב )איחוד(,2024,2
199,אשדות יעקב )איחוד(,2025,10
199,אשדות יעקב )איחוד(,2026,1
200,בית ינאי,1998,12
200,בית ינאי,1999,14
200,בית ינאי,2000,3
200,בית ינאי,2001,6
200,בית ינאי,2004,2
200,בית ינאי,2006,7
200,בית ינאי,2007,21
200,בית ינאי,2008,3
200,בית ינאי,2010,4
200,בית ינאי,2011,4
200,בית ינאי,2012,9
200,בית ינאי,2013,3
200,בית ינאי,2014,1
200,בית ינאי,2015,2
200,בית ינאי,2016,2
200,בית ינאי,2017,3
200,בית ינאי,2018,4
200,בית ינאי,2019,4
200,בית ינאי,2020,4
200,בית ינאי,2021,16
200,בית ינאי,2022,4
200,בית ינאי,2023,3
200,בית ינאי,2024,5
200,בית ינאי,2025,6
200,בית ינאי,2026,1
2002,תנובות,1998,11
2002,תנובות,1999,3
2002,תנובות,2000,16
2002,תנובות,2001,6
2002,תנובות,2002,5
2002,תנובות,2003,9
2002,תנובות,2004,9
2002,תנובות,2005,5
2002,תנובות,2006,14
2002,תנובות,2007,6
2002,תנובות,2008,1
2002,תנובות,2009,4
2002,תנובות,2010,6
2002,תנובות,2012,3
2002,תנובות,2013,1
2002,תנובות,2014,3
2002,תנובות,2015,3
2002,תנובות,2016,15
2002,תנובות,2017,7
2002,תנובות,2018,4
2002,תנובות,2019,7
2002,תנובות,2020,4
2002,תנובות,2021,5
2002,תנובות,2022,11
2002,תנובות,2023,1
2002,תנובות,2024,3
2002,תנובות,2025,2
2003,תלמי אלעזר,1999,1
2003,תלמי אלעזר,2001,1
2003,תלמי אלעזר,2002,2
2003,תלמי אלעזר,2004,31
2003,תלמי אלעזר,2005,24
2003,תלמי אלעזר,2006,2
2003,תלמי אלעזר,2007,3
2003,תלמי אלעזר,2008,7
2003,תלמי אלעזר,2009,5
2003,תלמי אלעזר,2010,5
2003,תלמי אלעזר,2011,5
2003,תלמי אלעזר,2012,8
2003,תלמי אלעזר,2013,16
2003,תלמי אלעזר,2014,2
2003,תלמי אלעזר,2015,18
2003,תלמי אלעזר,2016,12
2003,תלמי אלעזר,2017,6
2003,תלמי אלעזר,2018,2
2003,תלמי אלעזר,2019,4
2003,תלמי אלעזר,2020,5
2003,תלמי אלעזר,2022,4
2003,תלמי אלעזר,2023,1
2003,תלמי אלעזר,2024,2
2003,תלמי אלעזר,2025,8
2003,תלמי אלעזר,2026,1
2006,כנות,2010,7
2006,כנות,2011,1
2006,כנות,2014,3
2006,כנות,2016,3
2006,כנות,2017,6
2006,כנות,2018,2
2006,כנות,2019,4
2006,כנות,2020,3
2006,כנות,2024,1
2008,שדה יצחק,2006,13
2008,שדה יצחק,2007,7
2008,שדה יצחק,2008,5
2008,שדה יצחק,2009,5
2008,שדה יצחק,2010,3
2008,שדה יצחק,2011,4
2008,שדה יצחק,2012,4
2008,שדה יצחק,2013,2
2008,שדה יצחק,2014,1
2008,שדה יצחק,2015,1
2008,שדה יצחק,2016,2
2008,שדה יצחק,2017,9
2008,שדה יצחק,2018,11
2008,שדה יצחק,2019,5
2008,שדה יצחק,2020,8
2008,שדה יצחק,2021,5
2008,שדה יצחק,2022,3
2008,שדה יצחק,2023,4
2008,שדה יצחק,2025,6
2008,שדה יצחק,2026,1
2009,יובל,2000,1
2009,יובל,2006,2
2009,יובל,2007,29
2009,יובל,2009,1
2009,יובל,2010,1
2009,יובל,2012,2
2009,יובל,2013,1
2009,יובל,2014,1
2009,יובל,2015,2
2009,יובל,2016,1
2009,יובל,2018,18
2009,יובל,2019,17
2009,יובל,2020,2
2009,יובל,2022,5
2009,יובל,2023,6
2009,יובל,2025,2
2009,יובל,2026,4
2010,כפר בן נון,1999,16
2010,כפר בן נון,2000,4
2010,כפר בן נון,2001,10
2010,כפר בן נון,2002,51
2010,כפר בן נון,2003,2
2010,כפר בן נון,2005,13
2010,כפר בן נון,2006,11
2010,כפר בן נון,2007,6
2010,כפר בן נון,2008,8
2010,כפר בן נון,2009,4
2010,כפר בן נון,2010,2
2010,כפר בן נון,2011,6
2010,כפר בן נון,2012,5
2010,כפר בן נון,2013,3
2010,כפר בן נון,2014,3
2010,כפר בן נון,2015,3
2010,כפר בן נון,2016,4
2010,כפר בן נון,2017,1
2010,כפר בן נון,2018,3
2010,כפר בן נון,2019,7
2010,כפר בן נון,2021,5
2010,כפר בן נון,2022,5
2010,כפר בן נון,2024,7
2010,כפר בן נון,2026,2
2011,ינון,1998,5
2011,ינון,1999,2
2011,ינון,2000,2
2011,ינון,2001,7
2011,ינון,2002,4
2011,ינון,2003,2
2011,ינון,2004,5
2011,ינון,2005,1
2011,ינון,2006,9
2011,ינון,2007,4
2011,ינון,2008,15
2011,ינון,2009,12
2011,ינון,2010,15
2011,ינון,2011,1
2011,ינון,2012,5
2011,ינון,2013,4
2011,ינון,2015,7
2011,ינון,2016,2
2011,ינון,2018,4
2011,ינון,2019,2
2011,ינון,2021,2
2011,ינון,2022,1
2011,ינון,2024,9
2011,ינון,2025,3
2011,ינון,2026,1
2012,אורות,1998,2
2012,אורות,1999,11
2012,אורות,2000,11
2012,אורות,2001,3
2012,אורות,2002,5
2012,אורות,2003,3
2012,אורות,2004,8
2012,אורות,2005,4
2012,אורות,2006,11
2012,אורות,2007,31
2012,אורות,2008,9
2012,אורות,2009,1
2012,אורות,2010,6
2012,אורות,2011,5
2012,אורות,2012,5
2012,אורות,2013,3
2012,אורות,2014,2
2012,אורות,2016,9
2012,אורות,2018,2
2012,אורות,2019,1
2012,אורות,2020,2
2012,אורות,2021,3
2012,אורות,2022,2
2012,אורות,2023,4
2012,אורות,2024,3
2013,בן שמן )מושב(,1998,4
2013,בן שמן )מושב(,1999,4
2013,בן שמן )מושב(,2000,1
2013,בן שמן )מושב(,2001,2
2013,בן שמן )מושב(,2002,10
2013,בן שמן )מושב(,2003,4
2013,בן שמן )מושב(,2004,9
2013,בן שמן )מושב(,2005,4
2013,בן שמן )מושב(,2006,6
2013,בן שמן )מושב(,2007,7
2013,בן שמן )מושב(,2008,7
2013,בן שמן )מושב(,2009,6
2013,בן שמן )מושב(,2010,10
2013,בן שמן )מושב(,2011,3
2013,בן שמן )מושב(,2012,8
2013,בן שמן )מושב(,2013,11
2013,בן שמן )מושב(,2014,2
2013,בן שמן )מושב(,2015,4
2013,בן שמן )מושב(,2016,4
2013,בן שמן )מושב(,2017,3
2013,בן שמן )מושב(,2018,8
2013,בן שמן )מושב(,2019,5
2013,בן שמן )מושב(,2020,4
2013,בן שמן )מושב(,2021,1
2013,בן שמן )מושב(,2022,1
2013,בן שמן )מושב(,2023,4
2013,בן שמן )מושב(,2024,9
2013,בן שמן )מושב(,2025,2
2013,בן שמן )מושב(,2026,1
2014,גבעולים,1998,14
2014,גבעולים,1999,2
2014,גבעולים,2000,5
2014,גבעולים,2001,13
2014,גבעולים,2002,5
2014,גבעולים,2004,2
2014,גבעולים,2006,4
2014,גבעולים,2007,5
2014,גבעולים,2008,1
2014,גבעולים,2009,4
2014,גבעולים,2010,6
2014,גבעולים,2011,6
2014,גבעולים,2012,6
2014,גבעולים,2013,3
2014,גבעולים,2014,5
2014,גבעולים,2016,4
2014,גבעולים,2017,3
2014,גבעולים,2018,16
2014,גבעולים,2019,6
2014,גבעולים,2020,2
2014,גבעולים,2021,1
2014,גבעולים,2022,3
2014,גבעולים,2023,20
2014,גבעולים,2024,5
2014,גבעולים,2026,2
2015,שדי חמד,1998,6
2015,שדי חמד,1999,1
2015,שדי חמד,2000,2
2015,שדי חמד,2001,1
2015,שדי חמד,2002,31
2015,שדי חמד,2003,8
2015,שדי חמד,2004,7
2015,שדי חמד,2005,9
2015,שדי חמד,2006,4
2015,שדי חמד,2007,8
2015,שדי חמד,2008,9
2015,שדי חמד,2009,1
2015,שדי חמד,2011,1
2015,שדי חמד,2012,8
2015,שדי חמד,2013,2
2015,שדי חמד,2014,3
2015,שדי חמד,2015,7
2015,שדי חמד,2016,5
2015,שדי חמד,2017,3
2015,שדי חמד,2018,3
2015,שדי חמד,2019,6
2015,שדי חמד,2020,4
2015,שדי חמד,2021,2
2015,שדי חמד,2022,2
2015,שדי חמד,2023,1
2015,שדי חמד,2024,4
2015,שדי חמד,2025,7
2016,רוויה,1998,1
2016,רוויה,1999,1
2016,רוויה,2000,1
2016,רוויה,2001,20
2016,רוויה,2002,5
2016,רוויה,2003,6
2016,רוויה,2004,8
2016,רוויה,2005,2
2016,רוויה,2008,3
2016,רוויה,2009,2
2016,רוויה,2010,4
2016,רוויה,2011,3
2016,רוויה,2012,1
2016,רוויה,2013,3
2016,רוויה,2014,1
2016,רוויה,2015,1
2016,רוויה,2017,2
2016,רוויה,2018,1
2016,רוויה,2019,1
2016,רוויה,2020,5
2016,רוויה,2021,5
2016,רוויה,2022,3
2016,רוויה,2023,8
2018,גבעת חיים )איחוד(,1998,3
2018,גבעת חיים )איחוד(,2002,3
2018,גבעת חיים )איחוד(,2005,1
2018,גבעת חיים )איחוד(,2006,1
2018,גבעת חיים )איחוד(,2007,1
2018,גבעת חיים )איחוד(,2008,3
2018,גבעת חיים )איחוד(,2009,2
2018,גבעת חיים )איחוד(,2010,54
2018,גבעת חיים )איחוד(,2011,29
2018,גבעת חיים )איחוד(,2012,24
2018,גבעת חיים )איחוד(,2013,42
2018,גבעת חיים )איחוד(,2014,8
2018,גבעת חיים )איחוד(,2015,13
2018,גבעת חיים )איחוד(,2016,14
2018,גבעת חיים )איחוד(,2017,44
2018,גבעת חיים )איחוד(,2018,10
2018,גבעת חיים )איחוד(,2019,6
2018,גבעת חיים )איחוד(,2020,1
2018,גבעת חיים )איחוד(,2021,63
2018,גבעת חיים )איחוד(,2022,9
2018,גבעת חיים )איחוד(,2023,4
2018,גבעת חיים )איחוד(,2024,15
2018,גבעת חיים )איחוד(,2025,3
2018,גבעת חיים )איחוד(,2026,3
202,בית עובד,1998,3
202,בית עובד,1999,1
202,בית עובד,2002,1
202,בית עובד,2003,5
202,בית עובד,2005,1
202,בית עובד,2008,2
202,בית עובד,2009,8
202,בית עובד,2010,4
202,בית עובד,2011,11
202,בית עובד,2012,11
202,בית עובד,2013,11
202,בית עובד,2014,2
202,בית עובד,2016,3
202,בית עובד,2017,5
202,בית עובד,2018,6
202,בית עובד,2019,2
202,בית עובד,2020,6
202,בית עובד,2021,1
202,בית עובד,2022,4
202,בית עובד,2023,5
202,בית עובד,2024,6
202,בית עובד,2025,4
202,בית עובד,2026,1
2021,אשל הנשיא,2018,1
2023,להב,2007,27
2023,להב,2008,2
2023,להב,2009,2
2023,להב,2015,7
2023,להב,2016,82
2023,להב,2017,2
2023,להב,2018,9
2023,להב,2019,7
2023,להב,2020,1
2023,להב,2021,16
2023,להב,2022,6
2023,להב,2023,5
2023,להב,2024,3
2023,להב,2025,10
2023,להב,2026,4
2024,אום אל-קוטוף,1999,2
2024,אום אל-קוטוף,2004,3
2024,אום אל-קוטוף,2006,2
2024,אום אל-קוטוף,2009,1
2024,אום אל-קוטוף,2012,1
2024,אום אל-קוטוף,2016,1
2024,אום אל-קוטוף,2017,39
2024,אום אל-קוטוף,2018,2
2024,אום אל-קוטוף,2020,1
2024,אום אל-קוטוף,2021,6
2024,אום אל-קוטוף,2022,1
2024,אום אל-קוטוף,2024,1
2024,אום אל-קוטוף,2026,1
2026,ירדנה,1998,2
2026,ירדנה,1999,1
2026,ירדנה,2000,2
2026,ירדנה,2003,1
2026,ירדנה,2005,4
2026,ירדנה,2006,2
2026,ירדנה,2008,2
2026,ירדנה,2009,4
2026,ירדנה,2014,2
2026,ירדנה,2015,9
2026,ירדנה,2016,1
2026,ירדנה,2017,1
2026,ירדנה,2018,4
2026,ירדנה,2019,6
2026,ירדנה,2020,4
2026,ירדנה,2021,11
2026,ירדנה,2022,7
2026,ירדנה,2024,5
2026,ירדנה,2025,3
2026,ירדנה,2026,1
2029,מדרך עוז,2006,32
2029,מדרך עוז,2008,16
2029,מדרך עוז,2009,5
2029,מדרך עוז,2010,8
2029,מדרך עוז,2011,4
2029,מדרך עוז,2012,4
2029,מדרך עוז,2013,3
2029,מדרך עוז,2014,1
2029,מדרך עוז,2015,1
2029,מדרך עוז,2016,2
2029,מדרך עוז,2017,3
2029,מדרך עוז,2018,2
2029,מדרך עוז,2019,2
2029,מדרך עוז,2020,5
2029,מדרך עוז,2021,2
2029,מדרך עוז,2022,3
2029,מדרך עוז,2023,1
2029,מדרך עוז,2024,2
2029,מדרך עוז,2025,1
2030,מנוחה,2003,8
2030,מנוחה,2004,2
2030,מנוחה,2005,43
2030,מנוחה,2006,47
2030,מנוחה,2007,6
2030,מנוחה,2008,22
2030,מנוחה,2009,2
2030,מנוחה,2010,6
2030,מנוחה,2012,13
2030,מנוחה,2013,4
2030,מנוחה,2015,8
2030,מנוחה,2016,4
2030,מנוחה,2017,1
2030,מנוחה,2018,1
2030,מנוחה,2019,3
2030,מנוחה,2020,3
2030,מנוחה,2021,4
2030,מנוחה,2022,3
2030,מנוחה,2023,4
2030,מנוחה,2024,3
2030,מנוחה,2025,17
2030,מנוחה,2026,1
2033,בית חלקיה,2000,1
2033,בית חלקיה,2001,20
2033,בית חלקיה,2002,7
2033,בית חלקיה,2004,5
2033,בית חלקיה,2005,32
2033,בית חלקיה,2006,39
2033,בית חלקיה,2007,99
2033,בית חלקיה,2008,24
2033,בית חלקיה,2009,40
2033,בית חלקיה,2010,20
2033,בית חלקיה,2011,21
2033,בית חלקיה,2012,16
2033,בית חלקיה,2013,20
2033,בית חלקיה,2014,15
2033,בית חלקיה,2015,9
2033,בית חלקיה,2016,8
2033,בית חלקיה,2017,15
2033,בית חלקיה,2018,12
2033,בית חלקיה,2019,10
2033,בית חלקיה,2020,5
2033,בית חלקיה,2021,16
2033,בית חלקיה,2022,4
2033,בית חלקיה,2023,13
2033,בית חלקיה,2024,7
2033,בית חלקיה,2025,9
2033,בית חלקיה,2026,1
2034,חצור הגלילית,1998,37
2034,חצור הגלילית,1999,49
2034,חצור הגלילית,2000,57
2034,חצור הגלילית,2001,104
2034,חצור הגלילית,2002,44
2034,חצור הגלילית,2003,79
2034,חצור הגלילית,2004,40
2034,חצור הגלילית,2005,67
2034,חצור הגלילית,2006,61
2034,חצור הגלילית,2007,69
2034,חצור הגלילית,2008,79
2034,חצור הגלילית,2009,95
2034,חצור הגלילית,2010,147
2034,חצור הגלילית,2011,115
2034,חצור הגלילית,2012,86
2034,חצור הגלילית,2013,81
2034,חצור הגלילית,2014,164
2034,חצור הגלילית,2015,118
2034,חצור הגלילית,2016,122
2034,חצור הגלילית,2017,141
2034,חצור הגלילית,2018,124
2034,חצור הגלילית,2019,177
2034,חצור הגלילית,2020,198
2034,חצור הגלילית,2021,255
2034,חצור הגלילית,2022,147
2034,חצור הגלילית,2023,94
2034,חצור הגלילית,2024,146
2034,חצור הגלילית,2025,105
2034,חצור הגלילית,2026,31
2035,עדנים,1998,9
2035,עדנים,1999,7
2035,עדנים,2000,6
2035,עדנים,2002,4
2035,עדנים,2003,4
2035,עדנים,2004,10
2035,עדנים,2005,22
2035,עדנים,2006,11
2035,עדנים,2007,16
2035,עדנים,2008,11
2035,עדנים,2009,15
2035,עדנים,2010,6
2035,עדנים,2011,11
2035,עדנים,2012,8
2035,עדנים,2013,13
2035,עדנים,2014,22
2035,עדנים,2015,33
2035,עדנים,2016,17
2035,עדנים,2017,11
2035,עדנים,2018,14
2035,עדנים,2019,10
2035,עדנים,2020,15
2035,עדנים,2021,30
2035,עדנים,2022,35
2035,עדנים,2023,12
2035,עדנים,2024,15
2035,עדנים,2025,14
2035,עדנים,2026,2
2038,ברקת,1998,1
2038,ברקת,2004,1
2038,ברקת,2005,1
2038,ברקת,2007,1
2038,ברקת,2008,5
2038,ברקת,2009,4
2038,ברקת,2010,11
2038,ברקת,2011,8
2038,ברקת,2012,208
2038,ברקת,2013,119
2038,ברקת,2014,18
2038,ברקת,2015,15
2038,ברקת,2016,65
2038,ברקת,2017,37
2038,ברקת,2018,38
2038,ברקת,2019,41
2038,ברקת,2020,21
2038,ברקת,2021,2
2038,ברקת,2022,7
2038,ברקת,2023,3
2038,ברקת,2024,9
2038,ברקת,2025,3
2039,קרית יערים)מוסד(,1998,10
2039,קרית יערים)מוסד(,1999,9
2039,קרית יערים)מוסד(,2000,4
2039,קרית יערים)מוסד(,2001,1
2039,קרית יערים)מוסד(,2002,2
2039,קרית יערים)מוסד(,2003,5
2039,קרית יערים)מוסד(,2004,3
2039,קרית יערים)מוסד(,2005,5
2039,קרית יערים)מוסד(,2006,8
2039,קרית יערים)מוסד(,2007,6
2039,קרית יערים)מוסד(,2008,4
2039,קרית יערים)מוסד(,2009,3
2039,קרית יערים)מוסד(,2010,3
2039,קרית יערים)מוסד(,2011,1
2039,קרית יערים)מוסד(,2012,18
2039,קרית יערים)מוסד(,2013,20
2039,קרית יערים)מוסד(,2014,1
2039,קרית יערים)מוסד(,2015,1
2039,קרית יערים)מוסד(,2016,6
2039,קרית יערים)מוסד(,2017,2
2039,קרית יערים)מוסד(,2018,3
2039,קרית יערים)מוסד(,2019,5
2039,קרית יערים)מוסד(,2020,3
2039,קרית יערים)מוסד(,2021,16
2039,קרית יערים)מוסד(,2022,14
2039,קרית יערים)מוסד(,2023,3
2039,קרית יערים)מוסד(,2024,4
2039,קרית יערים)מוסד(,2025,8
2039,קרית יערים)מוסד(,2026,3
204,אלישיב,2000,1
204,אלישיב,2001,1
204,אלישיב,2005,22
204,אלישיב,2006,23
204,אלישיב,2007,4
204,אלישיב,2008,1
204,אלישיב,2009,7
204,אלישיב,2011,4
204,אלישיב,2013,1
204,אלישיב,2014,2
204,אלישיב,2016,3
204,אלישיב,2017,2
204,אלישיב,2018,3
204,אלישיב,2019,2
204,אלישיב,2021,7
204,אלישיב,2022,3
204,אלישיב,2023,5
204,אלישיב,2024,1
204,אלישיב,2026,1
2042,עין גדי,2011,1
2042,עין גדי,2013,28
2042,עין גדי,2014,5
2042,עין גדי,2015,3
2042,עין גדי,2017,1
2042,עין גדי,2018,16
2042,עין גדי,2019,2
2042,עין גדי,2020,4
2042,עין גדי,2021,2
2042,עין גדי,2022,2
2042,עין גדי,2023,1
2042,עין גדי,2024,1
2042,עין גדי,2025,10
2042,עין גדי,2026,1
2043,בחן,2002,1
2043,בחן,2003,1
2043,בחן,2004,1
2043,בחן,2005,1
2043,בחן,2007,6
2043,בחן,2008,35
2043,בחן,2009,207
2043,בחן,2010,41
2043,בחן,2011,19
2043,בחן,2012,2
2043,בחן,2013,19
2043,בחן,2014,10
2043,בחן,2015,13
2043,בחן,2016,18
2043,בחן,2017,17
2043,בחן,2018,5
2043,בחן,2019,13
2043,בחן,2020,9
2043,בחן,2021,18
2043,בחן,2022,9
2043,בחן,2023,5
2043,בחן,2024,4
2043,בחן,2025,2
2043,בחן,2026,1
2044,מלילות,2000,1
2044,מלילות,2001,4
2044,מלילות,2002,6
2044,מלילות,2006,2
2044,מלילות,2007,3
2044,מלילות,2008,2
2044,מלילות,2010,1
2044,מלילות,2011,1
2044,מלילות,2012,9
2044,מלילות,2013,7
2044,מלילות,2014,3
2044,מלילות,2015,8
2044,מלילות,2016,1
2044,מלילות,2017,9
2044,מלילות,2018,4
2044,מלילות,2019,3
2044,מלילות,2020,1
2044,מלילות,2021,5
2044,מלילות,2022,5
2044,מלילות,2023,2
2044,מלילות,2024,1
2045,נחלה,1998,1
2045,נחלה,2002,4
2045,נחלה,2003,4
2045,נחלה,2005,2
2045,נחלה,2006,4
2045,נחלה,2008,7
2045,נחלה,2009,7
2045,נחלה,2010,24
2045,נחלה,2011,10
2045,נחלה,2012,25
2045,נחלה,2013,2
2045,נחלה,2014,10
2045,נחלה,2015,3
2045,נחלה,2016,5
2045,נחלה,2017,4
2045,נחלה,2018,3
2045,נחלה,2019,7
2045,נחלה,2020,9
2045,נחלה,2021,8
2045,נחלה,2022,9
2045,נחלה,2023,6
2045,נחלה,2024,3
2045,נחלה,2025,2
2046,סגולה,1998,13
2046,סגולה,1999,15
2046,סגולה,2000,6
2046,סגולה,2001,22
2046,סגולה,2002,12
2046,סגולה,2004,7
2046,סגולה,2005,11
2046,סגולה,2006,7
2046,סגולה,2007,6
2046,סגולה,2008,6
2046,סגולה,2009,3
2046,סגולה,2010,8
2046,סגולה,2011,5
2046,סגולה,2012,3
2046,סגולה,2013,1
2046,סגולה,2014,1
2046,סגולה,2015,1
2046,סגולה,2016,6
2046,סגולה,2017,1
2046,סגולה,2018,5
2046,סגולה,2019,5
2046,סגולה,2020,10
2046,סגולה,2021,7
2046,סגולה,2022,7
2046,סגולה,2023,1
2046,סגולה,2024,1
2046,סגולה,2025,2
2047,ניר משה,1999,4
2047,ניר משה,2004,2
2047,ניר משה,2005,1
2047,ניר משה,2007,1
2047,ניר משה,2008,3
2047,ניר משה,2009,3
2047,ניר משה,2010,2
2047,ניר משה,2011,3
2047,ניר משה,2012,3
2047,ניר משה,2013,3
2047,ניר משה,2014,1
2047,ניר משה,2016,1
2047,ניר משה,2017,1
2047,ניר משה,2018,2
2047,ניר משה,2020,2
2047,ניר משה,2021,8
2047,ניר משה,2022,5
2047,ניר משה,2024,2
2047,ניר משה,2025,11
2048,ניר עקיבא,1998,1
2048,ניר עקיבא,2003,1
2048,ניר עקיבא,2004,5
2048,ניר עקיבא,2005,5
2048,ניר עקיבא,2006,4
2048,ניר עקיבא,2007,5
2048,ניר עקיבא,2008,2
2048,ניר עקיבא,2009,7
2048,ניר עקיבא,2010,9
2048,ניר עקיבא,2011,7
2048,ניר עקיבא,2012,3
2048,ניר עקיבא,2013,7
2048,ניר עקיבא,2014,5
2048,ניר עקיבא,2015,4
2048,ניר עקיבא,2016,3
2048,ניר עקיבא,2017,6
2048,ניר עקיבא,2018,40
2048,ניר עקיבא,2019,24
2048,ניר עקיבא,2020,5
2048,ניר עקיבא,2021,8
2048,ניר עקיבא,2022,2
2048,ניר עקיבא,2023,4
2048,ניר עקיבא,2024,2
2048,ניר עקיבא,2025,7
2048,ניר עקיבא,2026,3
2049,שדה צבי,1998,5
2049,שדה צבי,1999,1
2049,שדה צבי,2001,1
2049,שדה צבי,2002,3
2049,שדה צבי,2003,5
2049,שדה צבי,2006,1
2049,שדה צבי,2007,17
2049,שדה צבי,2008,6
2049,שדה צבי,2009,13
2049,שדה צבי,2010,2
2049,שדה צבי,2011,4
2049,שדה צבי,2012,9
2049,שדה צבי,2013,8
2049,שדה צבי,2014,3
2049,שדה צבי,2015,4
2049,שדה צבי,2016,1
2049,שדה צבי,2017,5
2049,שדה צבי,2018,6
2049,שדה צבי,2019,2
2049,שדה צבי,2020,4
2049,שדה צבי,2021,13
2049,שדה צבי,2022,28
2049,שדה צבי,2023,4
2049,שדה צבי,2024,4
2049,שדה צבי,2025,3
2049,שדה צבי,2026,1
205,חגלה,1998,37
205,חגלה,1999,9
205,חגלה,2000,20
205,חגלה,2001,14
205,חגלה,2002,14
205,חגלה,2003,2
205,חגלה,2004,21
205,חגלה,2005,3
205,חגלה,2006,4
205,חגלה,2007,1
205,חגלה,2008,3
205,חגלה,2009,3
205,חגלה,2010,3
205,חגלה,2011,4
205,חגלה,2012,7
205,חגלה,2013,8
205,חגלה,2014,2
205,חגלה,2015,1
205,חגלה,2016,5
205,חגלה,2017,2
205,חגלה,2018,2
205,חגלה,2019,1
205,חגלה,2020,3
205,חגלה,2021,11
205,חגלה,2022,4
205,חגלה,2023,5
205,חגלה,2024,10
205,חגלה,2025,3
2050,"תלמי ביל""ו",1998,3
2050,"תלמי ביל""ו",1999,11
2050,"תלמי ביל""ו",2000,3
2050,"תלמי ביל""ו",2001,1
2050,"תלמי ביל""ו",2002,4
2050,"תלמי ביל""ו",2003,1
2050,"תלמי ביל""ו",2004,1
2050,"תלמי ביל""ו",2005,8
2050,"תלמי ביל""ו",2006,6
2050,"תלמי ביל""ו",2007,2
2050,"תלמי ביל""ו",2008,6
2050,"תלמי ביל""ו",2009,5
2050,"תלמי ביל""ו",2010,2
2050,"תלמי ביל""ו",2011,6
2050,"תלמי ביל""ו",2012,8
2050,"תלמי ביל""ו",2013,3
2050,"תלמי ביל""ו",2014,1
2050,"תלמי ביל""ו",2015,6
2050,"תלמי ביל""ו",2016,1
2050,"תלמי ביל""ו",2017,8
2050,"תלמי ביל""ו",2018,1
2050,"תלמי ביל""ו",2019,2
2050,"תלמי ביל""ו",2020,2
2050,"תלמי ביל""ו",2021,2
2050,"תלמי ביל""ו",2022,3
2050,"תלמי ביל""ו",2023,2
2050,"תלמי ביל""ו",2024,21
2050,"תלמי ביל""ו",2025,3
2050,"תלמי ביל""ו",2026,1
2051,רווחה,2006,1
2051,רווחה,2010,4
2051,רווחה,2015,3
2051,רווחה,2016,4
2051,רווחה,2018,6
2051,רווחה,2020,2
2051,רווחה,2021,5
2051,רווחה,2022,32
2051,רווחה,2023,5
2051,רווחה,2024,5
2051,רווחה,2025,11
2051,רווחה,2026,2
2052,אביטל,1998,1
2052,אביטל,2002,1
2052,אביטל,2003,3
2052,אביטל,2004,3
2052,אביטל,2007,1
2052,אביטל,2008,1
2052,אביטל,2010,2
2052,אביטל,2013,2
2052,אביטל,2018,1
2052,אביטל,2019,3
2052,אביטל,2021,1
2052,אביטל,2022,5
2052,אביטל,2023,32
2052,אביטל,2024,2
2052,אביטל,2025,1
2053,פרזון,1998,2
2053,פרזון,2001,1
2053,פרזון,2002,1
2053,פרזון,2003,2
2053,פרזון,2007,1
2053,פרזון,2008,2
2053,פרזון,2009,1
2053,פרזון,2011,1
2053,פרזון,2012,1
2053,פרזון,2013,2
2053,פרזון,2014,1
2053,פרזון,2015,1
2053,פרזון,2021,2
2053,פרזון,2022,5
2053,פרזון,2023,1
2053,פרזון,2024,6
2053,פרזון,2025,4
2054,מיטב,1999,2
2054,מיטב,2003,4
2054,מיטב,2004,2
2054,מיטב,2006,1
2054,מיטב,2007,3
2054,מיטב,2008,4
2054,מיטב,2009,1
2054,מיטב,2012,2
2054,מיטב,2013,2
2054,מיטב,2018,5
2054,מיטב,2019,1
2054,מיטב,2020,1
2054,מיטב,2021,3
2054,מיטב,2022,4
2054,מיטב,2023,6
2054,מיטב,2024,1
2055,מאור,1998,1
2055,מאור,1999,5
2055,מאור,2000,1
2055,מאור,2001,3
2055,מאור,2002,71
2055,מאור,2003,16
2055,מאור,2004,34
2055,מאור,2005,9
2055,מאור,2006,11
2055,מאור,2007,16
2055,מאור,2008,11
2055,מאור,2009,12
2055,מאור,2010,7
2055,מאור,2011,10
2055,מאור,2012,11
2055,מאור,2013,6
2055,מאור,2014,5
2055,מאור,2015,26
2055,מאור,2016,27
2055,מאור,2017,21
2055,מאור,2018,10
2055,מאור,2019,10
2055,מאור,2020,58
2055,מאור,2021,24
2055,מאור,2022,18
2055,מאור,2023,17
2055,מאור,2024,6
2055,מאור,2025,5
2057,שדי תרומות,1998,1
2057,שדי תרומות,1999,6
2057,שדי תרומות,2000,2
2057,שדי תרומות,2001,1
2057,שדי תרומות,2002,2
2057,שדי תרומות,2003,1
2057,שדי תרומות,2004,1
2057,שדי תרומות,2005,5
2057,שדי תרומות,2006,3
2057,שדי תרומות,2007,2
2057,שדי תרומות,2008,1
2057,שדי תרומות,2010,9
2057,שדי תרומות,2011,2
2057,שדי תרומות,2012,5
2057,שדי תרומות,2013,2
2057,שדי תרומות,2014,3
2057,שדי תרומות,2015,2
2057,שדי תרומות,2016,2
2057,שדי תרומות,2017,8
2057,שדי תרומות,2018,1
2057,שדי תרומות,2019,3
2057,שדי תרומות,2020,9
2057,שדי תרומות,2021,14
2057,שדי תרומות,2022,13
2057,שדי תרומות,2023,4
2057,שדי תרומות,2024,1
2057,שדי תרומות,2025,13
2057,שדי תרומות,2026,5
2059,"פעמי תש""ז",2002,2
2059,"פעמי תש""ז",2005,3
2059,"פעמי תש""ז",2006,4
2059,"פעמי תש""ז",2007,2
2059,"פעמי תש""ז",2008,5
2059,"פעמי תש""ז",2009,5
2059,"פעמי תש""ז",2010,1
2059,"פעמי תש""ז",2011,9
2059,"פעמי תש""ז",2012,2
2059,"פעמי תש""ז",2013,4
2059,"פעמי תש""ז",2014,1
2059,"פעמי תש""ז",2016,3
2059,"פעמי תש""ז",2017,5
2059,"פעמי תש""ז",2018,2
2059,"פעמי תש""ז",2019,5
2059,"פעמי תש""ז",2020,4
2059,"פעמי תש""ז",2021,4
2059,"פעמי תש""ז",2022,7
2059,"פעמי תש""ז",2023,2
2059,"פעמי תש""ז",2024,4
2059,"פעמי תש""ז",2025,4
2059,"פעמי תש""ז",2026,1
206,רמות השבים,1998,8
206,רמות השבים,1999,9
206,רמות השבים,2000,34
206,רמות השבים,2001,12
206,רמות השבים,2002,4
206,רמות השבים,2003,7
206,רמות השבים,2004,9
206,רמות השבים,2005,38
206,רמות השבים,2006,25
206,רמות השבים,2007,42
206,רמות השבים,2008,30
206,רמות השבים,2009,25
206,רמות השבים,2010,23
206,רמות השבים,2011,17
206,רמות השבים,2012,22
206,רמות השבים,2013,24
206,רמות השבים,2014,10
206,רמות השבים,2015,24
206,רמות השבים,2016,24
206,רמות השבים,2017,17
206,רמות השבים,2018,11
206,רמות השבים,2019,17
206,רמות השבים,2020,23
206,רמות השבים,2021,53
206,רמות השבים,2022,18
206,רמות השבים,2023,18
206,רמות השבים,2024,14
206,רמות השבים,2025,9
2060,ברוש,2001,5
2060,ברוש,2002,8
2060,ברוש,2003,9
2060,ברוש,2004,6
2060,ברוש,2005,6
2060,ברוש,2006,12
2060,ברוש,2007,15
2060,ברוש,2008,20
2060,ברוש,2009,12
2060,ברוש,2010,4
2060,ברוש,2011,12
2060,ברוש,2012,2
2060,ברוש,2013,7
2060,ברוש,2014,2
2060,ברוש,2015,3
2060,ברוש,2016,2
2060,ברוש,2017,10
2060,ברוש,2018,9
2060,ברוש,2019,7
2060,ברוש,2020,4
2060,ברוש,2021,9
2060,ברוש,2022,12
2060,ברוש,2024,3
2060,ברוש,2025,3
2060,ברוש,2026,1
2061,תדהר,1999,2
2061,תדהר,2001,2
2061,תדהר,2004,1
2061,תדהר,2005,7
2061,תדהר,2006,29
2061,תדהר,2007,36
2061,תדהר,2008,5
2061,תדהר,2009,2
2061,תדהר,2010,4
2061,תדהר,2011,13
2061,תדהר,2012,10
2061,תדהר,2013,3
2061,תדהר,2014,4
2061,תדהר,2015,2
2061,תדהר,2016,3
2061,תדהר,2017,9
2061,תדהר,2018,2
2061,תדהר,2019,5
2061,תדהר,2020,2
2061,תדהר,2021,9
2061,תדהר,2022,3
2061,תדהר,2024,5
2061,תדהר,2025,3
2062,תאשור,1999,1
2062,תאשור,2001,1
2062,תאשור,2002,1
2062,תאשור,2003,2
2062,תאשור,2004,2
2062,תאשור,2006,5
2062,תאשור,2008,2
2062,תאשור,2010,1
2062,תאשור,2012,1
2062,תאשור,2014,1
2062,תאשור,2015,4
2062,תאשור,2017,2
2062,תאשור,2018,21
2062,תאשור,2019,6
2062,תאשור,2021,3
2062,תאשור,2022,6
2062,תאשור,2023,22
2062,תאשור,2024,7
2062,תאשור,2025,5
2063,דישון,2000,2
2063,דישון,2002,2
2063,דישון,2005,4
2063,דישון,2008,2
2063,דישון,2009,1
2063,דישון,2011,1
2063,דישון,2012,5
2063,דישון,2017,1
2063,דישון,2021,1
2063,דישון,2022,1
2063,דישון,2023,11
2063,דישון,2024,6
2063,דישון,2025,1
2063,דישון,2026,2
2064,זרועה,1998,3
2064,זרועה,1999,1
2064,זרועה,2000,4
2064,זרועה,2001,13
2064,זרועה,2003,7
2064,זרועה,2004,7
2064,זרועה,2005,2
2064,זרועה,2006,14
2064,זרועה,2007,16
2064,זרועה,2008,4
2064,זרועה,2009,5
2064,זרועה,2010,2
2064,זרועה,2011,2
2064,זרועה,2012,5
2064,זרועה,2013,10
2064,זרועה,2015,8
2064,זרועה,2016,13
2064,זרועה,2017,6
2064,זרועה,2018,12
2064,זרועה,2019,6
2064,זרועה,2020,8
2064,זרועה,2021,10
2064,זרועה,2022,2
2064,זרועה,2023,6
2064,זרועה,2024,3
2064,זרועה,2025,7
2064,זרועה,2026,3
207,"גבעת ח""ן",1999,2
207,"גבעת ח""ן",2000,1
207,"גבעת ח""ן",2001,2
207,"גבעת ח""ן",2002,2
207,"גבעת ח""ן",2003,1
207,"גבעת ח""ן",2004,1
207,"גבעת ח""ן",2006,1
207,"גבעת ח""ן",2007,1
207,"גבעת ח""ן",2009,4
207,"גבעת ח""ן",2010,2
207,"גבעת ח""ן",2012,1
207,"גבעת ח""ן",2014,1
207,"גבעת ח""ן",2019,2
207,"גבעת ח""ן",2020,1
207,"גבעת ח""ן",2021,2
207,"גבעת ח""ן",2022,7
207,"גבעת ח""ן",2023,1
207,"גבעת ח""ן",2024,1
207,"גבעת ח""ן",2025,2
208,מוצא עילית,1999,3
208,מוצא עילית,2004,4
208,מוצא עילית,2005,1
208,מוצא עילית,2006,5
208,מוצא עילית,2007,3
208,מוצא עילית,2008,1
208,מוצא עילית,2009,5
208,מוצא עילית,2010,35
208,מוצא עילית,2011,19
208,מוצא עילית,2012,25
208,מוצא עילית,2013,8
208,מוצא עילית,2014,1
208,מוצא עילית,2015,2
208,מוצא עילית,2016,7
208,מוצא עילית,2017,12
208,מוצא עילית,2018,34
208,מוצא עילית,2019,44
208,מוצא עילית,2020,28
208,מוצא עילית,2021,36
208,מוצא עילית,2022,16
208,מוצא עילית,2023,4
208,מוצא עילית,2024,14
208,מוצא עילית,2025,5
208,מוצא עילית,2026,7
21,באר אורה,2002,3
21,באר אורה,2004,10
21,באר אורה,2005,3
21,באר אורה,2006,4
21,באר אורה,2007,5
21,באר אורה,2008,39
21,באר אורה,2009,58
21,באר אורה,2010,51
21,באר אורה,2011,5
21,באר אורה,2012,14
21,באר אורה,2013,18
21,באר אורה,2014,20
21,באר אורה,2015,27
21,באר אורה,2016,33
21,באר אורה,2017,12
21,באר אורה,2018,12
21,באר אורה,2019,9
21,באר אורה,2020,17
21,באר אורה,2021,28
21,באר אורה,2022,10
21,באר אורה,2023,6
21,באר אורה,2024,6
21,באר אורה,2025,7
21,באר אורה,2026,5
2100,טירת כרמל,1998,251
2100,טירת כרמל,1999,291
2100,טירת כרמל,2000,318
2100,טירת כרמל,2001,309
2100,טירת כרמל,2002,208
2100,טירת כרמל,2003,139
2100,טירת כרמל,2004,168
2100,טירת כרמל,2005,171
2100,טירת כרמל,2006,220
2100,טירת כרמל,2007,198
2100,טירת כרמל,2008,234
2100,טירת כרמל,2009,245
2100,טירת כרמל,2010,256
2100,טירת כרמל,2011,368
2100,טירת כרמל,2012,410
2100,טירת כרמל,2013,491
2100,טירת כרמל,2014,590
2100,טירת כרמל,2015,928
2100,טירת כרמל,2016,726
2100,טירת כרמל,2017,601
2100,טירת כרמל,2018,528
2100,טירת כרמל,2019,474
2100,טירת כרמל,2020,527
2100,טירת כרמל,2021,839
2100,טירת כרמל,2022,628
2100,טירת כרמל,2023,423
2100,טירת כרמל,2024,776
2100,טירת כרמל,2025,481
2100,טירת כרמל,2026,234
213,משמרות,1998,1
213,משמרות,2000,1
213,משמרות,2003,1
213,משמרות,2004,5
213,משמרות,2005,5
213,משמרות,2006,2
213,משמרות,2007,5
213,משמרות,2008,6
213,משמרות,2009,31
213,משמרות,2010,10
213,משמרות,2011,7
213,משמרות,2012,11
213,משמרות,2013,31
213,משמרות,2014,6
213,משמרות,2015,10
213,משמרות,2016,16
213,משמרות,2017,15
213,משמרות,2018,18
213,משמרות,2019,10
213,משמרות,2020,25
213,משמרות,2021,9
213,משמרות,2022,12
213,משמרות,2023,12
213,משמרות,2024,11
213,משמרות,2025,9
213,משמרות,2026,1
217,"כפר הרא""ה",2002,8
217,"כפר הרא""ה",2003,4
217,"כפר הרא""ה",2004,5
217,"כפר הרא""ה",2005,26
217,"כפר הרא""ה",2006,9
217,"כפר הרא""ה",2007,15
217,"כפר הרא""ה",2008,6
217,"כפר הרא""ה",2009,6
217,"כפר הרא""ה",2010,10
217,"כפר הרא""ה",2011,4
217,"כפר הרא""ה",2012,13
217,"כפר הרא""ה",2013,4
217,"כפר הרא""ה",2014,6
217,"כפר הרא""ה",2015,15
217,"כפר הרא""ה",2016,7
217,"כפר הרא""ה",2017,5
217,"כפר הרא""ה",2018,8
217,"כפר הרא""ה",2019,2
217,"כפר הרא""ה",2020,7
217,"כפר הרא""ה",2021,10
217,"כפר הרא""ה",2022,6
217,"כפר הרא""ה",2023,3
217,"כפר הרא""ה",2024,5
217,"כפר הרא""ה",2025,14
217,"כפר הרא""ה",2026,2
218,גני עם,1998,16
218,גני עם,1999,17
218,גני עם,2000,5
218,גני עם,2001,6
218,גני עם,2002,3
218,גני עם,2003,4
218,גני עם,2004,19
218,גני עם,2005,9
218,גני עם,2006,9
218,גני עם,2007,7
218,גני עם,2008,6
218,גני עם,2009,15
218,גני עם,2010,16
218,גני עם,2011,1
218,גני עם,2012,7
218,גני עם,2013,5
218,גני עם,2014,3
218,גני עם,2015,5
218,גני עם,2016,4
218,גני עם,2017,3
218,גני עם,2018,4
218,גני עם,2020,5
218,גני עם,2021,6
218,גני עם,2022,6
218,גני עם,2023,4
218,גני עם,2024,9
218,גני עם,2025,7
219,חיבת ציון,1998,1
219,חיבת ציון,1999,2
219,חיבת ציון,2000,6
219,חיבת ציון,2001,1
219,חיבת ציון,2002,7
219,חיבת ציון,2003,2
219,חיבת ציון,2004,4
219,חיבת ציון,2005,3
219,חיבת ציון,2006,7
219,חיבת ציון,2007,2
219,חיבת ציון,2008,3
219,חיבת ציון,2009,4
219,חיבת ציון,2010,2
219,חיבת ציון,2011,3
219,חיבת ציון,2012,1
219,חיבת ציון,2013,1
219,חיבת ציון,2014,21
219,חיבת ציון,2015,9
219,חיבת ציון,2016,42
219,חיבת ציון,2017,24
219,חיבת ציון,2018,8
219,חיבת ציון,2019,6
219,חיבת ציון,2020,2
219,חיבת ציון,2021,20
219,חיבת ציון,2022,11
219,חיבת ציון,2023,3
219,חיבת ציון,2024,8
219,חיבת ציון,2025,3
219,חיבת ציון,2026,2
22,מקווה ישראל,2018,1
22,מקווה ישראל,2020,1
220,כפר ביאליק,1998,3
220,כפר ביאליק,1999,2
220,כפר ביאליק,2000,2
220,כפר ביאליק,2001,4
220,כפר ביאליק,2002,3
220,כפר ביאליק,2003,3
220,כפר ביאליק,2004,2
220,כפר ביאליק,2005,3
220,כפר ביאליק,2006,11
220,כפר ביאליק,2007,1
220,כפר ביאליק,2008,6
220,כפר ביאליק,2009,6
220,כפר ביאליק,2010,9
220,כפר ביאליק,2011,17
220,כפר ביאליק,2012,4
220,כפר ביאליק,2013,10
220,כפר ביאליק,2014,15
220,כפר ביאליק,2015,9
220,כפר ביאליק,2016,1
220,כפר ביאליק,2017,3
220,כפר ביאליק,2018,7
220,כפר ביאליק,2019,4
220,כפר ביאליק,2020,13
220,כפר ביאליק,2021,7
220,כפר ביאליק,2022,10
220,כפר ביאליק,2023,6
220,כפר ביאליק,2024,6
220,כפר ביאליק,2025,9
220,כפר ביאליק,2026,4
2200,דימונה,1998,485
2200,דימונה,1999,407
2200,דימונה,2000,446
2200,דימונה,2001,406
2200,דימונה,2002,267
2200,דימונה,2003,340
2200,דימונה,2004,248
2200,דימונה,2005,288
2200,דימונה,2006,275
2200,דימונה,2007,370
2200,דימונה,2008,440
2200,דימונה,2009,554
2200,דימונה,2010,679
2200,דימונה,2011,472
2200,דימונה,2012,481
2200,דימונה,2013,563
2200,דימונה,2014,792
2200,דימונה,2015,610
2200,דימונה,2016,576
2200,דימונה,2017,658
2200,דימונה,2018,600
2200,דימונה,2019,629
2200,דימונה,2020,744
2200,דימונה,2021,1227
2200,דימונה,2022,1270
2200,דימונה,2023,920
2200,דימונה,2024,1122
2200,דימונה,2025,808
2200,דימונה,2026,414
223,עין עירון,1998,1
223,עין עירון,2002,1
223,עין עירון,2003,3
223,עין עירון,2006,1
223,עין עירון,2008,4
223,עין עירון,2009,2
223,עין עירון,2011,3
223,עין עירון,2012,2
223,עין עירון,2013,5
223,עין עירון,2015,1
223,עין עירון,2017,2
223,עין עירון,2018,3
223,עין עירון,2020,1
223,עין עירון,2021,1
223,עין עירון,2022,4
223,עין עירון,2023,1
223,עין עירון,2025,4
223,עין עירון,2026,1
224,שושנת העמקים,2016,1
224,שושנת העמקים,2018,2
224,שושנת העמקים,2019,3
224,שושנת העמקים,2020,1
224,שושנת העמקים,2021,2
224,שושנת העמקים,2022,3
224,שושנת העמקים,2023,1
224,שושנת העמקים,2025,4
225,גן השומרון,1998,3
225,גן השומרון,1999,44
225,גן השומרון,2000,3
225,גן השומרון,2001,7
225,גן השומרון,2002,2
225,גן השומרון,2003,9
225,גן השומרון,2004,16
225,גן השומרון,2005,16
225,גן השומרון,2006,17
225,גן השומרון,2007,17
225,גן השומרון,2008,8
225,גן השומרון,2009,15
225,גן השומרון,2010,7
225,גן השומרון,2011,4
225,גן השומרון,2012,7
225,גן השומרון,2013,8
225,גן השומרון,2014,10
225,גן השומרון,2015,6
225,גן השומרון,2016,4
225,גן השומרון,2017,22
225,גן השומרון,2018,15
225,גן השומרון,2019,12
225,גן השומרון,2020,8
225,גן השומרון,2021,7
225,גן השומרון,2022,10
225,גן השומרון,2023,8
225,גן השומרון,2024,9
225,גן השומרון,2025,5
229,גני תקווה,1998,296
229,גני תקווה,1999,375
229,גני תקווה,2000,236
229,גני תקווה,2001,149
229,גני תקווה,2002,241
229,גני תקווה,2003,157
229,גני תקווה,2004,172
229,גני תקווה,2005,155
229,גני תקווה,2006,163
229,גני תקווה,2007,168
229,גני תקווה,2008,142
229,גני תקווה,2009,158
229,גני תקווה,2010,135
229,גני תקווה,2011,110
229,גני תקווה,2012,192
229,גני תקווה,2013,301
229,גני תקווה,2014,264
229,גני תקווה,2015,370
229,גני תקווה,2016,385
229,גני תקווה,2017,348
229,גני תקווה,2018,306
229,גני תקווה,2019,332
229,גני תקווה,2020,383
229,גני תקווה,2021,414
229,גני תקווה,2022,222
229,גני תקווה,2023,167
229,גני תקווה,2024,225
229,גני תקווה,2025,180
229,גני תקווה,2026,67
23,אמציה,2010,112
23,אמציה,2011,18
23,אמציה,2012,5
23,אמציה,2013,6
23,אמציה,2014,1
23,אמציה,2015,39
23,אמציה,2016,154
23,אמציה,2017,74
23,אמציה,2018,36
23,אמציה,2019,28
23,אמציה,2020,28
23,אמציה,2021,86
23,אמציה,2022,3
23,אמציה,2023,2
23,אמציה,2024,1
23,אמציה,2025,14
23,אמציה,2026,3
230,מעש,1998,3
230,מעש,2000,1
230,מעש,2001,1
230,מעש,2002,2
230,מעש,2003,1
230,מעש,2005,2
230,מעש,2006,1
230,מעש,2007,13
230,מעש,2008,6
230,מעש,2009,5
230,מעש,2010,6
230,מעש,2011,4
230,מעש,2012,4
230,מעש,2013,2
230,מעש,2014,8
230,מעש,2015,9
230,מעש,2016,18
230,מעש,2017,3
230,מעש,2018,4
230,מעש,2019,8
230,מעש,2020,4
230,מעש,2021,5
230,מעש,2022,3
230,מעש,2023,9
230,מעש,2024,8
230,מעש,2025,17
230,מעש,2026,3
2300,קריית טבעון,1998,187
2300,קריית טבעון,1999,245
2300,קריית טבעון,2000,197
2300,קריית טבעון,2001,165
2300,קריית טבעון,2002,173
2300,קריית טבעון,2003,156
2300,קריית טבעון,2004,181
2300,קריית טבעון,2005,184
2300,קריית טבעון,2006,175
2300,קריית טבעון,2007,248
2300,קריית טבעון,2008,284
2300,קריית טבעון,2009,333
2300,קריית טבעון,2010,315
2300,קריית טבעון,2011,285
2300,קריית טבעון,2012,282
2300,קריית טבעון,2013,317
2300,קריית טבעון,2014,254
2300,קריית טבעון,2015,253
2300,קריית טבעון,2016,263
2300,קריית טבעון,2017,263
2300,קריית טבעון,2018,212
2300,קריית טבעון,2019,324
2300,קריית טבעון,2020,375
2300,קריית טבעון,2021,374
2300,קריית טבעון,2022,310
2300,קריית טבעון,2023,293
2300,קריית טבעון,2024,281
2300,קריית טבעון,2025,248
2300,קריית טבעון,2026,100
232,שפיים,1998,20
232,שפיים,1999,18
232,שפיים,2000,3
232,שפיים,2001,5
232,שפיים,2002,18
232,שפיים,2003,10
232,שפיים,2004,2
232,שפיים,2005,5
232,שפיים,2006,2
232,שפיים,2007,7
232,שפיים,2009,1
232,שפיים,2010,4
232,שפיים,2011,4
232,שפיים,2012,7
232,שפיים,2013,3
232,שפיים,2014,7
232,שפיים,2015,1
232,שפיים,2016,7
232,שפיים,2017,6
232,שפיים,2018,11
232,שפיים,2019,4
232,שפיים,2020,3
232,שפיים,2021,8
232,שפיים,2022,1
232,שפיים,2023,418
232,שפיים,2024,22
232,שפיים,2025,7
233,כפר ידידיה,1999,1
233,כפר ידידיה,2000,1
233,כפר ידידיה,2001,1
233,כפר ידידיה,2002,31
233,כפר ידידיה,2003,4
233,כפר ידידיה,2004,14
233,כפר ידידיה,2005,27
233,כפר ידידיה,2006,4
233,כפר ידידיה,2007,5
233,כפר ידידיה,2008,5
233,כפר ידידיה,2009,7
233,כפר ידידיה,2010,21
233,כפר ידידיה,2011,21
233,כפר ידידיה,2012,10
233,כפר ידידיה,2013,6
233,כפר ידידיה,2014,3
233,כפר ידידיה,2015,10
233,כפר ידידיה,2016,2
233,כפר ידידיה,2017,3
233,כפר ידידיה,2018,6
233,כפר ידידיה,2019,3
233,כפר ידידיה,2020,5
233,כפר ידידיה,2021,12
233,כפר ידידיה,2022,3
233,כפר ידידיה,2023,5
233,כפר ידידיה,2024,7
233,כפר ידידיה,2025,4
234,ביצרון,1998,11
234,ביצרון,1999,16
234,ביצרון,2000,13
234,ביצרון,2001,13
234,ביצרון,2002,20
234,ביצרון,2003,6
234,ביצרון,2004,11
234,ביצרון,2005,8
234,ביצרון,2006,14
234,ביצרון,2007,15
234,ביצרון,2008,4
234,ביצרון,2009,8
234,ביצרון,2010,16
234,ביצרון,2011,2
234,ביצרון,2012,9
234,ביצרון,2013,4
234,ביצרון,2014,1
234,ביצרון,2015,6
234,ביצרון,2016,10
234,ביצרון,2017,7
234,ביצרון,2018,4
234,ביצרון,2019,11
234,ביצרון,2020,2
234,ביצרון,2021,7
234,ביצרון,2022,9
234,ביצרון,2023,4
234,ביצרון,2024,5
234,ביצרון,2025,9
234,ביצרון,2026,2
235,חבצלת השרון,1998,3
235,חבצלת השרון,1999,7
235,חבצלת השרון,2000,2
235,חבצלת השרון,2001,5
235,חבצלת השרון,2002,9
235,חבצלת השרון,2003,2
235,חבצלת השרון,2004,6
235,חבצלת השרון,2005,23
235,חבצלת השרון,2006,16
235,חבצלת השרון,2007,22
235,חבצלת השרון,2008,10
235,חבצלת השרון,2010,6
235,חבצלת השרון,2011,15
235,חבצלת השרון,2012,4
235,חבצלת השרון,2013,2
235,חבצלת השרון,2014,15
235,חבצלת השרון,2015,12
235,חבצלת השרון,2016,12
235,חבצלת השרון,2017,15
235,חבצלת השרון,2018,11
235,חבצלת השרון,2019,8
235,חבצלת השרון,2020,6
235,חבצלת השרון,2021,12
235,חבצלת השרון,2022,25
235,חבצלת השרון,2023,14
235,חבצלת השרון,2024,14
235,חבצלת השרון,2025,28
235,חבצלת השרון,2026,39
237,שער העמקים,1999,1
237,שער העמקים,2000,1
237,שער העמקים,2007,1
237,שער העמקים,2008,3
237,שער העמקים,2009,1
237,שער העמקים,2015,5
237,שער העמקים,2016,2
237,שער העמקים,2017,2
237,שער העמקים,2018,2
237,שער העמקים,2019,6
237,שער העמקים,2022,1
237,שער העמקים,2023,240
237,שער העמקים,2024,108
237,שער העמקים,2025,28
237,שער העמקים,2026,7
239,גן חיים,1998,17
239,גן חיים,1999,11
239,גן חיים,2000,18
239,גן חיים,2001,33
239,גן חיים,2002,10
239,גן חיים,2003,9
239,גן חיים,2004,7
239,גן חיים,2005,7
239,גן חיים,2006,18
239,גן חיים,2007,11
239,גן חיים,2008,10
239,גן חיים,2009,7
239,גן חיים,2010,15
239,גן חיים,2011,10
239,גן חיים,2012,3
239,גן חיים,2013,6
239,גן חיים,2014,4
239,גן חיים,2015,8
239,גן חיים,2016,11
239,גן חיים,2017,22
239,גן חיים,2018,19
239,גן חיים,2019,16
239,גן חיים,2020,28
239,גן חיים,2021,20
239,גן חיים,2022,10
239,גן חיים,2023,10
239,גן חיים,2024,14
239,גן חיים,2025,12
239,גן חיים,2026,1
24,לכיש,1999,1
24,לכיש,2001,1
24,לכיש,2002,37
24,לכיש,2003,3
24,לכיש,2004,4
24,לכיש,2005,10
24,לכיש,2006,2
24,לכיש,2007,3
24,לכיש,2008,4
24,לכיש,2009,7
24,לכיש,2010,28
24,לכיש,2011,2
24,לכיש,2012,5
24,לכיש,2013,8
24,לכיש,2014,3
24,לכיש,2015,50
24,לכיש,2016,7
24,לכיש,2017,5
24,לכיש,2018,4
24,לכיש,2019,46
24,לכיש,2020,1
24,לכיש,2021,4
24,לכיש,2022,9
24,לכיש,2023,7
24,לכיש,2024,5
24,לכיש,2025,1
240,יקנעם עילית,1998,257
240,יקנעם עילית,1999,207
240,יקנעם עילית,2000,157
240,יקנעם עילית,2001,142
240,יקנעם עילית,2002,155
240,יקנעם עילית,2003,149
240,יקנעם עילית,2004,156
240,יקנעם עילית,2005,154
240,יקנעם עילית,2006,177
240,יקנעם עילית,2007,205
240,יקנעם עילית,2008,285
240,יקנעם עילית,2009,438
240,יקנעם עילית,2010,448
240,יקנעם עילית,2011,356
240,יקנעם עילית,2012,389
240,יקנעם עילית,2013,478
240,יקנעם עילית,2014,380
240,יקנעם עילית,2015,596
240,יקנעם עילית,2016,396
240,יקנעם עילית,2017,369
240,יקנעם עילית,2018,360
240,יקנעם עילית,2019,313
240,יקנעם עילית,2020,651
240,יקנעם עילית,2021,516
240,יקנעם עילית,2022,442
240,יקנעם עילית,2023,261
240,יקנעם עילית,2024,306
240,יקנעם עילית,2025,317
240,יקנעם עילית,2026,106
2400,אור יהודה,1998,655
2400,אור יהודה,1999,493
2400,אור יהודה,2000,519
2400,אור יהודה,2001,600
2400,אור יהודה,2002,571
2400,אור יהודה,2003,482
2400,אור יהודה,2004,479
2400,אור יהודה,2005,450
2400,אור יהודה,2006,469
2400,אור יהודה,2007,542
2400,אור יהודה,2008,499
2400,אור יהודה,2009,356
2400,אור יהודה,2010,510
2400,אור יהודה,2011,338
2400,אור יהודה,2012,464
2400,אור יהודה,2013,549
2400,אור יהודה,2014,487
2400,אור יהודה,2015,529
2400,אור יהודה,2016,417
2400,אור יהודה,2017,352
2400,אור יהודה,2018,626
2400,אור יהודה,2019,963
2400,אור יהודה,2020,766
2400,אור יהודה,2021,787
2400,אור יהודה,2022,755
2400,אור יהודה,2023,517
2400,אור יהודה,2024,707
2400,אור יהודה,2025,628
2400,אור יהודה,2026,536
241,יקנעם )מושבה(,1998,143
241,יקנעם )מושבה(,1999,36
241,יקנעם )מושבה(,2000,27
241,יקנעם )מושבה(,2001,26
241,יקנעם )מושבה(,2002,32
241,יקנעם )מושבה(,2003,20
241,יקנעם )מושבה(,2004,22
241,יקנעם )מושבה(,2005,13
241,יקנעם )מושבה(,2006,23
241,יקנעם )מושבה(,2007,17
241,יקנעם )מושבה(,2008,12
241,יקנעם )מושבה(,2009,19
241,יקנעם )מושבה(,2010,25
241,יקנעם )מושבה(,2011,50
241,יקנעם )מושבה(,2012,60
241,יקנעם )מושבה(,2013,26
241,יקנעם )מושבה(,2014,12
241,יקנעם )מושבה(,2015,11
241,יקנעם )מושבה(,2016,13
241,יקנעם )מושבה(,2017,12
241,יקנעם )מושבה(,2018,29
241,יקנעם )מושבה(,2019,15
241,יקנעם )מושבה(,2020,40
241,יקנעם )מושבה(,2021,30
241,יקנעם )מושבה(,2022,24
241,יקנעם )מושבה(,2023,19
241,יקנעם )מושבה(,2024,11
241,יקנעם )מושבה(,2025,18
241,יקנעם )מושבה(,2026,6
242,בית השיטה,1998,5
242,בית השיטה,1999,14
242,בית השיטה,2004,1
242,בית השיטה,2005,2
242,בית השיטה,2006,3
242,בית השיטה,2007,43
242,בית השיטה,2008,12
242,בית השיטה,2009,17
242,בית השיטה,2010,17
242,בית השיטה,2011,8
242,בית השיטה,2012,4
242,בית השיטה,2013,4
242,בית השיטה,2014,4
242,בית השיטה,2015,9
242,בית השיטה,2016,5
242,בית השיטה,2017,1
242,בית השיטה,2018,3
242,בית השיטה,2019,4
242,בית השיטה,2020,212
242,בית השיטה,2021,39
242,בית השיטה,2022,9
242,בית השיטה,2023,15
242,בית השיטה,2024,23
242,בית השיטה,2025,46
242,בית השיטה,2026,42
246,נתיבות,1998,317
246,נתיבות,1999,338
246,נתיבות,2000,335
246,נתיבות,2001,543
246,נתיבות,2002,354
246,נתיבות,2003,352
246,נתיבות,2004,310
246,נתיבות,2005,295
246,נתיבות,2006,270
246,נתיבות,2007,307
246,נתיבות,2008,365
246,נתיבות,2009,378
246,נתיבות,2010,478
246,נתיבות,2011,613
246,נתיבות,2012,528
246,נתיבות,2013,551
246,נתיבות,2014,614
246,נתיבות,2015,744
246,נתיבות,2016,1216
246,נתיבות,2017,1127
246,נתיבות,2018,981
246,נתיבות,2019,1303
246,נתיבות,2020,1601
246,נתיבות,2021,1921
246,נתיבות,2022,1298
246,נתיבות,2023,1961
246,נתיבות,2024,2271
246,נתיבות,2025,2004
246,נתיבות,2026,1135
247,רשפון,1998,23
247,רשפון,1999,32
247,רשפון,2000,83
247,רשפון,2001,28
247,רשפון,2002,20
247,רשפון,2003,43
247,רשפון,2004,61
247,רשפון,2005,32
247,רשפון,2006,23
247,רשפון,2007,34
247,רשפון,2008,20
247,רשפון,2009,13
247,רשפון,2010,28
247,רשפון,2011,29
247,רשפון,2012,20
247,רשפון,2013,24
247,רשפון,2014,38
247,רשפון,2015,33
247,רשפון,2016,22
247,רשפון,2017,12
247,רשפון,2018,9
247,רשפון,2019,9
247,רשפון,2020,15
247,רשפון,2021,35
247,רשפון,2022,22
247,רשפון,2023,18
247,רשפון,2024,17
247,רשפון,2025,24
247,רשפון,2026,5
248,בית שערים,1998,3
248,בית שערים,2001,4
248,בית שערים,2002,1
248,בית שערים,2003,13
248,בית שערים,2004,13
248,בית שערים,2005,5
248,בית שערים,2006,2
248,בית שערים,2007,4
248,בית שערים,2008,5
248,בית שערים,2009,3
248,בית שערים,2010,4
248,בית שערים,2011,1
248,בית שערים,2012,6
248,בית שערים,2013,1
248,בית שערים,2014,1
248,בית שערים,2015,9
248,בית שערים,2017,6
248,בית שערים,2018,6
248,בית שערים,2019,8
248,בית שערים,2020,6
248,בית שערים,2021,4
248,בית שערים,2022,6
248,בית שערים,2023,5
248,בית שערים,2024,3
248,בית שערים,2025,1
249,כפר סירקין,1998,8
249,כפר סירקין,1999,2
249,כפר סירקין,2000,1
249,כפר סירקין,2001,7
249,כפר סירקין,2003,2
249,כפר סירקין,2005,3
249,כפר סירקין,2006,2
249,כפר סירקין,2007,2
249,כפר סירקין,2008,5
249,כפר סירקין,2009,11
249,כפר סירקין,2010,10
249,כפר סירקין,2011,2
249,כפר סירקין,2012,10
249,כפר סירקין,2013,4
249,כפר סירקין,2014,6
249,כפר סירקין,2015,13
249,כפר סירקין,2016,2
249,כפר סירקין,2018,6
249,כפר סירקין,2019,6
249,כפר סירקין,2020,18
249,כפר סירקין,2021,22
249,כפר סירקין,2022,8
249,כפר סירקין,2023,22
249,כפר סירקין,2024,36
249,כפר סירקין,2025,20
249,כפר סירקין,2026,3
250,הזורע,2000,1
250,הזורע,2011,2
250,הזורע,2013,3
250,הזורע,2015,2
250,הזורע,2016,1
250,הזורע,2018,1
250,הזורע,2022,1
2500,נשר,1998,466
2500,נשר,1999,788
2500,נשר,2000,499
2500,נשר,2001,406
2500,נשר,2002,373
2500,נשר,2003,386
2500,נשר,2004,387
2500,נשר,2005,408
2500,נשר,2006,404
2500,נשר,2007,427
2500,נשר,2008,524
2500,נשר,2009,639
2500,נשר,2010,464
2500,נשר,2011,424
2500,נשר,2012,575
2500,נשר,2013,568
2500,נשר,2014,522
2500,נשר,2015,576
2500,נשר,2016,545
2500,נשר,2017,483
2500,נשר,2018,423
2500,נשר,2019,430
2500,נשר,2020,467
2500,נשר,2021,753
2500,נשר,2022,896
2500,נשר,2023,469
2500,נשר,2024,786
2500,נשר,2025,586
2500,נשר,2026,268
252,ביתן אהרן,1998,2
252,ביתן אהרן,1999,1
252,ביתן אהרן,2001,1
252,ביתן אהרן,2002,4
252,ביתן אהרן,2003,2
252,ביתן אהרן,2004,1
252,ביתן אהרן,2005,1
252,ביתן אהרן,2006,16
252,ביתן אהרן,2007,7
252,ביתן אהרן,2008,3
252,ביתן אהרן,2009,7
252,ביתן אהרן,2010,1
252,ביתן אהרן,2011,10
252,ביתן אהרן,2012,8
252,ביתן אהרן,2013,7
252,ביתן אהרן,2014,6
252,ביתן אהרן,2015,8
252,ביתן אהרן,2016,2
252,ביתן אהרן,2017,23
252,ביתן אהרן,2019,6
252,ביתן אהרן,2020,1
252,ביתן אהרן,2021,9
252,ביתן אהרן,2022,4
252,ביתן אהרן,2023,10
252,ביתן אהרן,2024,6
252,ביתן אהרן,2025,4
253,חולתה,2009,3
253,חולתה,2012,117
253,חולתה,2013,34
253,חולתה,2014,3
253,חולתה,2015,6
253,חולתה,2016,3
253,חולתה,2017,4
253,חולתה,2018,1
253,חולתה,2019,11
253,חולתה,2020,16
253,חולתה,2021,27
253,חולתה,2022,38
253,חולתה,2023,18
253,חולתה,2024,1
253,חולתה,2025,2
2530,באר יעקב,1998,84
2530,באר יעקב,1999,129
2530,באר יעקב,2000,125
2530,באר יעקב,2001,152
2530,באר יעקב,2002,111
2530,באר יעקב,2003,100
2530,באר יעקב,2004,133
2530,באר יעקב,2005,144
2530,באר יעקב,2006,193
2530,באר יעקב,2007,429
2530,באר יעקב,2008,574
2530,באר יעקב,2009,868
2530,באר יעקב,2010,445
2530,באר יעקב,2011,326
2530,באר יעקב,2012,451
2530,באר יעקב,2013,673
2530,באר יעקב,2014,814
2530,באר יעקב,2015,1131
2530,באר יעקב,2016,959
2530,באר יעקב,2017,488
2530,באר יעקב,2018,531
2530,באר יעקב,2019,953
2530,באר יעקב,2020,945
2530,באר יעקב,2021,1731
2530,באר יעקב,2022,1343
2530,באר יעקב,2023,587
2530,באר יעקב,2024,1039
2530,באר יעקב,2025,1593
2530,באר יעקב,2026,368
254,כפר המכבי,1998,5
254,כפר המכבי,1999,7
254,כפר המכבי,2000,7
254,כפר המכבי,2001,5
254,כפר המכבי,2002,7
254,כפר המכבי,2003,17
254,כפר המכבי,2004,2
254,כפר המכבי,2005,4
254,כפר המכבי,2006,5
254,כפר המכבי,2007,3
254,כפר המכבי,2008,4
254,כפר המכבי,2009,16
254,כפר המכבי,2010,5
254,כפר המכבי,2011,10
254,כפר המכבי,2012,1
254,כפר המכבי,2013,3
254,כפר המכבי,2014,6
254,כפר המכבי,2015,4
254,כפר המכבי,2016,10
254,כפר המכבי,2017,5
254,כפר המכבי,2018,10
254,כפר המכבי,2019,4
254,כפר המכבי,2020,7
254,כפר המכבי,2021,12
254,כפר המכבי,2022,4
254,כפר המכבי,2023,171
254,כפר המכבי,2024,51
254,כפר המכבי,2025,20
254,כפר המכבי,2026,2
255,כפר חיטים,1998,7
255,כפר חיטים,1999,2
255,כפר חיטים,2000,4
255,כפר חיטים,2001,1
255,כפר חיטים,2002,10
255,כפר חיטים,2003,6
255,כפר חיטים,2004,40
255,כפר חיטים,2005,14
255,כפר חיטים,2006,19
255,כפר חיטים,2007,11
255,כפר חיטים,2008,13
255,כפר חיטים,2009,6
255,כפר חיטים,2010,7
255,כפר חיטים,2011,5
255,כפר חיטים,2012,5
255,כפר חיטים,2013,14
255,כפר חיטים,2014,7
255,כפר חיטים,2015,7
255,כפר חיטים,2016,8
255,כפר חיטים,2017,6
255,כפר חיטים,2018,4
255,כפר חיטים,2020,4
255,כפר חיטים,2021,4
255,כפר חיטים,2022,3
255,כפר חיטים,2023,2
255,כפר חיטים,2024,2
2550,גדרה,1998,210
2550,גדרה,1999,360
2550,גדרה,2000,434
2550,גדרה,2001,440
2550,גדרה,2002,525
2550,גדרה,2003,407
2550,גדרה,2004,433
2550,גדרה,2005,457
2550,גדרה,2006,473
2550,גדרה,2007,632
2550,גדרה,2008,637
2550,גדרה,2009,596
2550,גדרה,2010,491
2550,גדרה,2011,360
2550,גדרה,2012,374
2550,גדרה,2013,388
2550,גדרה,2014,369
2550,גדרה,2015,483
2550,גדרה,2016,456
2550,גדרה,2017,368
2550,גדרה,2018,1080
2550,גדרה,2019,669
2550,גדרה,2020,597
2550,גדרה,2021,866
2550,גדרה,2022,540
2550,גדרה,2023,456
2550,גדרה,2024,623
2550,גדרה,2025,558
2550,גדרה,2026,274
256,ניר דוד )תל עמל(,2004,2
256,ניר דוד )תל עמל(,2006,1
256,ניר דוד )תל עמל(,2007,22
256,ניר דוד )תל עמל(,2008,11
256,ניר דוד )תל עמל(,2009,3
256,ניר דוד )תל עמל(,2010,1
256,ניר דוד )תל עמל(,2012,3
256,ניר דוד )תל עמל(,2013,4
256,ניר דוד )תל עמל(,2015,10
256,ניר דוד )תל עמל(,2016,28
256,ניר דוד )תל עמל(,2017,116
256,ניר דוד )תל עמל(,2018,26
256,ניר דוד )תל עמל(,2019,3
256,ניר דוד )תל עמל(,2020,33
256,ניר דוד )תל עמל(,2021,8
256,ניר דוד )תל עמל(,2022,2
256,ניר דוד )תל עמל(,2024,3
256,ניר דוד )תל עמל(,2025,2
2560,ערד,1998,441
2560,ערד,1999,518
2560,ערד,2000,483
2560,ערד,2001,490
2560,ערד,2002,322
2560,ערד,2003,367
2560,ערד,2004,280
2560,ערד,2005,351
2560,ערד,2006,371
2560,ערד,2007,393
2560,ערד,2008,477
2560,ערד,2009,517
2560,ערד,2010,656
2560,ערד,2011,598
2560,ערד,2012,637
2560,ערד,2013,600
2560,ערד,2014,604
2560,ערד,2015,463
2560,ערד,2016,598
2560,ערד,2017,666
2560,ערד,2018,649
2560,ערד,2019,611
2560,ערד,2020,532
2560,ערד,2021,722
2560,ערד,2022,856
2560,ערד,2023,436
2560,ערד,2024,588
2560,ערד,2025,725
2560,ערד,2026,463
257,נופך,1999,1
257,נופך,2004,1
257,נופך,2006,1
257,נופך,2007,1
257,נופך,2010,3
257,נופך,2011,2
257,נופך,2013,1
257,נופך,2020,2
257,נופך,2022,1
257,נופך,2023,1
257,נופך,2024,8
257,נופך,2025,1
259,שדה נחום,1998,4
259,שדה נחום,2000,6
259,שדה נחום,2001,3
259,שדה נחום,2002,1
259,שדה נחום,2003,2
259,שדה נחום,2007,1
259,שדה נחום,2010,21
259,שדה נחום,2011,4
259,שדה נחום,2012,23
259,שדה נחום,2013,28
259,שדה נחום,2014,30
259,שדה נחום,2015,3
259,שדה נחום,2016,33
259,שדה נחום,2017,26
259,שדה נחום,2018,34
259,שדה נחום,2019,31
259,שדה נחום,2020,37
259,שדה נחום,2021,19
259,שדה נחום,2022,10
259,שדה נחום,2023,9
259,שדה נחום,2024,10
259,שדה נחום,2025,8
259,שדה נחום,2026,15
26,ראש פינה,1998,63
26,ראש פינה,1999,50
26,ראש פינה,2000,88
26,ראש פינה,2001,45
26,ראש פינה,2002,35
26,ראש פינה,2003,42
26,ראש פינה,2004,43
26,ראש פינה,2005,88
26,ראש פינה,2006,60
26,ראש פינה,2007,115
26,ראש פינה,2008,53
26,ראש פינה,2009,68
26,ראש פינה,2010,53
26,ראש פינה,2011,61
26,ראש פינה,2012,60
26,ראש פינה,2013,137
26,ראש פינה,2014,51
26,ראש פינה,2015,38
26,ראש פינה,2016,56
26,ראש פינה,2017,54
26,ראש פינה,2018,54
26,ראש פינה,2019,54
26,ראש פינה,2020,55
26,ראש פינה,2021,108
26,ראש פינה,2022,56
26,ראש פינה,2023,55
26,ראש פינה,2024,64
26,ראש פינה,2025,53
26,ראש פינה,2026,32
2600,אילת,1998,769
2600,אילת,1999,1107
2600,אילת,2000,1044
2600,אילת,2001,1245
2600,אילת,2002,967
2600,אילת,2003,1100
2600,אילת,2004,1121
2600,אילת,2005,1224
2600,אילת,2006,1324
2600,אילת,2007,1470
2600,אילת,2008,1327
2600,אילת,2009,1410
2600,אילת,2010,1380
2600,אילת,2011,1100
2600,אילת,2012,1340
2600,אילת,2013,1202
2600,אילת,2014,1247
2600,אילת,2015,1560
2600,אילת,2016,1322
2600,אילת,2017,1038
2600,אילת,2018,1043
2600,אילת,2019,1432
2600,אילת,2020,1080
2600,אילת,2021,1770
2600,אילת,2022,1494
2600,אילת,2023,907
2600,אילת,2024,1231
2600,אילת,2025,1171
2600,אילת,2026,422
2610,בית שמש,1998,1238
2610,בית שמש,1999,1452
2610,בית שמש,2000,963
2610,בית שמש,2001,1657
2610,בית שמש,2002,1288
2610,בית שמש,2003,1224
2610,בית שמש,2004,1127
2610,בית שמש,2005,1132
2610,בית שמש,2006,1071
2610,בית שמש,2007,1206
2610,בית שמש,2008,1102
2610,בית שמש,2009,1266
2610,בית שמש,2010,1362
2610,בית שמש,2011,1275
2610,בית שמש,2012,1407
2610,בית שמש,2013,1672
2610,בית שמש,2014,1515
2610,בית שמש,2015,1719
2610,בית שמש,2016,1643
2610,בית שמש,2017,1327
2610,בית שמש,2018,1818
2610,בית שמש,2019,3764
2610,בית שמש,2020,3442
2610,בית שמש,2021,3533
2610,בית שמש,2022,2719
2610,בית שמש,2023,1857
2610,בית שמש,2024,2362
2610,בית שמש,2025,2405
2610,בית שמש,2026,1138
262,גינוסר,2009,1
262,גינוסר,2012,155
262,גינוסר,2013,8
262,גינוסר,2016,17
262,גינוסר,2017,1
262,גינוסר,2018,2
262,גינוסר,2020,1
262,גינוסר,2021,20
262,גינוסר,2022,38
262,גינוסר,2023,18
262,גינוסר,2024,10
262,גינוסר,2025,9
2620,קריית אונו,1998,384
2620,קריית אונו,1999,505
2620,קריית אונו,2000,442
2620,קריית אונו,2001,529
2620,קריית אונו,2002,504
2620,קריית אונו,2003,402
2620,קריית אונו,2004,455
2620,קריית אונו,2005,537
2620,קריית אונו,2006,657
2620,קריית אונו,2007,661
2620,קריית אונו,2008,422
2620,קריית אונו,2009,457
2620,קריית אונו,2010,520
2620,קריית אונו,2011,503
2620,קריית אונו,2012,539
2620,קריית אונו,2013,512
2620,קריית אונו,2014,594
2620,קריית אונו,2015,843
2620,קריית אונו,2016,672
2620,קריית אונו,2017,541
2620,קריית אונו,2018,919
2620,קריית אונו,2019,926
2620,קריית אונו,2020,915
2620,קריית אונו,2021,1798
2620,קריית אונו,2022,1065
2620,קריית אונו,2023,563
2620,קריית אונו,2024,1090
2620,קריית אונו,2025,641
2620,קריית אונו,2026,248
263,מסדה,2012,64
263,מסדה,2014,8
263,מסדה,2015,2
263,מסדה,2016,15
263,מסדה,2017,7
263,מסדה,2018,2
263,מסדה,2019,4
263,מסדה,2020,5
263,מסדה,2021,9
263,מסדה,2022,6
263,מסדה,2023,11
263,מסדה,2024,10
263,מסדה,2025,3
263,מסדה,2026,2
2630,קריית גת,1998,395
2630,קריית גת,1999,441
2630,קריית גת,2000,549
2630,קריית גת,2001,580
2630,קריית גת,2002,504
2630,קריית גת,2003,537
2630,קריית גת,2004,429
2630,קריית גת,2005,458
2630,קריית גת,2006,682
2630,קריית גת,2007,605
2630,קריית גת,2008,699
2630,קריית גת,2009,652
2630,קריית גת,2010,1083
2630,קריית גת,2011,877
2630,קריית גת,2012,946
2630,קריית גת,2013,904
2630,קריית גת,2014,1489
2630,קריית גת,2015,2692
2630,קריית גת,2016,2051
2630,קריית גת,2017,1246
2630,קריית גת,2018,1077
2630,קריית גת,2019,1505
2630,קריית גת,2020,1968
2630,קריית גת,2021,2176
2630,קריית גת,2022,2231
2630,קריית גת,2023,1114
2630,קריית גת,2024,1665
2630,קריית גת,2025,1649
2630,קריית גת,2026,1517
264,שער הגולן,2008,1
264,שער הגולן,2012,1
264,שער הגולן,2014,1
264,שער הגולן,2016,2
264,שער הגולן,2018,1
264,שער הגולן,2019,2
264,שער הגולן,2024,1
2640,ראש העין,1998,245
2640,ראש העין,1999,308
2640,ראש העין,2000,293
2640,ראש העין,2001,274
2640,ראש העין,2002,303
2640,ראש העין,2003,300
2640,ראש העין,2004,350
2640,ראש העין,2005,307
2640,ראש העין,2006,345
2640,ראש העין,2007,454
2640,ראש העין,2008,450
2640,ראש העין,2009,411
2640,ראש העין,2010,438
2640,ראש העין,2011,404
2640,ראש העין,2012,422
2640,ראש העין,2013,1724
2640,ראש העין,2014,1314
2640,ראש העין,2015,1756
2640,ראש העין,2016,2273
2640,ראש העין,2017,2046
2640,ראש העין,2018,1124
2640,ראש העין,2019,1318
2640,ראש העין,2020,830
2640,ראש העין,2021,1175
2640,ראש העין,2022,903
2640,ראש העין,2023,927
2640,ראש העין,2024,1183
2640,ראש העין,2025,831
2640,ראש העין,2026,413
265,בית יוסף,1998,2
265,בית יוסף,1999,1
265,בית יוסף,2001,3
265,בית יוסף,2003,1
265,בית יוסף,2004,2
265,בית יוסף,2006,1
265,בית יוסף,2007,3
265,בית יוסף,2008,5
265,בית יוסף,2010,1
265,בית יוסף,2014,3
265,בית יוסף,2017,3
265,בית יוסף,2018,3
265,בית יוסף,2019,2
265,בית יוסף,2020,4
265,בית יוסף,2021,12
265,בית יוסף,2022,7
265,בית יוסף,2023,11
265,בית יוסף,2024,2
265,בית יוסף,2025,2
265,בית יוסף,2026,2
2650,רמת השרון,1998,356
2650,רמת השרון,1999,570
2650,רמת השרון,2000,412
2650,רמת השרון,2001,408
2650,רמת השרון,2002,528
2650,רמת השרון,2003,549
2650,רמת השרון,2004,516
2650,רמת השרון,2005,624
2650,רמת השרון,2006,868
2650,רמת השרון,2007,986
2650,רמת השרון,2008,817
2650,רמת השרון,2009,720
2650,רמת השרון,2010,737
2650,רמת השרון,2011,523
2650,רמת השרון,2012,626
2650,רמת השרון,2013,870
2650,רמת השרון,2014,794
2650,רמת השרון,2015,1183
2650,רמת השרון,2016,1072
2650,רמת השרון,2017,938
2650,רמת השרון,2018,1031
2650,רמת השרון,2019,885
2650,רמת השרון,2020,1008
2650,רמת השרון,2021,1722
2650,רמת השרון,2022,1353
2650,רמת השרון,2023,1092
2650,רמת השרון,2024,1042
2650,רמת השרון,2025,873
2650,רמת השרון,2026,275
2660,יבנה,1998,368
2660,יבנה,1999,328
2660,יבנה,2000,356
2660,יבנה,2001,414
2660,יבנה,2002,381
2660,יבנה,2003,375
2660,יבנה,2004,415
2660,יבנה,2005,401
2660,יבנה,2006,471
2660,יבנה,2007,646
2660,יבנה,2008,522
2660,יבנה,2009,532
2660,יבנה,2010,1363
2660,יבנה,2011,802
2660,יבנה,2012,1300
2660,יבנה,2013,1039
2660,יבנה,2014,860
2660,יבנה,2015,970
2660,יבנה,2016,727
2660,יבנה,2017,584
2660,יבנה,2018,1611
2660,יבנה,2019,1341
2660,יבנה,2020,786
2660,יבנה,2021,955
2660,יבנה,2022,821
2660,יבנה,2023,344
2660,יבנה,2024,816
2660,יבנה,2025,587
2660,יבנה,2026,349
267,כפר שמריהו,1998,21
267,כפר שמריהו,1999,37
267,כפר שמריהו,2000,31
267,כפר שמריהו,2001,30
267,כפר שמריהו,2002,12
267,כפר שמריהו,2003,36
267,כפר שמריהו,2004,51
267,כפר שמריהו,2005,51
267,כפר שמריהו,2006,39
267,כפר שמריהו,2007,47
267,כפר שמריהו,2008,33
267,כפר שמריהו,2009,29
267,כפר שמריהו,2010,47
267,כפר שמריהו,2011,27
267,כפר שמריהו,2012,23
267,כפר שמריהו,2013,34
267,כפר שמריהו,2014,35
267,כפר שמריהו,2015,47
267,כפר שמריהו,2016,51
267,כפר שמריהו,2017,21
267,כפר שמריהו,2018,40
267,כפר שמריהו,2019,44
267,כפר שמריהו,2020,64
267,כפר שמריהו,2021,140
267,כפר שמריהו,2022,115
267,כפר שמריהו,2023,83
267,כפר שמריהו,2024,62
267,כפר שמריהו,2025,55
267,כפר שמריהו,2026,9
268,טירת צבי,2009,8
268,טירת צבי,2010,7
268,טירת צבי,2011,3
268,טירת צבי,2012,1
268,טירת צבי,2013,6
268,טירת צבי,2014,5
268,טירת צבי,2015,2
268,טירת צבי,2016,12
268,טירת צבי,2017,7
268,טירת צבי,2018,4
268,טירת צבי,2019,6
268,טירת צבי,2020,8
268,טירת צבי,2021,9
268,טירת צבי,2022,109
268,טירת צבי,2023,14
268,טירת צבי,2024,21
268,טירת צבי,2025,6
268,טירת צבי,2026,6
269,מולדת,1998,38
269,מולדת,1999,8
269,מולדת,2000,15
269,מולדת,2001,4
269,מולדת,2002,15
269,מולדת,2003,98
269,מולדת,2004,24
269,מולדת,2005,32
269,מולדת,2006,24
269,מולדת,2007,20
269,מולדת,2008,12
269,מולדת,2009,29
269,מולדת,2010,3
269,מולדת,2011,4
269,מולדת,2012,4
269,מולדת,2013,9
269,מולדת,2014,18
269,מולדת,2015,20
269,מולדת,2016,9
269,מולדת,2017,5
269,מולדת,2018,8
269,מולדת,2019,3
269,מולדת,2020,9
269,מולדת,2021,11
269,מולדת,2022,41
269,מולדת,2023,6
269,מולדת,2024,5
269,מולדת,2025,5
269,מולדת,2026,1
27,שדות מיכה,2006,6
27,שדות מיכה,2010,2
27,שדות מיכה,2011,2
27,שדות מיכה,2016,2
27,שדות מיכה,2017,1
27,שדות מיכה,2019,3
27,שדות מיכה,2021,3
27,שדות מיכה,2022,3
27,שדות מיכה,2023,1
27,שדות מיכה,2024,1
27,שדות מיכה,2025,4
27,שדות מיכה,2026,1
270,עין השופט,2018,31
270,עין השופט,2021,242
270,עין השופט,2022,15
270,עין השופט,2023,25
270,עין השופט,2024,9
270,עין השופט,2025,4
270,עין השופט,2026,1
2710,אום אל-פחם,1998,135
2710,אום אל-פחם,1999,142
2710,אום אל-פחם,2000,216
2710,אום אל-פחם,2001,154
2710,אום אל-פחם,2002,153
2710,אום אל-פחם,2003,141
2710,אום אל-פחם,2004,178
2710,אום אל-פחם,2005,144
2710,אום אל-פחם,2006,235
2710,אום אל-פחם,2007,161
2710,אום אל-פחם,2008,220
2710,אום אל-פחם,2009,229
2710,אום אל-פחם,2010,294
2710,אום אל-פחם,2011,204
2710,אום אל-פחם,2012,226
2710,אום אל-פחם,2013,218
2710,אום אל-פחם,2014,265
2710,אום אל-פחם,2015,240
2710,אום אל-פחם,2016,232
2710,אום אל-פחם,2017,220
2710,אום אל-פחם,2018,311
2710,אום אל-פחם,2019,265
2710,אום אל-פחם,2020,264
2710,אום אל-פחם,2021,290
2710,אום אל-פחם,2022,356
2710,אום אל-פחם,2023,338
2710,אום אל-פחם,2024,256
2710,אום אל-פחם,2025,297
2710,אום אל-פחם,2026,162
272,מעוז חיים,2016,68
272,מעוז חיים,2017,41
272,מעוז חיים,2019,2
272,מעוז חיים,2020,3
272,מעוז חיים,2021,6
272,מעוז חיים,2022,23
272,מעוז חיים,2023,4
272,מעוז חיים,2024,18
272,מעוז חיים,2025,14
272,מעוז חיים,2026,3
2720,טירה,1998,28
2720,טירה,1999,15
2720,טירה,2000,22
2720,טירה,2001,21
2720,טירה,2002,16
2720,טירה,2003,27
2720,טירה,2004,35
2720,טירה,2005,37
2720,טירה,2006,38
2720,טירה,2007,30
2720,טירה,2008,31
2720,טירה,2009,47
2720,טירה,2010,67
2720,טירה,2011,47
2720,טירה,2012,37
2720,טירה,2013,70
2720,טירה,2014,94
2720,טירה,2015,83
2720,טירה,2016,118
2720,טירה,2017,159
2720,טירה,2018,164
2720,טירה,2019,63
2720,טירה,2020,58
2720,טירה,2021,98
2720,טירה,2022,71
2720,טירה,2023,50
2720,טירה,2024,61
2720,טירה,2025,44
2720,טירה,2026,2
273,עין גב,2010,2
273,עין גב,2011,1
273,עין גב,2012,1
273,עין גב,2013,6
273,עין גב,2015,1
273,עין גב,2017,1
273,עין גב,2018,1
273,עין גב,2020,2
273,עין גב,2021,1
273,עין גב,2022,1
273,עין גב,2023,1
273,עין גב,2024,19
273,עין גב,2025,1
2730,טייבה,1998,71
2730,טייבה,1999,54
2730,טייבה,2000,48
2730,טייבה,2001,69
2730,טייבה,2002,82
2730,טייבה,2003,89
2730,טייבה,2004,119
2730,טייבה,2005,69
2730,טייבה,2006,85
2730,טייבה,2007,78
2730,טייבה,2008,103
2730,טייבה,2009,94
2730,טייבה,2010,125
2730,טייבה,2011,150
2730,טייבה,2012,177
2730,טייבה,2013,148
2730,טייבה,2014,198
2730,טייבה,2015,165
2730,טייבה,2016,203
2730,טייבה,2017,209
2730,טייבה,2018,232
2730,טייבה,2019,88
2730,טייבה,2020,88
2730,טייבה,2021,96
2730,טייבה,2022,130
2730,טייבה,2023,144
2730,טייבה,2024,134
2730,טייבה,2025,153
2730,טייבה,2026,4
274,כפר מנחם,2005,35
274,כפר מנחם,2006,37
274,כפר מנחם,2007,81
274,כפר מנחם,2008,10
274,כפר מנחם,2009,6
274,כפר מנחם,2010,354
274,כפר מנחם,2011,2
274,כפר מנחם,2012,3
274,כפר מנחם,2013,3
274,כפר מנחם,2014,4
274,כפר מנחם,2015,15
274,כפר מנחם,2016,3
274,כפר מנחם,2017,3
274,כפר מנחם,2018,7
274,כפר מנחם,2019,5
274,כפר מנחם,2020,16
274,כפר מנחם,2021,13
274,כפר מנחם,2022,8
274,כפר מנחם,2023,1
274,כפר מנחם,2024,5
274,כפר מנחם,2025,12
274,כפר מנחם,2026,9
276,צור משה,1998,55
276,צור משה,1999,66
276,צור משה,2000,45
276,צור משה,2001,38
276,צור משה,2002,63
276,צור משה,2003,52
276,צור משה,2004,51
276,צור משה,2005,20
276,צור משה,2006,18
276,צור משה,2007,13
276,צור משה,2008,25
276,צור משה,2009,29
276,צור משה,2010,24
276,צור משה,2011,17
276,צור משה,2012,17
276,צור משה,2013,28
276,צור משה,2014,10
276,צור משה,2015,20
276,צור משה,2016,16
276,צור משה,2017,14
276,צור משה,2018,20
276,צור משה,2019,11
276,צור משה,2020,6
276,צור משה,2021,14
276,צור משה,2022,11
276,צור משה,2023,11
276,צור משה,2024,25
276,צור משה,2025,9
276,צור משה,2026,8
278,אושה,1998,4
278,אושה,1999,2
278,אושה,2001,1
278,אושה,2002,8
278,אושה,2003,1
278,אושה,2004,2
278,אושה,2005,4
278,אושה,2006,1
278,אושה,2007,1
278,אושה,2008,2
278,אושה,2009,4
278,אושה,2010,7
278,אושה,2011,4
278,אושה,2012,3
278,אושה,2013,10
278,אושה,2014,6
278,אושה,2015,1
278,אושה,2016,5
278,אושה,2017,107
278,אושה,2018,54
278,אושה,2019,15
278,אושה,2020,40
278,אושה,2021,18
278,אושה,2022,125
278,אושה,2023,23
278,אושה,2024,22
278,אושה,2025,4
278,אושה,2026,13
28,מזכרת בתיה,1998,90
28,מזכרת בתיה,1999,90
28,מזכרת בתיה,2000,94
28,מזכרת בתיה,2001,107
28,מזכרת בתיה,2002,204
28,מזכרת בתיה,2003,175
28,מזכרת בתיה,2004,225
28,מזכרת בתיה,2005,176
28,מזכרת בתיה,2006,181
28,מזכרת בתיה,2007,218
28,מזכרת בתיה,2008,179
28,מזכרת בתיה,2009,222
28,מזכרת בתיה,2010,265
28,מזכרת בתיה,2011,208
28,מזכרת בתיה,2012,237
28,מזכרת בתיה,2013,268
28,מזכרת בתיה,2014,256
28,מזכרת בתיה,2015,228
28,מזכרת בתיה,2016,343
28,מזכרת בתיה,2017,185
28,מזכרת בתיה,2018,208
28,מזכרת בתיה,2019,159
28,מזכרת בתיה,2020,154
28,מזכרת בתיה,2021,300
28,מזכרת בתיה,2022,161
28,מזכרת בתיה,2023,115
28,מזכרת בתיה,2024,169
28,מזכרת בתיה,2025,154
28,מזכרת בתיה,2026,50
280,חניתה,1999,31
280,חניתה,2000,16
280,חניתה,2001,30
280,חניתה,2002,8
280,חניתה,2003,1
280,חניתה,2004,1
280,חניתה,2005,1
280,חניתה,2006,2
280,חניתה,2007,1
280,חניתה,2008,3
280,חניתה,2009,3
280,חניתה,2010,8
280,חניתה,2011,97
280,חניתה,2012,3
280,חניתה,2013,4
280,חניתה,2014,3
280,חניתה,2015,4
280,חניתה,2016,6
280,חניתה,2017,5
280,חניתה,2018,12
280,חניתה,2019,4
280,חניתה,2020,7
280,חניתה,2021,6
280,חניתה,2022,6
280,חניתה,2023,10
280,חניתה,2025,5
2800,קריית שמונה,1998,191
2800,קריית שמונה,1999,275
2800,קריית שמונה,2000,187
2800,קריית שמונה,2001,391
2800,קריית שמונה,2002,220
2800,קריית שמונה,2003,197
2800,קריית שמונה,2004,186
2800,קריית שמונה,2005,230
2800,קריית שמונה,2006,213
2800,קריית שמונה,2007,244
2800,קריית שמונה,2008,266
2800,קריית שמונה,2009,269
2800,קריית שמונה,2010,301
2800,קריית שמונה,2011,263
2800,קריית שמונה,2012,297
2800,קריית שמונה,2013,260
2800,קריית שמונה,2014,296
2800,קריית שמונה,2015,315
2800,קריית שמונה,2016,300
2800,קריית שמונה,2017,336
2800,קריית שמונה,2018,503
2800,קריית שמונה,2019,394
2800,קריית שמונה,2020,470
2800,קריית שמונה,2021,517
2800,קריית שמונה,2022,456
2800,קריית שמונה,2023,328
2800,קריית שמונה,2024,94
2800,קריית שמונה,2025,332
2800,קריית שמונה,2026,135
281,פקיעין חדשה,1998,1
281,פקיעין חדשה,2001,5
281,פקיעין חדשה,2005,2
281,פקיעין חדשה,2006,1
281,פקיעין חדשה,2009,1
281,פקיעין חדשה,2012,1
281,פקיעין חדשה,2014,1
281,פקיעין חדשה,2015,2
281,פקיעין חדשה,2016,2
281,פקיעין חדשה,2018,1
281,פקיעין חדשה,2019,2
281,פקיעין חדשה,2020,9
281,פקיעין חדשה,2021,1
281,פקיעין חדשה,2022,2
281,פקיעין חדשה,2023,1
281,פקיעין חדשה,2024,2
281,פקיעין חדשה,2025,1
282,שבי ציון,1998,3
282,שבי ציון,1999,8
282,שבי ציון,2000,2
282,שבי ציון,2001,4
282,שבי ציון,2002,2
282,שבי ציון,2003,3
282,שבי ציון,2004,1
282,שבי ציון,2005,2
282,שבי ציון,2006,9
282,שבי ציון,2007,72
282,שבי ציון,2008,14
282,שבי ציון,2009,10
282,שבי ציון,2010,7
282,שבי ציון,2011,4
282,שבי ציון,2012,8
282,שבי ציון,2013,89
282,שבי ציון,2014,24
282,שבי ציון,2015,8
282,שבי ציון,2016,20
282,שבי ציון,2017,9
282,שבי ציון,2018,10
282,שבי ציון,2019,11
282,שבי ציון,2020,14
282,שבי ציון,2021,18
282,שבי ציון,2022,11
282,שבי ציון,2023,7
282,שבי ציון,2024,3
282,שבי ציון,2025,11
284,שדה ורבורג,1998,27
284,שדה ורבורג,1999,14
284,שדה ורבורג,2000,9
284,שדה ורבורג,2001,1
284,שדה ורבורג,2002,56
284,שדה ורבורג,2003,17
284,שדה ורבורג,2004,30
284,שדה ורבורג,2005,31
284,שדה ורבורג,2006,30
284,שדה ורבורג,2007,25
284,שדה ורבורג,2008,6
284,שדה ורבורג,2009,17
284,שדה ורבורג,2010,11
284,שדה ורבורג,2011,7
284,שדה ורבורג,2012,5
284,שדה ורבורג,2013,35
284,שדה ורבורג,2014,23
284,שדה ורבורג,2015,28
284,שדה ורבורג,2016,34
284,שדה ורבורג,2017,15
284,שדה ורבורג,2018,12
284,שדה ורבורג,2019,10
284,שדה ורבורג,2020,15
284,שדה ורבורג,2021,12
284,שדה ורבורג,2022,45
284,שדה ורבורג,2023,32
284,שדה ורבורג,2024,43
284,שדה ורבורג,2025,33
284,שדה ורבורג,2026,3
285,אלונים,2007,1
285,אלונים,2011,1
285,אלונים,2013,1
285,אלונים,2017,2
285,אלונים,2019,152
285,אלונים,2020,32
285,אלונים,2021,216
285,אלונים,2022,13
285,אלונים,2023,19
285,אלונים,2024,39
285,אלונים,2025,11
286,מעלה החמישה,2010,39
286,מעלה החמישה,2011,23
286,מעלה החמישה,2012,3
286,מעלה החמישה,2013,1
286,מעלה החמישה,2014,7
286,מעלה החמישה,2015,1
286,מעלה החמישה,2016,3
286,מעלה החמישה,2017,3
286,מעלה החמישה,2018,2
286,מעלה החמישה,2020,5
286,מעלה החמישה,2021,34
286,מעלה החמישה,2022,1
286,מעלה החמישה,2023,9
286,מעלה החמישה,2024,1
286,מעלה החמישה,2025,2
287,תל יצחק,1998,20
287,תל יצחק,1999,35
287,תל יצחק,2000,6
287,תל יצחק,2001,5
287,תל יצחק,2002,11
287,תל יצחק,2003,9
287,תל יצחק,2004,11
287,תל יצחק,2005,11
287,תל יצחק,2006,12
287,תל יצחק,2007,13
287,תל יצחק,2008,6
287,תל יצחק,2009,19
287,תל יצחק,2010,79
287,תל יצחק,2011,10
287,תל יצחק,2012,17
287,תל יצחק,2013,10
287,תל יצחק,2014,4
287,תל יצחק,2015,2
287,תל יצחק,2016,6
287,תל יצחק,2017,4
287,תל יצחק,2018,6
287,תל יצחק,2019,10
287,תל יצחק,2020,1
287,תל יצחק,2021,10
287,תל יצחק,2022,6
287,תל יצחק,2023,12
287,תל יצחק,2024,4
287,תל יצחק,2025,144
288,בית יהושע,2000,2
288,בית יהושע,2002,2
288,בית יהושע,2003,3
288,בית יהושע,2006,3
288,בית יהושע,2007,8
288,בית יהושע,2008,2
288,בית יהושע,2009,1
288,בית יהושע,2010,16
288,בית יהושע,2011,3
288,בית יהושע,2012,2
288,בית יהושע,2013,8
288,בית יהושע,2014,5
288,בית יהושע,2015,4
288,בית יהושע,2016,6
288,בית יהושע,2017,1
288,בית יהושע,2018,12
288,בית יהושע,2019,3
288,בית יהושע,2020,8
288,בית יהושע,2021,11
288,בית יהושע,2022,13
288,בית יהושע,2023,4
288,בית יהושע,2024,12
288,בית יהושע,2025,10
288,בית יהושע,2026,1
289,עין המפרץ,1998,11
289,עין המפרץ,1999,27
289,עין המפרץ,2000,21
289,עין המפרץ,2001,16
289,עין המפרץ,2002,6
289,עין המפרץ,2003,17
289,עין המפרץ,2004,6
289,עין המפרץ,2005,10
289,עין המפרץ,2006,6
289,עין המפרץ,2007,6
289,עין המפרץ,2008,10
289,עין המפרץ,2009,9
289,עין המפרץ,2010,19
289,עין המפרץ,2011,20
289,עין המפרץ,2012,22
289,עין המפרץ,2013,17
289,עין המפרץ,2014,27
289,עין המפרץ,2015,33
289,עין המפרץ,2016,28
289,עין המפרץ,2017,20
289,עין המפרץ,2018,211
289,עין המפרץ,2019,25
289,עין המפרץ,2020,19
289,עין המפרץ,2021,158
289,עין המפרץ,2022,31
289,עין המפרץ,2023,26
289,עין המפרץ,2024,14
289,עין המפרץ,2025,12
289,עין המפרץ,2026,10
29,יסוד המעלה,1998,11
29,יסוד המעלה,1999,22
29,יסוד המעלה,2000,9
29,יסוד המעלה,2001,9
29,יסוד המעלה,2002,8
29,יסוד המעלה,2003,12
29,יסוד המעלה,2004,4
29,יסוד המעלה,2005,9
29,יסוד המעלה,2006,16
29,יסוד המעלה,2007,21
29,יסוד המעלה,2008,29
29,יסוד המעלה,2009,21
29,יסוד המעלה,2010,24
29,יסוד המעלה,2011,14
29,יסוד המעלה,2012,38
29,יסוד המעלה,2013,22
29,יסוד המעלה,2014,26
29,יסוד המעלה,2015,13
29,יסוד המעלה,2016,22
29,יסוד המעלה,2017,20
29,יסוד המעלה,2018,11
29,יסוד המעלה,2019,8
29,יסוד המעלה,2020,19
29,יסוד המעלה,2021,47
29,יסוד המעלה,2022,25
29,יסוד המעלה,2023,8
29,יסוד המעלה,2024,14
29,יסוד המעלה,2025,23
29,יסוד המעלה,2026,13
290,מעין צבי,2002,1
290,מעין צבי,2005,2
290,מעין צבי,2006,3
290,מעין צבי,2008,1
290,מעין צבי,2010,6
290,מעין צבי,2011,4
290,מעין צבי,2012,2
290,מעין צבי,2013,5
290,מעין צבי,2015,1
290,מעין צבי,2016,2
290,מעין צבי,2018,1
290,מעין צבי,2019,2
290,מעין צבי,2020,3
290,מעין צבי,2023,33
290,מעין צבי,2024,18
290,מעין צבי,2025,6
290,מעין צבי,2026,4
292,שרונה,1998,10
292,שרונה,1999,12
292,שרונה,2000,57
292,שרונה,2001,16
292,שרונה,2002,6
292,שרונה,2003,2
292,שרונה,2004,2
292,שרונה,2005,5
292,שרונה,2006,7
292,שרונה,2007,4
292,שרונה,2008,4
292,שרונה,2009,5
292,שרונה,2010,7
292,שרונה,2011,5
292,שרונה,2012,4
292,שרונה,2013,6
292,שרונה,2014,2
292,שרונה,2015,11
292,שרונה,2016,3
292,שרונה,2017,1
292,שרונה,2018,15
292,שרונה,2019,1
292,שרונה,2020,6
292,שרונה,2021,8
292,שרונה,2022,6
292,שרונה,2023,3
292,שרונה,2024,7
292,שרונה,2026,2
293,שדה יואב,2001,1
293,שדה יואב,2010,1
293,שדה יואב,2011,1
293,שדה יואב,2013,3
293,שדה יואב,2014,25
293,שדה יואב,2015,40
293,שדה יואב,2016,22
293,שדה יואב,2017,2
293,שדה יואב,2018,4
293,שדה יואב,2019,1
293,שדה יואב,2020,2
293,שדה יואב,2021,6
293,שדה יואב,2022,77
293,שדה יואב,2023,4
293,שדה יואב,2024,9
293,שדה יואב,2025,72
293,שדה יואב,2026,20
294,אילון,2002,1
294,אילון,2003,10
294,אילון,2004,12
294,אילון,2005,6
294,אילון,2006,3
294,אילון,2007,5
294,אילון,2008,2
294,אילון,2009,2
294,אילון,2010,2
294,אילון,2011,6
294,אילון,2012,14
294,אילון,2013,138
294,אילון,2014,17
294,אילון,2015,10
294,אילון,2016,8
294,אילון,2017,1
294,אילון,2018,5
294,אילון,2019,16
294,אילון,2020,13
294,אילון,2021,15
294,אילון,2022,23
294,אילון,2023,8
294,אילון,2024,6
294,אילון,2025,6
294,אילון,2026,5
295,כפר רופין,2001,2
295,כפר רופין,2005,1
295,כפר רופין,2007,2
295,כפר רופין,2008,5
295,כפר רופין,2009,4
295,כפר רופין,2010,4
295,כפר רופין,2011,3
295,כפר רופין,2012,1
295,כפר רופין,2013,2
295,כפר רופין,2014,86
295,כפר רופין,2015,18
295,כפר רופין,2016,9
295,כפר רופין,2017,3
295,כפר רופין,2018,13
295,כפר רופין,2019,4
295,כפר רופין,2020,11
295,כפר רופין,2021,10
295,כפר רופין,2022,13
295,כפר רופין,2023,7
295,כפר רופין,2024,4
295,כפר רופין,2025,1
295,כפר רופין,2026,4
296,נווה איתן,2013,37
296,נווה איתן,2014,1
296,נווה איתן,2017,1
296,נווה איתן,2018,1
296,נווה איתן,2019,10
296,נווה איתן,2020,6
296,נווה איתן,2022,8
296,נווה איתן,2023,5
296,נווה איתן,2024,10
296,נווה איתן,2025,18
296,נווה איתן,2026,6
297,כפר מסריק,2002,1
297,כפר מסריק,2011,2
297,כפר מסריק,2012,1
297,כפר מסריק,2016,1
297,כפר מסריק,2017,18
297,כפר מסריק,2018,4
297,כפר מסריק,2019,12
297,כפר מסריק,2020,1
297,כפר מסריק,2021,213
297,כפר מסריק,2022,4
297,כפר מסריק,2023,2
297,כפר מסריק,2024,22
297,כפר מסריק,2025,3
297,כפר מסריק,2026,3
298,מסילות,2011,1
298,מסילות,2013,1
298,מסילות,2015,69
298,מסילות,2016,22
298,מסילות,2017,5
298,מסילות,2018,12
298,מסילות,2019,20
298,מסילות,2020,2
298,מסילות,2021,1
298,מסילות,2022,9
298,מסילות,2023,3
298,מסילות,2025,1
300,דליה,2004,1
300,דליה,2005,1
300,דליה,2006,1
300,דליה,2007,2
300,דליה,2009,1
300,דליה,2010,1
300,דליה,2016,4
300,דליה,2017,87
300,דליה,2018,5
300,דליה,2019,3
300,דליה,2020,2
300,דליה,2021,6
300,דליה,2022,3
300,דליה,2023,24
300,דליה,2024,13
300,דליה,2025,2
3000,ירושלים,1998,4679
3000,ירושלים,1999,5966
3000,ירושלים,2000,5294
3000,ירושלים,2001,5674
3000,ירושלים,2002,5487
3000,ירושלים,2003,5671
3000,ירושלים,2004,6412
3000,ירושלים,2005,6649
3000,ירושלים,2006,7450
3000,ירושלים,2007,7531
3000,ירושלים,2008,5751
3000,ירושלים,2009,6352
3000,ירושלים,2010,6323
3000,ירושלים,2011,5184
3000,ירושלים,2012,6259
3000,ירושלים,2013,7350
3000,ירושלים,2014,5884
3000,ירושלים,2015,6922
3000,ירושלים,2016,6472
3000,ירושלים,2017,5842
3000,ירושלים,2018,6160
3000,ירושלים,2019,5846
3000,ירושלים,2020,5786
3000,ירושלים,2021,8756
3000,ירושלים,2022,8189
3000,ירושלים,2023,6832
3000,ירושלים,2024,8911
3000,ירושלים,2025,7119
3000,ירושלים,2026,2799
301,בית עוזיאל,1999,3
301,בית עוזיאל,2001,1
301,בית עוזיאל,2005,4
301,בית עוזיאל,2006,1
301,בית עוזיאל,2007,2
301,בית עוזיאל,2008,4
301,בית עוזיאל,2009,5
301,בית עוזיאל,2010,13
301,בית עוזיאל,2011,9
301,בית עוזיאל,2012,5
301,בית עוזיאל,2013,1
301,בית עוזיאל,2014,6
301,בית עוזיאל,2015,3
301,בית עוזיאל,2016,7
301,בית עוזיאל,2017,5
301,בית עוזיאל,2018,2
301,בית עוזיאל,2019,4
301,בית עוזיאל,2020,3
301,בית עוזיאל,2021,12
301,בית עוזיאל,2023,2
301,בית עוזיאל,2024,11
301,בית עוזיאל,2025,1
302,דפנה,2007,3
302,דפנה,2008,2
302,דפנה,2009,1
302,דפנה,2011,7
302,דפנה,2012,120
302,דפנה,2013,27
302,דפנה,2014,6
302,דפנה,2016,1
302,דפנה,2017,6
302,דפנה,2019,4
302,דפנה,2020,12
302,דפנה,2021,20
302,דפנה,2022,15
302,דפנה,2023,5
302,דפנה,2024,2
302,דפנה,2025,3
302,דפנה,2026,3
303,דן,2009,1
303,דן,2010,122
303,דן,2011,1
303,דן,2012,18
303,דן,2013,6
303,דן,2014,15
303,דן,2015,5
303,דן,2016,5
303,דן,2020,2
303,דן,2021,2
303,דן,2022,10
303,דן,2023,4
303,דן,2024,1
303,דן,2025,8
303,דן,2026,1
304,שדה אליהו,2003,1
304,שדה אליהו,2008,1
304,שדה אליהו,2013,2
304,שדה אליהו,2014,1
304,שדה אליהו,2025,111
305,גשר,2007,1
305,גשר,2013,1
305,גשר,2014,49
305,גשר,2015,11
305,גשר,2016,14
305,גשר,2017,7
305,גשר,2018,3
305,גשר,2020,3
305,גשר,2021,11
305,גשר,2022,122
305,גשר,2023,28
305,גשר,2024,11
305,גשר,2025,5
305,גשר,2026,2
306,שדמות דבורה,1998,3
306,שדמות דבורה,2000,1
306,שדמות דבורה,2001,1
306,שדמות דבורה,2004,3
306,שדמות דבורה,2005,6
306,שדמות דבורה,2006,2
306,שדמות דבורה,2007,5
306,שדמות דבורה,2008,2
306,שדמות דבורה,2010,2
306,שדמות דבורה,2011,25
306,שדמות דבורה,2012,7
306,שדמות דבורה,2013,5
306,שדמות דבורה,2014,4
306,שדמות דבורה,2015,1
306,שדמות דבורה,2016,2
306,שדמות דבורה,2017,1
306,שדמות דבורה,2018,4
306,שדמות דבורה,2019,12
306,שדמות דבורה,2020,12
306,שדמות דבורה,2021,10
306,שדמות דבורה,2022,8
306,שדמות דבורה,2023,4
306,שדמות דבורה,2024,3
306,שדמות דבורה,2025,2
306,שדמות דבורה,2026,1
307,הזורעים,1999,1
307,הזורעים,2002,1
307,הזורעים,2003,2
307,הזורעים,2004,3
307,הזורעים,2005,2
307,הזורעים,2006,3
307,הזורעים,2007,8
307,הזורעים,2008,2
307,הזורעים,2009,3
307,הזורעים,2010,5
307,הזורעים,2011,10
307,הזורעים,2012,15
307,הזורעים,2014,5
307,הזורעים,2015,2
307,הזורעים,2016,1
307,הזורעים,2017,3
307,הזורעים,2018,3
307,הזורעים,2019,13
307,הזורעים,2020,10
307,הזורעים,2021,26
307,הזורעים,2022,16
307,הזורעים,2023,1
307,הזורעים,2024,1
307,הזורעים,2025,1
307,הזורעים,2026,1
308,מחניים,2007,1
308,מחניים,2008,2
308,מחניים,2009,5
308,מחניים,2010,23
308,מחניים,2011,57
308,מחניים,2012,11
308,מחניים,2013,27
308,מחניים,2014,17
308,מחניים,2015,2
308,מחניים,2016,5
308,מחניים,2017,8
308,מחניים,2018,7
308,מחניים,2019,8
308,מחניים,2020,7
308,מחניים,2021,4
308,מחניים,2022,7
308,מחניים,2023,7
308,מחניים,2024,3
308,מחניים,2025,2
308,מחניים,2026,1
309,נהורה,1998,21
309,נהורה,1999,21
309,נהורה,2000,57
309,נהורה,2001,15
309,נהורה,2002,15
309,נהורה,2003,14
309,נהורה,2004,8
309,נהורה,2005,7
309,נהורה,2006,6
309,נהורה,2007,18
309,נהורה,2008,15
309,נהורה,2009,12
309,נהורה,2010,11
309,נהורה,2011,12
309,נהורה,2012,8
309,נהורה,2013,12
309,נהורה,2014,4
309,נהורה,2015,17
309,נהורה,2016,4
309,נהורה,2017,10
309,נהורה,2018,28
309,נהורה,2019,6
309,נהורה,2020,8
309,נהורה,2021,12
309,נהורה,2022,8
309,נהורה,2023,5
309,נהורה,2024,6
309,נהורה,2025,7
309,נהורה,2026,7
31,אופקים,1998,138
31,אופקים,1999,202
31,אופקים,2000,238
31,אופקים,2001,287
31,אופקים,2002,181
31,אופקים,2003,211
31,אופקים,2004,123
31,אופקים,2005,235
31,אופקים,2006,240
31,אופקים,2007,256
31,אופקים,2008,206
31,אופקים,2009,240
31,אופקים,2010,407
31,אופקים,2011,257
31,אופקים,2012,379
31,אופקים,2013,346
31,אופקים,2014,531
31,אופקים,2015,494
31,אופקים,2016,706
31,אופקים,2017,650
31,אופקים,2018,801
31,אופקים,2019,632
31,אופקים,2020,583
31,אופקים,2021,1011
31,אופקים,2022,1000
31,אופקים,2023,797
31,אופקים,2024,2495
31,אופקים,2025,2542
31,אופקים,2026,1299
310,כפר גליקסון,2003,1
310,כפר גליקסון,2005,1
310,כפר גליקסון,2006,1
310,כפר גליקסון,2007,1
310,כפר גליקסון,2008,3
310,כפר גליקסון,2009,1
310,כפר גליקסון,2010,1
310,כפר גליקסון,2011,3
310,כפר גליקסון,2014,2
310,כפר גליקסון,2015,5
310,כפר גליקסון,2016,2
310,כפר גליקסון,2017,5
310,כפר גליקסון,2018,10
310,כפר גליקסון,2019,16
310,כפר גליקסון,2020,8
310,כפר גליקסון,2021,4
310,כפר גליקסון,2022,44
310,כפר גליקסון,2023,18
310,כפר גליקסון,2024,9
310,כפר גליקסון,2025,4
311,גן שורק,1998,2
311,גן שורק,1999,2
311,גן שורק,2001,1
311,גן שורק,2002,3
311,גן שורק,2003,2
311,גן שורק,2004,6
311,גן שורק,2005,1
311,גן שורק,2006,6
311,גן שורק,2007,5
311,גן שורק,2008,3
311,גן שורק,2009,1
311,גן שורק,2010,3
311,גן שורק,2011,2
311,גן שורק,2012,1
311,גן שורק,2014,1
311,גן שורק,2015,1
311,גן שורק,2016,2
311,גן שורק,2017,4
311,גן שורק,2018,11
311,גן שורק,2019,4
311,גן שורק,2020,7
311,גן שורק,2021,10
311,גן שורק,2022,1
311,גן שורק,2023,7
311,גן שורק,2024,1
311,גן שורק,2025,11
311,גן שורק,2026,1
312,נווה ים,2002,1
312,נווה ים,2003,1
312,נווה ים,2015,1
312,נווה ים,2016,1
312,נווה ים,2017,119
312,נווה ים,2018,6
312,נווה ים,2019,8
312,נווה ים,2020,8
312,נווה ים,2021,22
312,נווה ים,2022,3
312,נווה ים,2023,4
312,נווה ים,2024,2
312,נווה ים,2025,7
312,נווה ים,2026,2
313,אפק,1998,2
313,אפק,1999,5
313,אפק,2000,2
313,אפק,2001,1
313,אפק,2002,2
313,אפק,2004,3
313,אפק,2005,1
313,אפק,2006,2
313,אפק,2007,2
313,אפק,2008,2
313,אפק,2009,3
313,אפק,2010,3
313,אפק,2011,8
313,אפק,2012,6
313,אפק,2013,6
313,אפק,2014,5
313,אפק,2015,29
313,אפק,2016,18
313,אפק,2017,217
313,אפק,2018,33
313,אפק,2019,28
313,אפק,2020,152
313,אפק,2021,192
313,אפק,2022,85
313,אפק,2023,104
313,אפק,2024,120
313,אפק,2025,72
313,אפק,2026,33
315,נגבה,1998,3
315,נגבה,1999,2
315,נגבה,2003,5
315,נגבה,2004,4
315,נגבה,2006,6
315,נגבה,2007,1
315,נגבה,2008,6
315,נגבה,2009,16
315,נגבה,2010,1
315,נגבה,2011,120
315,נגבה,2012,1
315,נגבה,2013,126
315,נגבה,2014,8
315,נגבה,2015,15
315,נגבה,2016,7
315,נגבה,2017,6
315,נגבה,2018,4
315,נגבה,2019,2
315,נגבה,2021,4
315,נגבה,2022,52
315,נגבה,2023,27
315,נגבה,2024,15
315,נגבה,2025,7
315,נגבה,2026,3
316,כפר נטר,1998,2
316,כפר נטר,1999,6
316,כפר נטר,2000,12
316,כפר נטר,2001,66
316,כפר נטר,2002,11
316,כפר נטר,2003,5
316,כפר נטר,2004,8
316,כפר נטר,2005,12
316,כפר נטר,2006,17
316,כפר נטר,2007,9
316,כפר נטר,2008,7
316,כפר נטר,2009,5
316,כפר נטר,2010,6
316,כפר נטר,2011,9
316,כפר נטר,2012,8
316,כפר נטר,2013,4
316,כפר נטר,2014,4
316,כפר נטר,2015,3
316,כפר נטר,2016,2
316,כפר נטר,2017,10
316,כפר נטר,2018,1
316,כפר נטר,2019,6
316,כפר נטר,2020,11
316,כפר נטר,2021,6
316,כפר נטר,2022,9
316,כפר נטר,2023,4
316,כפר נטר,2024,12
316,כפר נטר,2025,3
317,בית אורן,1998,16
317,בית אורן,1999,4
317,בית אורן,2000,2
317,בית אורן,2001,2
317,בית אורן,2003,8
317,בית אורן,2004,4
317,בית אורן,2005,3
317,בית אורן,2006,2
317,בית אורן,2008,1
317,בית אורן,2010,6
317,בית אורן,2011,1
317,בית אורן,2012,1
317,בית אורן,2013,1
317,בית אורן,2016,1
317,בית אורן,2017,1
317,בית אורן,2018,2
317,בית אורן,2019,2
317,בית אורן,2021,4
317,בית אורן,2022,7
317,בית אורן,2023,4
317,בית אורן,2024,3
317,בית אורן,2025,3
318,עמיעוז,2018,1
318,עמיעוז,2026,3
319,עמיר,2015,6
319,עמיר,2016,1
319,עמיר,2017,15
319,עמיר,2018,74
319,עמיר,2019,56
319,עמיר,2020,15
319,עמיר,2021,11
319,עמיר,2022,22
319,עמיר,2023,1
319,עמיר,2025,1
32,עוצם,1998,1
32,עוצם,2006,1
32,עוצם,2016,21
32,עוצם,2017,3
32,עוצם,2018,1
32,עוצם,2019,11
32,עוצם,2020,13
32,עוצם,2021,6
32,עוצם,2022,3
32,עוצם,2023,4
32,עוצם,2024,3
32,עוצם,2025,6
32,עוצם,2026,1
320,כפר ורבורג,1998,17
320,כפר ורבורג,1999,9
320,כפר ורבורג,2000,7
320,כפר ורבורג,2001,5
320,כפר ורבורג,2002,5
320,כפר ורבורג,2003,5
320,כפר ורבורג,2004,16
320,כפר ורבורג,2005,9
320,כפר ורבורג,2006,5
320,כפר ורבורג,2007,1
320,כפר ורבורג,2008,5
320,כפר ורבורג,2009,15
320,כפר ורבורג,2010,7
320,כפר ורבורג,2011,14
320,כפר ורבורג,2012,7
320,כפר ורבורג,2013,5
320,כפר ורבורג,2014,3
320,כפר ורבורג,2015,3
320,כפר ורבורג,2016,5
320,כפר ורבורג,2017,2
320,כפר ורבורג,2018,2
320,כפר ורבורג,2019,8
320,כפר ורבורג,2020,8
320,כפר ורבורג,2021,7
320,כפר ורבורג,2022,8
320,כפר ורבורג,2023,5
320,כפר ורבורג,2024,12
320,כפר ורבורג,2025,18
320,כפר ורבורג,2026,1
322,בית הלל,2003,1
322,בית הלל,2006,3
322,בית הלל,2007,1
322,בית הלל,2009,1
322,בית הלל,2010,2
322,בית הלל,2011,2
322,בית הלל,2012,3
322,בית הלל,2013,1
322,בית הלל,2014,2
322,בית הלל,2015,1
322,בית הלל,2016,5
322,בית הלל,2017,2
322,בית הלל,2018,2
322,בית הלל,2019,4
322,בית הלל,2020,2
322,בית הלל,2021,1
324,שאר ישוב,2002,8
324,שאר ישוב,2003,3
324,שאר ישוב,2004,2
324,שאר ישוב,2007,12
324,שאר ישוב,2008,6
324,שאר ישוב,2009,1
324,שאר ישוב,2010,5
324,שאר ישוב,2011,4
324,שאר ישוב,2012,3
324,שאר ישוב,2014,5
324,שאר ישוב,2015,1
324,שאר ישוב,2016,3
324,שאר ישוב,2017,2
324,שאר ישוב,2018,2
324,שאר ישוב,2019,1
324,שאר ישוב,2021,3
324,שאר ישוב,2022,1
324,שאר ישוב,2023,1
324,שאר ישוב,2025,1
325,מצובה,2005,2
325,מצובה,2006,31
325,מצובה,2007,29
325,מצובה,2008,206
325,מצובה,2009,5
325,מצובה,2010,3
325,מצובה,2011,8
325,מצובה,2012,6
325,מצובה,2013,13
325,מצובה,2014,8
325,מצובה,2015,9
325,מצובה,2016,5
325,מצובה,2017,7
325,מצובה,2018,8
325,מצובה,2019,7
325,מצובה,2020,5
325,מצובה,2021,9
325,מצובה,2022,3
325,מצובה,2023,6
325,מצובה,2024,2
325,מצובה,2025,5
325,מצובה,2026,2
326,בית יצחק-שער חפר,1998,10
326,בית יצחק-שער חפר,1999,4
326,בית יצחק-שער חפר,2000,12
326,בית יצחק-שער חפר,2001,5
326,בית יצחק-שער חפר,2002,12
326,בית יצחק-שער חפר,2003,2
326,בית יצחק-שער חפר,2004,9
326,בית יצחק-שער חפר,2005,25
326,בית יצחק-שער חפר,2006,89
326,בית יצחק-שער חפר,2007,24
326,בית יצחק-שער חפר,2008,17
326,בית יצחק-שער חפר,2009,11
326,בית יצחק-שער חפר,2010,18
326,בית יצחק-שער חפר,2011,15
326,בית יצחק-שער חפר,2012,11
326,בית יצחק-שער חפר,2013,28
326,בית יצחק-שער חפר,2014,24
326,בית יצחק-שער חפר,2015,11
326,בית יצחק-שער חפר,2016,17
326,בית יצחק-שער חפר,2017,63
326,בית יצחק-שער חפר,2018,12
326,בית יצחק-שער חפר,2019,7
326,בית יצחק-שער חפר,2020,18
326,בית יצחק-שער חפר,2021,21
326,בית יצחק-שער חפר,2022,13
326,בית יצחק-שער חפר,2023,11
326,בית יצחק-שער חפר,2024,23
326,בית יצחק-שער חפר,2025,16
326,בית יצחק-שער חפר,2026,2
327,שדות ים,1998,44
327,שדות ים,1999,39
327,שדות ים,2000,27
327,שדות ים,2001,25
327,שדות ים,2002,30
327,שדות ים,2003,49
327,שדות ים,2004,66
327,שדות ים,2005,82
327,שדות ים,2006,66
327,שדות ים,2007,93
327,שדות ים,2008,70
327,שדות ים,2009,72
327,שדות ים,2010,60
327,שדות ים,2011,59
327,שדות ים,2012,35
327,שדות ים,2013,53
327,שדות ים,2014,55
327,שדות ים,2015,72
327,שדות ים,2016,59
327,שדות ים,2017,51
327,שדות ים,2018,15
327,שדות ים,2019,14
327,שדות ים,2020,42
327,שדות ים,2021,49
327,שדות ים,2022,35
327,שדות ים,2023,22
327,שדות ים,2024,17
327,שדות ים,2025,13
327,שדות ים,2026,1
329,שדה נחמיה,2005,1
329,שדה נחמיה,2007,6
329,שדה נחמיה,2008,2
329,שדה נחמיה,2009,2
329,שדה נחמיה,2011,75
329,שדה נחמיה,2012,54
329,שדה נחמיה,2013,20
329,שדה נחמיה,2014,1
329,שדה נחמיה,2015,6
329,שדה נחמיה,2016,9
329,שדה נחמיה,2017,3
329,שדה נחמיה,2018,7
329,שדה נחמיה,2019,18
329,שדה נחמיה,2020,9
329,שדה נחמיה,2021,5
329,שדה נחמיה,2022,3
329,שדה נחמיה,2023,2
329,שדה נחמיה,2024,1
329,שדה נחמיה,2025,5
33,בת שלמה,1998,22
33,בת שלמה,1999,14
33,בת שלמה,2000,22
33,בת שלמה,2001,6
33,בת שלמה,2002,9
33,בת שלמה,2003,13
33,בת שלמה,2004,14
33,בת שלמה,2005,13
33,בת שלמה,2006,23
33,בת שלמה,2007,13
33,בת שלמה,2008,6
33,בת שלמה,2009,11
33,בת שלמה,2010,15
33,בת שלמה,2011,21
33,בת שלמה,2012,12
33,בת שלמה,2013,13
33,בת שלמה,2014,9
33,בת שלמה,2015,5
33,בת שלמה,2016,12
33,בת שלמה,2017,11
33,בת שלמה,2018,12
33,בת שלמה,2019,10
33,בת שלמה,2020,10
33,בת שלמה,2021,25
33,בת שלמה,2022,17
33,בת שלמה,2023,5
33,בת שלמה,2024,20
33,בת שלמה,2025,13
330,אלומות,2000,2
330,אלומות,2006,1
330,אלומות,2008,2
330,אלומות,2009,90
330,אלומות,2010,11
330,אלומות,2011,22
330,אלומות,2012,9
330,אלומות,2013,6
330,אלומות,2014,12
330,אלומות,2015,7
330,אלומות,2016,4
330,אלומות,2017,1
330,אלומות,2018,8
330,אלומות,2019,4
330,אלומות,2020,6
330,אלומות,2021,5
330,אלומות,2024,6
330,אלומות,2025,4
330,אלומות,2026,2
331,ניר צבי,1999,3
331,ניר צבי,2000,3
331,ניר צבי,2001,3
331,ניר צבי,2004,4
331,ניר צבי,2005,6
331,ניר צבי,2006,3
331,ניר צבי,2007,8
331,ניר צבי,2008,1
331,ניר צבי,2009,4
331,ניר צבי,2010,1
331,ניר צבי,2011,7
331,ניר צבי,2012,3
331,ניר צבי,2013,5
331,ניר צבי,2014,7
331,ניר צבי,2015,4
331,ניר צבי,2016,8
331,ניר צבי,2017,5
331,ניר צבי,2018,8
331,ניר צבי,2019,9
331,ניר צבי,2020,6
331,ניר צבי,2021,37
331,ניר צבי,2022,3
331,ניר צבי,2023,1
331,ניר צבי,2024,26
331,ניר צבי,2025,8
334,קבוצת יבנה,2014,1
334,קבוצת יבנה,2016,1
334,קבוצת יבנה,2018,1
334,קבוצת יבנה,2019,1
334,קבוצת יבנה,2025,1
335,רמת השופט,2000,1
335,רמת השופט,2001,2
335,רמת השופט,2002,2
335,רמת השופט,2005,1
335,רמת השופט,2006,1
335,רמת השופט,2007,1
335,רמת השופט,2013,9
335,רמת השופט,2014,2
335,רמת השופט,2017,217
335,רמת השופט,2018,1
335,רמת השופט,2019,3
335,רמת השופט,2021,1
335,רמת השופט,2022,1
335,רמת השופט,2023,96
335,רמת השופט,2024,150
335,רמת השופט,2025,24
335,רמת השופט,2026,4
336,דורות,2008,2
336,דורות,2013,57
336,דורות,2014,1
336,דורות,2016,6
336,דורות,2017,7
336,דורות,2018,3
336,דורות,2019,1
336,דורות,2020,7
336,דורות,2021,19
336,דורות,2022,5
336,דורות,2023,4
336,דורות,2024,5
336,דורות,2025,4
336,דורות,2026,7
339,רמת צבי,2001,2
339,רמת צבי,2002,2
339,רמת צבי,2004,10
339,רמת צבי,2005,3
339,רמת צבי,2006,16
339,רמת צבי,2007,4
339,רמת צבי,2008,13
339,רמת צבי,2009,1
339,רמת צבי,2010,3
339,רמת צבי,2011,2
339,רמת צבי,2012,1
339,רמת צבי,2013,6
339,רמת צבי,2014,51
339,רמת צבי,2015,17
339,רמת צבי,2016,1
339,רמת צבי,2018,4
339,רמת צבי,2019,3
339,רמת צבי,2020,2
339,רמת צבי,2021,4
339,רמת צבי,2022,4
339,רמת צבי,2023,2
339,רמת צבי,2024,5
339,רמת צבי,2025,5
339,רמת צבי,2026,1
340,גת )קיבוץ(,2009,1
340,גת )קיבוץ(,2011,2
340,גת )קיבוץ(,2012,2
340,גת )קיבוץ(,2013,84
340,גת )קיבוץ(,2014,1
340,גת )קיבוץ(,2015,6
340,גת )קיבוץ(,2016,2
340,גת )קיבוץ(,2017,17
340,גת )קיבוץ(,2018,1
340,גת )קיבוץ(,2020,3
340,גת )קיבוץ(,2021,14
340,גת )קיבוץ(,2022,3
340,גת )קיבוץ(,2023,102
340,גת )קיבוץ(,2024,99
340,גת )קיבוץ(,2025,58
340,גת )קיבוץ(,2026,10
3400,חברון,2019,1
3400,חברון,2023,12
3400,חברון,2024,2
3400,חברון,2025,12
342,גברעם,2009,1
342,גברעם,2013,1
342,גברעם,2014,91
342,גברעם,2015,3
342,גברעם,2017,1
342,גברעם,2018,47
342,גברעם,2019,1
342,גברעם,2020,4
342,גברעם,2021,6
342,גברעם,2022,2
342,גברעם,2023,2
342,גברעם,2024,2
342,גברעם,2025,7
342,גברעם,2026,11
343,חמדיה,2009,1
343,חמדיה,2010,1
343,חמדיה,2011,12
343,חמדיה,2012,53
343,חמדיה,2013,3
343,חמדיה,2014,4
343,חמדיה,2015,4
343,חמדיה,2017,2
343,חמדיה,2019,13
343,חמדיה,2020,10
343,חמדיה,2021,11
343,חמדיה,2022,14
343,חמדיה,2023,3
343,חמדיה,2024,14
343,חמדיה,2025,6
343,חמדיה,2026,3
344,מענית,2000,1
344,מענית,2001,1
344,מענית,2002,3
344,מענית,2004,6
344,מענית,2005,5
344,מענית,2006,1
344,מענית,2007,3
344,מענית,2008,5
344,מענית,2009,2
344,מענית,2010,3
344,מענית,2011,1
344,מענית,2012,132
344,מענית,2013,8
344,מענית,2014,2
344,מענית,2015,22
344,מענית,2016,5
344,מענית,2017,4
344,מענית,2018,23
344,מענית,2019,40
344,מענית,2020,171
344,מענית,2021,13
344,מענית,2022,23
344,מענית,2023,12
344,מענית,2024,2
344,מענית,2025,7
345,כפר סאלד,2011,10
345,כפר סאלד,2012,30
345,כפר סאלד,2013,11
345,כפר סאלד,2014,1
345,כפר סאלד,2015,5
345,כפר סאלד,2016,11
345,כפר סאלד,2017,9
345,כפר סאלד,2018,1
345,כפר סאלד,2019,9
345,כפר סאלד,2020,8
345,כפר סאלד,2021,3
345,כפר סאלד,2022,6
345,כפר סאלד,2023,2
345,כפר סאלד,2024,2
345,כפר סאלד,2025,11
345,כפר סאלד,2026,5
346,גליל ים,1998,5
346,גליל ים,1999,12
346,גליל ים,2000,6
346,גליל ים,2001,10
346,גליל ים,2002,21
346,גליל ים,2003,33
346,גליל ים,2004,23
346,גליל ים,2005,11
346,גליל ים,2006,4
346,גליל ים,2007,7
346,גליל ים,2008,6
346,גליל ים,2009,7
346,גליל ים,2010,6
346,גליל ים,2011,6
346,גליל ים,2013,7
346,גליל ים,2014,13
346,גליל ים,2015,17
346,גליל ים,2016,34
346,גליל ים,2017,161
346,גליל ים,2018,141
346,גליל ים,2019,39
346,גליל ים,2020,121
346,גליל ים,2021,140
346,גליל ים,2022,38
346,גליל ים,2023,35
346,גליל ים,2024,53
346,גליל ים,2025,26
346,גליל ים,2026,8
347,מנרה,2016,2
347,מנרה,2017,2
347,מנרה,2018,29
347,מנרה,2019,15
347,מנרה,2021,1
347,מנרה,2022,2
347,מנרה,2023,4
347,מנרה,2025,1
348,ניר עם,2003,1
348,ניר עם,2010,2
348,ניר עם,2011,5
348,ניר עם,2013,1
348,ניר עם,2014,10
348,ניר עם,2015,10
348,ניר עם,2016,16
348,ניר עם,2017,4
348,ניר עם,2018,19
348,ניר עם,2019,9
348,ניר עם,2020,8
348,ניר עם,2021,12
348,ניר עם,2022,4
348,ניר עם,2023,8
348,ניר עם,2024,1
348,ניר עם,2025,2
348,ניר עם,2026,1
35,גדות,2014,17
35,גדות,2015,9
35,גדות,2016,4
35,גדות,2017,1
35,גדות,2018,1
35,גדות,2019,3
35,גדות,2021,5
35,גדות,2022,2
35,גדות,2023,4
35,גדות,2024,4
35,גדות,2025,3
351,ניצן,2003,1
351,ניצן,2005,2
351,ניצן,2006,3
351,ניצן,2007,25
351,ניצן,2008,42
351,ניצן,2009,37
351,ניצן,2010,43
351,ניצן,2011,117
351,ניצן,2012,71
351,ניצן,2013,25
351,ניצן,2014,6
351,ניצן,2015,25
351,ניצן,2016,7
351,ניצן,2017,16
351,ניצן,2018,8
351,ניצן,2019,17
351,ניצן,2020,17
351,ניצן,2021,28
351,ניצן,2022,19
351,ניצן,2023,10
351,ניצן,2024,11
351,ניצן,2025,21
351,ניצן,2026,5
352,גבולות,2011,3
352,גבולות,2012,6
352,גבולות,2013,4
352,גבולות,2014,9
352,גבולות,2015,54
352,גבולות,2016,3
352,גבולות,2017,1
352,גבולות,2019,2
352,גבולות,2021,2
352,גבולות,2022,4
352,גבולות,2023,1
352,גבולות,2024,1
352,גבולות,2025,1
354,רביבים,1998,1
354,רביבים,1999,3
354,רביבים,2000,1
354,רביבים,2001,1
354,רביבים,2002,3
354,רביבים,2003,1
354,רביבים,2004,1
354,רביבים,2006,1
354,רביבים,2007,3
354,רביבים,2009,2
354,רביבים,2010,20
354,רביבים,2011,14
354,רביבים,2012,15
354,רביבים,2013,14
354,רביבים,2014,10
354,רביבים,2015,31
354,רביבים,2016,12
354,רביבים,2017,4
354,רביבים,2018,8
354,רביבים,2019,3
354,רביבים,2020,4
354,רביבים,2021,4
354,רביבים,2022,6
354,רביבים,2023,6
354,רביבים,2024,8
354,רביבים,2025,8
355,חורשים,2006,1
355,חורשים,2010,1
355,חורשים,2017,1
355,חורשים,2018,4
355,חורשים,2019,4
355,חורשים,2021,17
3558,תומר,2010,1
3558,תומר,2015,1
3558,תומר,2016,1
356,הגושרים,2004,1
356,הגושרים,2006,1
356,הגושרים,2010,68
356,הגושרים,2011,4
356,הגושרים,2012,10
356,הגושרים,2013,2
356,הגושרים,2014,8
356,הגושרים,2015,1
356,הגושרים,2016,19
356,הגושרים,2017,28
356,הגושרים,2018,56
356,הגושרים,2019,15
356,הגושרים,2020,15
356,הגושרים,2021,21
356,הגושרים,2022,17
356,הגושרים,2023,9
356,הגושרים,2024,2
356,הגושרים,2025,13
356,הגושרים,2026,5
3560,אלקנה,2022,1
3564,כוכב השחר,2016,1
3565,רימונים,2018,1
3565,רימונים,2019,1
3565,רימונים,2020,1
3565,רימונים,2026,1
3568,ריחן,2017,1
3568,ריחן,2018,1
3568,ריחן,2021,1
3568,ריחן,2024,1
3568,ריחן,2025,4
3569,מבוא דותן,2018,1
357,כפר בלום,2004,1
357,כפר בלום,2007,9
357,כפר בלום,2009,1
357,כפר בלום,2010,1
357,כפר בלום,2011,5
357,כפר בלום,2012,1
357,כפר בלום,2013,58
357,כפר בלום,2014,24
357,כפר בלום,2015,43
357,כפר בלום,2016,6
357,כפר בלום,2017,6
357,כפר בלום,2018,5
357,כפר בלום,2019,9
357,כפר בלום,2020,12
357,כפר בלום,2021,24
357,כפר בלום,2022,14
357,כפר בלום,2023,10
357,כפר בלום,2024,5
357,כפר בלום,2025,8
357,כפר בלום,2026,2
3570,אריאל,2007,1
3570,אריאל,2020,2
3570,אריאל,2023,1
3574,בית אל,2000,1
3574,בית אל,2022,1
3574,בית אל,2026,1
358,יד מרדכי,2013,1
358,יד מרדכי,2014,3
358,יד מרדכי,2016,1
358,יד מרדכי,2018,3
358,יד מרדכי,2021,1
358,יד מרדכי,2023,1
358,יד מרדכי,2024,3
358,יד מרדכי,2025,3
358,יד מרדכי,2026,1
359,ניצנים,1998,2
359,ניצנים,2003,1
359,ניצנים,2005,1
359,ניצנים,2007,3
359,ניצנים,2008,1
359,ניצנים,2009,129
359,ניצנים,2010,9
359,ניצנים,2011,12
359,ניצנים,2012,114
359,ניצנים,2013,82
359,ניצנים,2014,19
359,ניצנים,2015,116
359,ניצנים,2016,36
359,ניצנים,2017,27
359,ניצנים,2018,33
359,ניצנים,2019,17
359,ניצנים,2020,22
359,ניצנים,2021,9
359,ניצנים,2022,4
359,ניצנים,2023,130
359,ניצנים,2024,81
359,ניצנים,2025,27
359,ניצנים,2026,5
36,שדה דוד,1998,1
36,שדה דוד,2006,1
36,שדה דוד,2007,8
36,שדה דוד,2008,9
36,שדה דוד,2010,3
36,שדה דוד,2011,1
36,שדה דוד,2013,10
36,שדה דוד,2014,43
36,שדה דוד,2015,39
36,שדה דוד,2016,10
36,שדה דוד,2017,3
36,שדה דוד,2018,5
36,שדה דוד,2019,3
36,שדה דוד,2020,4
36,שדה דוד,2021,12
36,שדה דוד,2022,5
36,שדה דוד,2023,6
36,שדה דוד,2024,10
36,שדה דוד,2025,4
360,"גבעת ניל""י",1998,4
360,"גבעת ניל""י",1999,2
360,"גבעת ניל""י",2000,8
360,"גבעת ניל""י",2001,4
360,"גבעת ניל""י",2002,10
360,"גבעת ניל""י",2004,3
360,"גבעת ניל""י",2005,18
360,"גבעת ניל""י",2006,5
360,"גבעת ניל""י",2007,1
360,"גבעת ניל""י",2008,5
360,"גבעת ניל""י",2009,1
360,"גבעת ניל""י",2010,6
360,"גבעת ניל""י",2011,1
360,"גבעת ניל""י",2012,2
360,"גבעת ניל""י",2014,6
360,"גבעת ניל""י",2017,2
360,"גבעת ניל""י",2018,2
360,"גבעת ניל""י",2019,2
360,"גבעת ניל""י",2020,1
360,"גבעת ניל""י",2021,6
360,"גבעת ניל""י",2022,8
360,"גבעת ניל""י",2023,6
360,"גבעת ניל""י",2024,6
360,"גבעת ניל""י",2025,3
3603,הר גילה,2010,1
3603,הר גילה,2019,3
3603,הר גילה,2021,1
3603,הר גילה,2022,1
3604,אלון שבות,2022,1
3604,אלון שבות,2025,1
3608,מעלה אפרים,2020,2
3608,מעלה אפרים,2022,1
3608,מעלה אפרים,2025,3
3613,גיתית,2022,1
3616,מעלה אדומים,2001,1
3616,מעלה אדומים,2004,1
3616,מעלה אדומים,2010,1
3616,מעלה אדומים,2011,1
3616,מעלה אדומים,2013,1
3616,מעלה אדומים,2020,1
3616,מעלה אדומים,2022,2
3616,מעלה אדומים,2023,2
3616,מעלה אדומים,2025,1
3617,עופרה,2025,1
362,רוחמה,2009,20
362,רוחמה,2010,1
362,רוחמה,2012,1
362,רוחמה,2013,127
362,רוחמה,2014,2
362,רוחמה,2015,31
362,רוחמה,2016,4
362,רוחמה,2017,4
362,רוחמה,2018,12
362,רוחמה,2019,2
362,רוחמה,2020,9
362,רוחמה,2021,15
362,רוחמה,2022,19
362,רוחמה,2023,120
362,רוחמה,2024,72
362,רוחמה,2025,22
362,רוחמה,2026,3
363,חפץ חיים,2005,1
363,חפץ חיים,2006,2
363,חפץ חיים,2008,5
363,חפץ חיים,2009,98
363,חפץ חיים,2010,70
363,חפץ חיים,2011,2
363,חפץ חיים,2012,66
363,חפץ חיים,2013,23
363,חפץ חיים,2014,3
363,חפץ חיים,2015,4
363,חפץ חיים,2016,29
363,חפץ חיים,2017,8
363,חפץ חיים,2018,6
363,חפץ חיים,2019,4
363,חפץ חיים,2020,12
363,חפץ חיים,2021,5
363,חפץ חיים,2022,8
363,חפץ חיים,2023,8
363,חפץ חיים,2024,127
363,חפץ חיים,2025,31
363,חפץ חיים,2026,5
3639,ורד יריחו,2024,3
3639,ורד יריחו,2025,2
364,כפר אוריה,2005,2
364,כפר אוריה,2006,17
364,כפר אוריה,2007,1
364,כפר אוריה,2008,1
364,כפר אוריה,2009,3
364,כפר אוריה,2015,2
364,כפר אוריה,2016,1
364,כפר אוריה,2017,5
364,כפר אוריה,2018,2
364,כפר אוריה,2019,1
364,כפר אוריה,2021,7
364,כפר אוריה,2022,2
364,כפר אוריה,2024,4
364,כפר אוריה,2025,9
364,כפר אוריה,2026,1
3640,קרני שומרון,2018,1
3641,שילה,2026,1
3643,חיננית,2023,1
3648,מתתיהו,2017,1
365,בית קשת,2008,18
365,בית קשת,2009,23
365,בית קשת,2010,5
365,בית קשת,2011,2
365,בית קשת,2012,5
365,בית קשת,2014,3
365,בית קשת,2015,15
365,בית קשת,2016,6
365,בית קשת,2017,1
365,בית קשת,2019,45
365,בית קשת,2020,15
365,בית קשת,2021,20
365,בית קשת,2022,5
365,בית קשת,2023,5
365,בית קשת,2024,3
365,בית קשת,2025,5
365,בית קשת,2026,3
3650,אפרת,2017,1
3650,אפרת,2020,1
3650,אפרת,2021,1
3650,אפרת,2022,1
3652,בית אריה,2025,1
3656,כרמל,1999,1
3656,כרמל,2007,1
3656,כרמל,2008,1
3656,כרמל,2014,1
3656,כרמל,2019,2
3656,כרמל,2020,1
3656,כרמל,2022,1
3656,כרמל,2023,2
3656,כרמל,2024,2
3656,כרמל,2025,1
3656,כרמל,2026,1
3658,עטרת,2008,1
366,שמיר,2007,11
366,שמיר,2008,3
366,שמיר,2009,6
366,שמיר,2010,1
366,שמיר,2011,1
366,שמיר,2012,1
366,שמיר,2013,1
366,שמיר,2015,1
366,שמיר,2016,1
366,שמיר,2019,1
366,שמיר,2020,1
366,שמיר,2021,1
366,שמיר,2023,1
3660,עמנואל,2015,1
3660,עמנואל,2020,1
3660,עמנואל,2021,1
3660,עמנואל,2022,1
367,עין העמק,1998,4
367,עין העמק,2000,1
367,עין העמק,2002,3
367,עין העמק,2003,1
367,עין העמק,2004,1
367,עין העמק,2005,3
367,עין העמק,2006,6
367,עין העמק,2007,1
367,עין העמק,2008,1
367,עין העמק,2009,7
367,עין העמק,2010,3
367,עין העמק,2011,1
367,עין העמק,2012,3
367,עין העמק,2014,2
367,עין העמק,2015,7
367,עין העמק,2016,2
367,עין העמק,2017,1
367,עין העמק,2019,2
367,עין העמק,2020,1
367,עין העמק,2021,137
367,עין העמק,2022,2
367,עין העמק,2023,3
367,עין העמק,2025,6
367,עין העמק,2026,3
368,ביריה,1998,4
368,ביריה,1999,5
368,ביריה,2000,3
368,ביריה,2002,3
368,ביריה,2003,7
368,ביריה,2004,2
368,ביריה,2005,2
368,ביריה,2006,2
368,ביריה,2007,5
368,ביריה,2008,13
368,ביריה,2009,8
368,ביריה,2010,6
368,ביריה,2011,4
368,ביריה,2012,1
368,ביריה,2013,4
368,ביריה,2014,8
368,ביריה,2015,2
368,ביריה,2016,3
368,ביריה,2017,6
368,ביריה,2018,4
368,ביריה,2019,10
368,ביריה,2020,6
368,ביריה,2021,9
368,ביריה,2022,10
368,ביריה,2023,1
368,ביריה,2024,2
368,ביריה,2025,2
369,גלעד )אבן יצחק(,2004,1
369,גלעד )אבן יצחק(,2011,1
369,גלעד )אבן יצחק(,2023,1
37,איתן,2009,1
37,איתן,2013,1
37,איתן,2017,2
37,איתן,2018,11
37,איתן,2019,19
37,איתן,2020,18
37,איתן,2021,12
37,איתן,2022,6
37,איתן,2024,2
37,איתן,2025,1
370,גזר,1998,10
370,גזר,1999,9
370,גזר,2000,4
370,גזר,2001,10
370,גזר,2002,4
370,גזר,2003,12
370,גזר,2004,5
370,גזר,2005,5
370,גזר,2006,20
370,גזר,2007,18
370,גזר,2008,6
370,גזר,2009,9
370,גזר,2010,79
370,גזר,2011,10
370,גזר,2012,57
370,גזר,2013,59
370,גזר,2014,34
370,גזר,2015,10
370,גזר,2016,15
370,גזר,2017,20
370,גזר,2018,15
370,גזר,2019,6
370,גזר,2020,22
370,גזר,2021,8
370,גזר,2022,14
370,גזר,2023,93
370,גזר,2024,64
370,גזר,2025,11
370,גזר,2026,1
3709,מבוא חורון,2024,1
371,כדורי,1999,2
371,כדורי,2007,2
371,כדורי,2008,1
371,כדורי,2009,1
371,כדורי,2010,1
371,כדורי,2011,1
371,כדורי,2018,1
371,כדורי,2020,1
371,כדורי,2023,2
371,כדורי,2024,2
371,כדורי,2025,2
371,כדורי,2026,1
3715,עלמון,2019,1
3719,תלם,2015,1
3719,תלם,2023,1
372,רמות נפתלי,2002,1
372,רמות נפתלי,2003,1
372,רמות נפתלי,2004,1
372,רמות נפתלי,2008,2
372,רמות נפתלי,2010,2
372,רמות נפתלי,2011,8
372,רמות נפתלי,2012,3
372,רמות נפתלי,2016,5
372,רמות נפתלי,2018,1
372,רמות נפתלי,2019,2
372,רמות נפתלי,2020,1
372,רמות נפתלי,2021,13
372,רמות נפתלי,2022,9
372,רמות נפתלי,2023,11
372,רמות נפתלי,2025,2
3722,אשכולות,2014,1
3722,אשכולות,2017,6
3722,אשכולות,2018,3
3722,אשכולות,2026,1
3727,עלי זהב,2019,1
3727,עלי זהב,2025,1
373,בית הלוי,2018,1
373,בית הלוי,2020,1
373,בית הלוי,2021,5
373,בית הלוי,2023,2
373,בית הלוי,2024,1
373,בית הלוי,2025,2
373,בית הלוי,2026,1
3730,גבעת זאב,1999,1
3730,גבעת זאב,2016,3
3730,גבעת זאב,2017,1
3730,גבעת זאב,2019,2
3730,גבעת זאב,2021,3
3730,גבעת זאב,2022,1
3730,גבעת זאב,2023,4
3730,גבעת זאב,2024,1
3730,גבעת זאב,2025,3
374,חוקוק,2004,1
374,חוקוק,2005,1
374,חוקוק,2006,6
374,חוקוק,2007,10
374,חוקוק,2008,9
374,חוקוק,2009,23
374,חוקוק,2010,1
374,חוקוק,2011,8
374,חוקוק,2012,4
374,חוקוק,2013,2
374,חוקוק,2014,4
374,חוקוק,2015,3
374,חוקוק,2016,2
374,חוקוק,2017,2
374,חוקוק,2018,72
374,חוקוק,2019,4
374,חוקוק,2020,3
374,חוקוק,2021,14
374,חוקוק,2022,86
374,חוקוק,2023,16
374,חוקוק,2024,14
374,חוקוק,2025,16
374,חוקוק,2026,7
3743,טנא,2021,1
375,מגל,1998,1
375,מגל,2006,299
375,מגל,2007,57
375,מגל,2008,2
375,מגל,2009,2
375,מגל,2010,2
375,מגל,2011,28
375,מגל,2012,8
375,מגל,2014,3
375,מגל,2015,7
375,מגל,2016,2
375,מגל,2017,12
375,מגל,2018,40
375,מגל,2019,36
375,מגל,2020,14
375,מגל,2021,10
375,מגל,2022,5
375,מגל,2023,2
375,מגל,2025,20
375,מגל,2026,4
3750,אלפי מנשה,2021,1
3750,אלפי מנשה,2022,3
3750,אלפי מנשה,2024,2
3750,אלפי מנשה,2025,2
3750,אלפי מנשה,2026,3
3756,סוסיה,2024,1
3759,אדורה,1999,1
3759,אדורה,2008,2
3759,אדורה,2010,1
376,עברון,2009,2
376,עברון,2015,1
376,עברון,2018,1
376,עברון,2022,1
3763,גבע בנימין,1999,1
3763,גבע בנימין,2021,1
3765,עלי,2020,1
3765,עלי,2023,1
3768,פדואל,2020,1
3768,פדואל,2022,1
3769,הר אדר,2006,1
3769,הר אדר,2018,1
3769,הר אדר,2020,1
3769,הר אדר,2021,1
3769,הר אדר,2024,3
377,המעפיל,1999,1
377,המעפיל,2003,1
377,המעפיל,2004,1
377,המעפיל,2007,2
377,המעפיל,2009,1
377,המעפיל,2010,1
377,המעפיל,2012,1
377,המעפיל,2013,1
377,המעפיל,2016,2
377,המעפיל,2017,44
377,המעפיל,2018,75
377,המעפיל,2019,14
377,המעפיל,2020,1
377,המעפיל,2021,22
377,המעפיל,2022,11
377,המעפיל,2023,9
377,המעפיל,2024,23
377,המעפיל,2025,13
377,המעפיל,2026,6
3770,חשמונאים,1998,1
3770,חשמונאים,2003,1
3777,סנסנה,2023,2
3777,סנסנה,2025,1
3779,כוכב יעקב,2025,1
378,משגב עם,2001,1
378,משגב עם,2004,1
378,משגב עם,2006,1
378,משגב עם,2012,6
378,משגב עם,2013,3
378,משגב עם,2014,3
378,משגב עם,2015,1
378,משגב עם,2016,1
378,משגב עם,2017,1
378,משגב עם,2018,17
378,משגב עם,2019,11
378,משגב עם,2020,6
378,משגב עם,2021,4
378,משגב עם,2022,15
378,משגב עם,2023,3
378,משגב עם,2025,2
378,משגב עם,2026,5
3780,ביתר עילית,1999,1
3780,ביתר עילית,2000,25
3780,ביתר עילית,2001,6
3780,ביתר עילית,2002,19
3780,ביתר עילית,2003,21
3780,ביתר עילית,2004,3
3780,ביתר עילית,2005,8
3780,ביתר עילית,2006,2
3780,ביתר עילית,2007,11
3780,ביתר עילית,2008,15
3780,ביתר עילית,2009,1
3780,ביתר עילית,2010,2
3780,ביתר עילית,2011,1
3780,ביתר עילית,2012,4
3780,ביתר עילית,2013,1
3780,ביתר עילית,2014,12
3780,ביתר עילית,2015,4
3780,ביתר עילית,2016,2
3780,ביתר עילית,2018,2
3780,ביתר עילית,2019,1
3780,ביתר עילית,2020,2
3780,ביתר עילית,2021,7
3780,ביתר עילית,2022,9
3780,ביתר עילית,2023,2
3780,ביתר עילית,2024,4
3780,ביתר עילית,2025,4
3780,ביתר עילית,2026,15
3782,רותם,2026,3
3787,נעלה,2022,1
379,גאולים,1998,13
379,גאולים,1999,8
379,גאולים,2001,4
379,גאולים,2002,4
379,גאולים,2005,2
379,גאולים,2006,5
379,גאולים,2010,2
379,גאולים,2012,1
379,גאולים,2013,7
379,גאולים,2015,8
379,גאולים,2016,26
379,גאולים,2017,1
379,גאולים,2018,5
379,גאולים,2020,6
379,גאולים,2021,2
379,גאולים,2022,4
379,גאולים,2023,2
379,גאולים,2024,1
379,גאולים,2025,5
3794,בת עין,2024,1
3797,מודיעין עילית,2005,1
3797,מודיעין עילית,2010,1
3797,מודיעין עילית,2017,1
3797,מודיעין עילית,2018,1
3797,מודיעין עילית,2019,4
3797,מודיעין עילית,2020,8
3797,מודיעין עילית,2021,2
3797,מודיעין עילית,2024,1
3797,מודיעין עילית,2025,1
380,להבות הבשן,2007,4
380,להבות הבשן,2008,2
380,להבות הבשן,2009,3
380,להבות הבשן,2010,3
380,להבות הבשן,2011,3
380,להבות הבשן,2012,2
380,להבות הבשן,2013,1
380,להבות הבשן,2014,76
380,להבות הבשן,2015,20
380,להבות הבשן,2016,15
380,להבות הבשן,2017,47
380,להבות הבשן,2018,16
380,להבות הבשן,2019,8
380,להבות הבשן,2020,6
380,להבות הבשן,2021,9
380,להבות הבשן,2022,18
380,להבות הבשן,2023,5
380,להבות הבשן,2024,7
380,להבות הבשן,2025,9
380,להבות הבשן,2026,4
382,מכמורת,1998,1
382,מכמורת,1999,1
382,מכמורת,2000,3
382,מכמורת,2001,3
382,מכמורת,2002,1
382,מכמורת,2003,2
382,מכמורת,2004,4
382,מכמורת,2005,6
382,מכמורת,2006,13
382,מכמורת,2007,7
382,מכמורת,2008,2
382,מכמורת,2009,7
382,מכמורת,2010,10
382,מכמורת,2011,3
382,מכמורת,2012,7
382,מכמורת,2013,8
382,מכמורת,2014,16
382,מכמורת,2015,8
382,מכמורת,2016,8
382,מכמורת,2017,19
382,מכמורת,2018,10
382,מכמורת,2019,10
382,מכמורת,2020,8
382,מכמורת,2021,15
382,מכמורת,2022,3
382,מכמורת,2023,7
382,מכמורת,2024,6
382,מכמורת,2025,6
382,מכמורת,2026,3
3823,גני מודיעין,2025,1
383,"עין הנצי""ב",2018,1
383,"עין הנצי""ב",2019,1
383,"עין הנצי""ב",2020,2
383,"עין הנצי""ב",2021,97
383,"עין הנצי""ב",2022,1
383,"עין הנצי""ב",2023,2
383,"עין הנצי""ב",2025,33
383,"עין הנצי""ב",2026,10
385,עמיעד,2001,1
385,עמיעד,2006,2
385,עמיעד,2009,1
385,עמיעד,2011,1
385,עמיעד,2012,100
385,עמיעד,2013,1
385,עמיעד,2014,9
385,עמיעד,2015,6
385,עמיעד,2016,4
385,עמיעד,2018,11
385,עמיעד,2019,15
385,עמיעד,2020,17
385,עמיעד,2021,26
385,עמיעד,2022,21
385,עמיעד,2023,7
385,עמיעד,2024,6
385,עמיעד,2025,4
385,עמיעד,2026,1
386,בני דרור,1998,17
386,בני דרור,1999,9
386,בני דרור,2000,79
386,בני דרור,2001,16
386,בני דרור,2002,12
386,בני דרור,2003,7
386,בני דרור,2004,14
386,בני דרור,2005,21
386,בני דרור,2006,20
386,בני דרור,2007,7
386,בני דרור,2008,4
386,בני דרור,2009,5
386,בני דרור,2010,9
386,בני דרור,2011,10
386,בני דרור,2012,11
386,בני דרור,2013,6
386,בני דרור,2014,18
386,בני דרור,2015,12
386,בני דרור,2016,7
386,בני דרור,2017,8
386,בני דרור,2018,6
386,בני דרור,2019,31
386,בני דרור,2020,5
386,בני דרור,2021,51
386,בני דרור,2022,31
386,בני דרור,2023,76
386,בני דרור,2024,17
386,בני דרור,2025,19
386,בני דרור,2026,2
387,כפר מונש,1998,1
387,כפר מונש,1999,1
387,כפר מונש,2000,1
387,כפר מונש,2001,4
387,כפר מונש,2002,3
387,כפר מונש,2003,7
387,כפר מונש,2004,11
387,כפר מונש,2005,9
387,כפר מונש,2006,3
387,כפר מונש,2007,8
387,כפר מונש,2009,4
387,כפר מונש,2010,7
387,כפר מונש,2011,6
387,כפר מונש,2013,4
387,כפר מונש,2014,16
387,כפר מונש,2015,6
387,כפר מונש,2016,8
387,כפר מונש,2017,10
387,כפר מונש,2019,3
387,כפר מונש,2020,8
387,כפר מונש,2021,5
387,כפר מונש,2022,5
387,כפר מונש,2023,14
387,כפר מונש,2024,11
387,כפר מונש,2025,12
387,כפר מונש,2026,1
388,כפר קיש,1998,3
388,כפר קיש,1999,6
388,כפר קיש,2000,2
388,כפר קיש,2001,4
388,כפר קיש,2002,1
388,כפר קיש,2003,1
388,כפר קיש,2004,3
388,כפר קיש,2005,1
388,כפר קיש,2006,24
388,כפר קיש,2007,17
388,כפר קיש,2008,8
388,כפר קיש,2009,9
388,כפר קיש,2010,19
388,כפר קיש,2011,18
388,כפר קיש,2012,12
388,כפר קיש,2013,9
388,כפר קיש,2014,10
388,כפר קיש,2015,7
388,כפר קיש,2016,4
388,כפר קיש,2017,8
388,כפר קיש,2018,2
388,כפר קיש,2019,31
388,כפר קיש,2020,16
388,כפר קיש,2021,15
388,כפר קיש,2022,10
388,כפר קיש,2023,7
388,כפר קיש,2024,1
388,כפר קיש,2025,4
389,בצרה,1998,10
389,בצרה,1999,21
389,בצרה,2000,24
389,בצרה,2001,8
389,בצרה,2002,10
389,בצרה,2003,27
389,בצרה,2004,8
389,בצרה,2005,5
389,בצרה,2006,15
389,בצרה,2007,12
389,בצרה,2008,12
389,בצרה,2009,16
389,בצרה,2010,22
389,בצרה,2011,11
389,בצרה,2012,15
389,בצרה,2013,10
389,בצרה,2014,26
389,בצרה,2015,32
389,בצרה,2016,23
389,בצרה,2017,11
389,בצרה,2018,16
389,בצרה,2019,40
389,בצרה,2020,24
389,בצרה,2021,52
389,בצרה,2022,37
389,בצרה,2023,19
389,בצרה,2024,24
389,בצרה,2025,18
389,בצרה,2026,8
39,גפן,2001,5
39,גפן,2002,5
39,גפן,2003,1
39,גפן,2004,1
39,גפן,2005,2
39,גפן,2006,5
39,גפן,2007,5
39,גפן,2008,3
39,גפן,2009,6
39,גפן,2010,3
39,גפן,2011,4
39,גפן,2012,7
39,גפן,2013,9
39,גפן,2014,11
39,גפן,2015,11
39,גפן,2016,9
39,גפן,2017,5
39,גפן,2018,4
39,גפן,2019,13
39,גפן,2020,2
39,גפן,2021,2
39,גפן,2022,1
39,גפן,2024,5
39,גפן,2026,6
390,רגבה,1999,1
390,רגבה,2000,1
390,רגבה,2002,261
390,רגבה,2003,20
390,רגבה,2004,5
390,רגבה,2005,5
390,רגבה,2006,8
390,רגבה,2007,13
390,רגבה,2008,8
390,רגבה,2009,6
390,רגבה,2010,18
390,רגבה,2011,9
390,רגבה,2012,5
390,רגבה,2013,24
390,רגבה,2014,8
390,רגבה,2015,3
390,רגבה,2016,5
390,רגבה,2017,6
390,רגבה,2018,23
390,רגבה,2019,7
390,רגבה,2020,4
390,רגבה,2021,6
390,רגבה,2022,6
390,רגבה,2023,10
390,רגבה,2024,3
390,רגבה,2025,8
390,רגבה,2026,3
392,קדמה,2024,1
393,גלאון,2000,1
393,גלאון,2006,1
393,גלאון,2011,33
393,גלאון,2012,29
393,גלאון,2013,9
393,גלאון,2014,5
393,גלאון,2015,12
393,גלאון,2016,3
393,גלאון,2017,4
393,גלאון,2019,34
393,גלאון,2020,21
393,גלאון,2022,2
393,גלאון,2023,127
393,גלאון,2024,65
393,גלאון,2025,24
393,גלאון,2026,4
394,שובל,1998,1
394,שובל,2003,2
394,שובל,2004,1
394,שובל,2007,1
394,שובל,2012,7
394,שובל,2013,31
394,שובל,2014,103
394,שובל,2015,40
394,שובל,2016,6
394,שובל,2017,6
394,שובל,2018,1
394,שובל,2019,6
394,שובל,2020,6
394,שובל,2021,6
394,שובל,2022,4
394,שובל,2023,14
394,שובל,2024,2
394,שובל,2026,1
395,משמר הנגב,2008,20
395,משמר הנגב,2009,4
395,משמר הנגב,2010,4
395,משמר הנגב,2011,3
395,משמר הנגב,2012,27
395,משמר הנגב,2013,11
395,משמר הנגב,2014,2
395,משמר הנגב,2015,1
395,משמר הנגב,2016,22
395,משמר הנגב,2017,10
395,משמר הנגב,2019,3
395,משמר הנגב,2020,3
395,משמר הנגב,2021,243
395,משמר הנגב,2022,2
395,משמר הנגב,2023,18
395,משמר הנגב,2024,1
395,משמר הנגב,2025,243
395,משמר הנגב,2026,25
396,נבטים,1999,2
396,נבטים,2000,2
396,נבטים,2001,7
396,נבטים,2005,2
396,נבטים,2009,1
396,נבטים,2010,9
396,נבטים,2011,30
396,נבטים,2012,28
396,נבטים,2013,19
396,נבטים,2014,15
396,נבטים,2015,3
396,נבטים,2016,5
396,נבטים,2017,17
396,נבטים,2018,8
396,נבטים,2019,14
396,נבטים,2020,2
396,נבטים,2021,5
396,נבטים,2022,1
396,נבטים,2023,2
396,נבטים,2024,26
396,נבטים,2025,1
396,נבטים,2026,1
397,חצרים,2021,3
398,שרשרת,1998,7
398,שרשרת,1999,6
398,שרשרת,2000,1
398,שרשרת,2001,9
398,שרשרת,2002,5
398,שרשרת,2003,2
398,שרשרת,2005,1
398,שרשרת,2006,3
398,שרשרת,2007,7
398,שרשרת,2008,6
398,שרשרת,2009,7
398,שרשרת,2010,7
398,שרשרת,2012,5
398,שרשרת,2013,2
398,שרשרת,2014,10
398,שרשרת,2015,6
398,שרשרת,2016,8
398,שרשרת,2017,2
398,שרשרת,2018,16
398,שרשרת,2019,19
398,שרשרת,2020,3
398,שרשרת,2021,2
398,שרשרת,2022,9
398,שרשרת,2023,7
398,שרשרת,2024,3
398,שרשרת,2025,3
399,בארי,2004,1
399,בארי,2011,1
400,אבן שמואל,2006,6
400,אבן שמואל,2007,25
400,אבן שמואל,2008,20
400,אבן שמואל,2009,41
400,אבן שמואל,2010,30
400,אבן שמואל,2011,10
400,אבן שמואל,2012,52
400,אבן שמואל,2013,24
400,אבן שמואל,2014,57
400,אבן שמואל,2015,42
400,אבן שמואל,2016,14
400,אבן שמואל,2017,14
400,אבן שמואל,2018,10
400,אבן שמואל,2019,6
400,אבן שמואל,2020,2
400,אבן שמואל,2021,5
400,אבן שמואל,2022,6
400,אבן שמואל,2023,3
400,אבן שמואל,2024,2
400,אבן שמואל,2025,5
400,אבן שמואל,2026,2
4000,חיפה,1998,3620
4000,חיפה,1999,3782
4000,חיפה,2000,3150
4000,חיפה,2001,2842
4000,חיפה,2002,2934
4000,חיפה,2003,2799
4000,חיפה,2004,2854
4000,חיפה,2005,2952
4000,חיפה,2006,2828
4000,חיפה,2007,3316
4000,חיפה,2008,4188
4000,חיפה,2009,4894
4000,חיפה,2010,4827
4000,חיפה,2011,4336
4000,חיפה,2012,4783
4000,חיפה,2013,5242
4000,חיפה,2014,4674
4000,חיפה,2015,4797
4000,חיפה,2016,4796
4000,חיפה,2017,4850
4000,חיפה,2018,5089
4000,חיפה,2019,4927
4000,חיפה,2020,4760
4000,חיפה,2021,7184
4000,חיפה,2022,6676
4000,חיפה,2023,5106
4000,חיפה,2024,6013
4000,חיפה,2025,5360
4000,חיפה,2026,2159
4001,בוקעאתא,2020,1
4001,בוקעאתא,2024,2
4002,אלי-עד,2004,1
4002,אלי-עד,2010,1
4002,אלי-עד,2013,1
4002,אלי-עד,2015,2
4002,אלי-עד,2019,1
4002,אלי-עד,2020,6
4002,אלי-עד,2021,12
4002,אלי-עד,2022,8
4002,אלי-עד,2023,2
4002,אלי-עד,2025,1
4003,אל-רום,2013,41
4003,אל-רום,2017,8
4003,אל-רום,2018,4
4003,אל-רום,2019,10
4003,אל-רום,2020,1
4003,אל-רום,2021,4
4003,אל-רום,2022,5
4003,אל-רום,2023,9
4003,אל-רום,2024,6
4003,אל-רום,2025,2
4003,אל-רום,2026,2
4004,כפר חרוב,2004,1
4004,כפר חרוב,2009,1
4004,כפר חרוב,2011,1
4004,כפר חרוב,2012,1
4004,כפר חרוב,2014,3
4004,כפר חרוב,2015,3
4004,כפר חרוב,2016,46
4004,כפר חרוב,2017,8
4004,כפר חרוב,2019,3
4004,כפר חרוב,2020,1
4004,כפר חרוב,2021,1
4004,כפר חרוב,2022,1
4004,כפר חרוב,2023,2
4004,כפר חרוב,2024,9
4004,כפר חרוב,2025,6
4004,כפר חרוב,2026,2
4005,חספין,1998,4
4005,חספין,1999,29
4005,חספין,2000,10
4005,חספין,2001,10
4005,חספין,2002,42
4005,חספין,2003,45
4005,חספין,2004,15
4005,חספין,2005,9
4005,חספין,2006,7
4005,חספין,2007,2
4005,חספין,2008,7
4005,חספין,2009,13
4005,חספין,2010,4
4005,חספין,2011,4
4005,חספין,2012,3
4005,חספין,2013,6
4005,חספין,2014,15
4005,חספין,2015,12
4005,חספין,2016,27
4005,חספין,2017,14
4005,חספין,2018,11
4005,חספין,2019,28
4005,חספין,2020,14
4005,חספין,2021,6
4005,חספין,2022,18
4005,חספין,2023,14
4005,חספין,2024,7
4005,חספין,2025,3
4005,חספין,2026,4
4006,קשת,2007,1
4006,קשת,2009,3
4006,קשת,2012,2
4006,קשת,2013,1
4006,קשת,2014,4
4006,קשת,2015,3
4006,קשת,2016,1
4006,קשת,2017,6
4006,קשת,2018,3
4006,קשת,2019,3
4006,קשת,2020,2
4006,קשת,2021,3
4006,קשת,2022,5
4006,קשת,2023,7
4006,קשת,2024,3
4006,קשת,2025,1
4007,יונתן,2000,1
4007,יונתן,2007,1
4007,יונתן,2008,1
4007,יונתן,2011,1
4007,יונתן,2013,2
4007,יונתן,2014,5
4007,יונתן,2015,1
4007,יונתן,2016,1
4007,יונתן,2017,5
4007,יונתן,2018,5
4007,יונתן,2019,2
4007,יונתן,2022,3
4007,יונתן,2023,1
4007,יונתן,2025,1
4008,מעלה גמלא,2003,1
4008,מעלה גמלא,2008,2
4008,מעלה גמלא,2010,1
4008,מעלה גמלא,2012,1
4008,מעלה גמלא,2015,3
4008,מעלה גמלא,2016,4
4008,מעלה גמלא,2017,2
4008,מעלה גמלא,2018,1
4008,מעלה גמלא,2019,3
4008,מעלה גמלא,2020,7
4008,מעלה גמלא,2021,12
4008,מעלה גמלא,2022,6
4008,מעלה גמלא,2023,1
4009,שעל,1998,2
4009,שעל,1999,1
4009,שעל,2004,1
4009,שעל,2010,1
4009,שעל,2011,1
4009,שעל,2013,3
4009,שעל,2014,2
4009,שעל,2015,2
4009,שעל,2017,4
4009,שעל,2019,5
4009,שעל,2020,4
4009,שעל,2021,3
4009,שעל,2022,4
4009,שעל,2023,20
4009,שעל,2024,2
4009,שעל,2025,3
4009,שעל,2026,2
4010,אודם,2015,39
4010,אודם,2017,3
4010,אודם,2018,1
4010,אודם,2019,1
4010,אודם,2020,55
4010,אודם,2021,4
4010,אודם,2022,2
4010,אודם,2023,12
4010,אודם,2024,1
4011,אבני איתן,2009,1
4011,אבני איתן,2011,2
4011,אבני איתן,2014,1
4011,אבני איתן,2016,4
4011,אבני איתן,2017,3
4011,אבני איתן,2018,1
4011,אבני איתן,2019,10
4011,אבני איתן,2020,3
4011,אבני איתן,2021,11
4011,אבני איתן,2022,4
4011,אבני איתן,2023,2
4011,אבני איתן,2024,1
4011,אבני איתן,2025,2
4012,אניעם,1998,1
4012,אניעם,2000,1
4012,אניעם,2003,1
4012,אניעם,2004,1
4012,אניעם,2009,3
4012,אניעם,2010,6
4012,אניעם,2012,3
4012,אניעם,2013,4
4012,אניעם,2014,4
4012,אניעם,2015,5
4012,אניעם,2016,8
4012,אניעם,2017,4
4012,אניעם,2018,4
4012,אניעם,2020,3
4012,אניעם,2021,25
4012,אניעם,2022,28
4012,אניעם,2023,5
4012,אניעם,2024,5
4012,אניעם,2025,1
4013,אורטל,2017,1
4013,אורטל,2023,2
4013,אורטל,2024,1
4014,נטור,2000,1
4014,נטור,2012,1
4014,נטור,2014,1
4014,נטור,2017,3
4014,נטור,2018,1
4014,נטור,2019,2
4014,נטור,2020,3
4014,נטור,2021,25
4014,נטור,2022,34
4014,נטור,2023,3
4014,נטור,2024,1
4014,נטור,2025,1
4015,בני יהודה,1998,6
4015,בני יהודה,1999,4
4015,בני יהודה,2000,5
4015,בני יהודה,2001,5
4015,בני יהודה,2002,3
4015,בני יהודה,2003,5
4015,בני יהודה,2004,5
4015,בני יהודה,2005,3
4015,בני יהודה,2006,4
4015,בני יהודה,2007,3
4015,בני יהודה,2008,3
4015,בני יהודה,2009,14
4015,בני יהודה,2010,12
4015,בני יהודה,2011,8
4015,בני יהודה,2012,6
4015,בני יהודה,2013,11
4015,בני יהודה,2014,11
4015,בני יהודה,2015,6
4015,בני יהודה,2016,8
4015,בני יהודה,2017,31
4015,בני יהודה,2018,10
4015,בני יהודה,2019,10
4015,בני יהודה,2020,8
4015,בני יהודה,2021,16
4015,בני יהודה,2022,9
4015,בני יהודה,2023,11
4015,בני יהודה,2024,5
4015,בני יהודה,2025,8
4015,בני יהודה,2026,2
4017,אלוני הבשן,1998,1
4017,אלוני הבשן,2000,1
4017,אלוני הבשן,2009,4
4017,אלוני הבשן,2010,3
4017,אלוני הבשן,2012,1
4017,אלוני הבשן,2013,1
4017,אלוני הבשן,2014,3
4017,אלוני הבשן,2015,1
4017,אלוני הבשן,2017,2
4017,אלוני הבשן,2018,2
4017,אלוני הבשן,2020,5
4017,אלוני הבשן,2021,2
4017,אלוני הבשן,2022,1
4017,אלוני הבשן,2023,9
4017,אלוני הבשן,2024,2
4017,אלוני הבשן,2025,2
4019,מיצר,2020,27
4019,מיצר,2021,6
4019,מיצר,2022,12
402,ניר יצחק,2010,1
402,ניר יצחק,2016,1
4021,גבעת יואב,1998,4
4021,גבעת יואב,1999,3
4021,גבעת יואב,2001,2
4021,גבעת יואב,2002,2
4021,גבעת יואב,2003,2
4021,גבעת יואב,2005,2
4021,גבעת יואב,2006,1
4021,גבעת יואב,2007,1
4021,גבעת יואב,2010,2
4021,גבעת יואב,2011,1
4021,גבעת יואב,2012,2
4021,גבעת יואב,2013,1
4021,גבעת יואב,2014,4
4021,גבעת יואב,2015,5
4021,גבעת יואב,2017,3
4021,גבעת יואב,2018,4
4021,גבעת יואב,2019,7
4021,גבעת יואב,2020,7
4021,גבעת יואב,2021,27
4021,גבעת יואב,2022,9
4021,גבעת יואב,2023,19
4021,גבעת יואב,2024,7
4021,גבעת יואב,2025,2
4021,גבעת יואב,2026,3
4022,גשור,1998,1
4022,גשור,1999,1
4022,גשור,2007,1
4022,גשור,2008,2
4022,גשור,2009,1
4022,גשור,2010,1
4022,גשור,2014,29
4022,גשור,2015,9
4022,גשור,2016,1
4022,גשור,2017,2
4022,גשור,2018,1
4022,גשור,2019,3
4022,גשור,2020,13
4022,גשור,2021,15
4022,גשור,2022,8
4022,גשור,2023,9
4022,גשור,2024,10
4022,גשור,2025,5
4022,גשור,2026,1
4024,קלע,1998,1
4024,קלע,2009,1
4024,קלע,2010,1
4024,קלע,2011,2
4024,קלע,2014,3
4024,קלע,2015,1
4024,קלע,2016,6
4024,קלע,2017,5
4024,קלע,2018,2
4024,קלע,2019,2
4024,קלע,2020,2
4024,קלע,2021,8
4024,קלע,2022,10
4024,קלע,2023,16
4024,קלע,2024,5
4024,קלע,2025,5
4024,קלע,2026,2
4025,קדמת צבי,2006,1
4025,קדמת צבי,2008,2
4025,קדמת צבי,2010,2
4025,קדמת צבי,2011,3
4025,קדמת צבי,2012,2
4025,קדמת צבי,2013,3
4025,קדמת צבי,2014,3
4025,קדמת צבי,2015,1
4025,קדמת צבי,2017,4
4025,קדמת צבי,2018,6
4025,קדמת צבי,2019,2
4025,קדמת צבי,2020,7
4025,קדמת צבי,2021,11
4025,קדמת צבי,2022,13
4025,קדמת צבי,2023,2
4026,חד-נס,2005,13
4026,חד-נס,2006,2
4026,חד-נס,2007,12
4026,חד-נס,2008,8
4026,חד-נס,2009,12
4026,חד-נס,2010,9
4026,חד-נס,2011,5
4026,חד-נס,2012,5
4026,חד-נס,2013,10
4026,חד-נס,2014,13
4026,חד-נס,2015,12
4026,חד-נס,2016,14
4026,חד-נס,2017,12
4026,חד-נס,2018,10
4026,חד-נס,2019,9
4026,חד-נס,2020,8
4026,חד-נס,2021,23
4026,חד-נס,2022,17
4026,חד-נס,2023,6
4026,חד-נס,2024,3
4026,חד-נס,2025,2
4026,חד-נס,2026,3
4028,כנף,1998,1
4028,כנף,1999,1
4028,כנף,2003,1
4028,כנף,2006,2
4028,כנף,2010,3
4028,כנף,2015,2
4028,כנף,2016,4
4028,כנף,2017,1
4028,כנף,2019,3
4028,כנף,2020,4
4028,כנף,2021,9
4028,כנף,2022,47
4028,כנף,2023,13
4028,כנף,2024,1
4028,כנף,2025,2
403,אורים,2020,1
403,אורים,2021,4
403,אורים,2022,2
403,אורים,2023,2
403,אורים,2024,2
405,נווה אילן,1999,1
405,נווה אילן,2005,3
405,נווה אילן,2006,120
405,נווה אילן,2009,37
405,נווה אילן,2010,7
405,נווה אילן,2011,31
405,נווה אילן,2012,8
405,נווה אילן,2013,2
405,נווה אילן,2014,20
405,נווה אילן,2015,6
405,נווה אילן,2016,3
405,נווה אילן,2017,1
405,נווה אילן,2018,63
405,נווה אילן,2019,13
405,נווה אילן,2020,14
405,נווה אילן,2021,9
405,נווה אילן,2022,4
405,נווה אילן,2023,8
405,נווה אילן,2024,12
405,נווה אילן,2025,12
405,נווה אילן,2026,1
406,חצור-אשדוד,2016,1
406,חצור-אשדוד,2018,2
406,חצור-אשדוד,2020,1
406,חצור-אשדוד,2021,4
406,חצור-אשדוד,2022,3
406,חצור-אשדוד,2023,11
406,חצור-אשדוד,2024,4
406,חצור-אשדוד,2025,2
406,חצור-אשדוד,2026,1
407,דברת,1998,7
407,דברת,1999,6
407,דברת,2000,5
407,דברת,2001,3
407,דברת,2002,1
407,דברת,2003,2
407,דברת,2004,2
407,דברת,2005,1
407,דברת,2007,4
407,דברת,2008,3
407,דברת,2009,2
407,דברת,2010,2
407,דברת,2011,25
407,דברת,2012,43
407,דברת,2013,8
407,דברת,2014,10
407,דברת,2015,58
407,דברת,2016,13
407,דברת,2017,12
407,דברת,2018,22
407,דברת,2019,21
407,דברת,2020,16
407,דברת,2021,12
407,דברת,2022,4
407,דברת,2023,9
407,דברת,2024,4
407,דברת,2025,3
408,נאות מרדכי,2012,119
408,נאות מרדכי,2013,11
408,נאות מרדכי,2014,10
408,נאות מרדכי,2015,2
408,נאות מרדכי,2016,7
408,נאות מרדכי,2017,16
408,נאות מרדכי,2018,14
408,נאות מרדכי,2019,5
408,נאות מרדכי,2020,6
408,נאות מרדכי,2021,14
408,נאות מרדכי,2022,5
408,נאות מרדכי,2023,2
408,נאות מרדכי,2024,3
408,נאות מרדכי,2025,1
408,נאות מרדכי,2026,1
409,יחיעם,2004,1
409,יחיעם,2005,1
409,יחיעם,2009,1
409,יחיעם,2011,13
409,יחיעם,2012,25
409,יחיעם,2013,5
409,יחיעם,2014,119
409,יחיעם,2015,16
409,יחיעם,2016,21
409,יחיעם,2017,26
409,יחיעם,2018,8
409,יחיעם,2019,7
409,יחיעם,2020,7
409,יחיעם,2021,4
409,יחיעם,2022,16
409,יחיעם,2023,13
409,יחיעם,2024,8
409,יחיעם,2025,1
41,אליכין,1998,18
41,אליכין,1999,15
41,אליכין,2000,17
41,אליכין,2001,8
41,אליכין,2002,6
41,אליכין,2003,3
41,אליכין,2004,5
41,אליכין,2005,10
41,אליכין,2006,12
41,אליכין,2007,18
41,אליכין,2008,25
41,אליכין,2009,26
41,אליכין,2010,10
41,אליכין,2011,8
41,אליכין,2012,18
41,אליכין,2013,23
41,אליכין,2014,11
41,אליכין,2015,38
41,אליכין,2016,33
41,אליכין,2017,39
41,אליכין,2018,70
41,אליכין,2019,19
41,אליכין,2020,24
41,אליכין,2021,51
41,אליכין,2022,87
41,אליכין,2023,71
41,אליכין,2024,67
41,אליכין,2025,49
41,אליכין,2026,35
4100,קצרין,1998,105
4100,קצרין,1999,76
4100,קצרין,2000,61
4100,קצרין,2001,83
4100,קצרין,2002,55
4100,קצרין,2003,88
4100,קצרין,2004,57
4100,קצרין,2005,80
4100,קצרין,2006,72
4100,קצרין,2007,99
4100,קצרין,2008,91
4100,קצרין,2009,131
4100,קצרין,2010,116
4100,קצרין,2011,63
4100,קצרין,2012,95
4100,קצרין,2013,105
4100,קצרין,2014,143
4100,קצרין,2015,177
4100,קצרין,2016,174
4100,קצרין,2017,159
4100,קצרין,2018,144
4100,קצרין,2019,142
4100,קצרין,2020,194
4100,קצרין,2021,296
4100,קצרין,2022,213
4100,קצרין,2023,115
4100,קצרין,2024,344
4100,קצרין,2025,326
4100,קצרין,2026,74
4101,מרום גולן,2002,1
4101,מרום גולן,2003,1
4101,מרום גולן,2004,1
4101,מרום גולן,2008,1
4101,מרום גולן,2009,2
4101,מרום גולן,2011,2
4101,מרום גולן,2012,3
4101,מרום גולן,2013,2
4101,מרום גולן,2016,12
4101,מרום גולן,2017,4
4101,מרום גולן,2018,6
4101,מרום גולן,2019,2
4101,מרום גולן,2020,12
4101,מרום גולן,2021,12
4101,מרום גולן,2022,2
4101,מרום גולן,2024,6
4101,מרום גולן,2025,9
4101,מרום גולן,2026,2
413,צאלים,2009,1
413,צאלים,2010,1
413,צאלים,2019,1
414,קלחים,1999,4
414,קלחים,2000,2
414,קלחים,2001,14
414,קלחים,2002,19
414,קלחים,2003,9
414,קלחים,2004,13
414,קלחים,2005,7
414,קלחים,2006,27
414,קלחים,2007,25
414,קלחים,2008,25
414,קלחים,2009,11
414,קלחים,2010,12
414,קלחים,2011,12
414,קלחים,2012,7
414,קלחים,2013,3
414,קלחים,2014,6
414,קלחים,2015,4
414,קלחים,2016,11
414,קלחים,2017,5
414,קלחים,2018,3
414,קלחים,2019,2
414,קלחים,2020,5
414,קלחים,2021,7
414,קלחים,2022,6
414,קלחים,2023,9
414,קלחים,2024,1
414,קלחים,2025,2
414,קלחים,2026,1
415,שוקדה,2018,2
415,שוקדה,2020,4
415,שוקדה,2021,3
415,שוקדה,2022,7
415,שוקדה,2023,1
415,שוקדה,2024,1
416,מעין ברוך,2000,1
416,מעין ברוך,2005,34
416,מעין ברוך,2006,27
416,מעין ברוך,2007,8
416,מעין ברוך,2008,24
416,מעין ברוך,2009,1
416,מעין ברוך,2010,10
416,מעין ברוך,2011,9
416,מעין ברוך,2012,11
416,מעין ברוך,2013,5
416,מעין ברוך,2014,23
416,מעין ברוך,2015,7
416,מעין ברוך,2016,7
416,מעין ברוך,2017,7
416,מעין ברוך,2018,44
416,מעין ברוך,2019,11
416,מעין ברוך,2020,10
416,מעין ברוך,2021,9
416,מעין ברוך,2022,9
416,מעין ברוך,2023,7
416,מעין ברוך,2024,3
416,מעין ברוך,2025,3
417,יקום,1998,1
417,יקום,1999,1
417,יקום,2000,2
417,יקום,2001,3
417,יקום,2002,1
417,יקום,2003,2
417,יקום,2004,1
417,יקום,2005,1
417,יקום,2006,1
417,יקום,2007,2
417,יקום,2008,1
417,יקום,2011,4
417,יקום,2015,4
417,יקום,2016,1
417,יקום,2017,7
417,יקום,2018,10
417,יקום,2020,24
417,יקום,2021,2
417,יקום,2022,5
417,יקום,2023,4
417,יקום,2024,5
417,יקום,2025,4
418,בני ציון,1998,79
418,בני ציון,1999,66
418,בני ציון,2000,44
418,בני ציון,2001,20
418,בני ציון,2002,30
418,בני ציון,2003,6
418,בני ציון,2004,7
418,בני ציון,2005,20
418,בני ציון,2006,14
418,בני ציון,2007,21
418,בני ציון,2008,2
418,בני ציון,2009,7
418,בני ציון,2010,6
418,בני ציון,2011,4
418,בני ציון,2012,5
418,בני ציון,2013,2
418,בני ציון,2014,10
418,בני ציון,2015,6
418,בני ציון,2016,6
418,בני ציון,2017,5
418,בני ציון,2018,9
418,בני ציון,2019,3
418,בני ציון,2020,10
418,בני ציון,2021,25
418,בני ציון,2022,14
418,בני ציון,2023,12
418,בני ציון,2024,11
418,בני ציון,2025,7
418,בני ציון,2026,1
419,סעד,2007,8
419,סעד,2008,1
419,סעד,2009,2
419,סעד,2010,3
419,סעד,2011,1
419,סעד,2012,2
419,סעד,2019,1
419,סעד,2023,1
419,סעד,2025,4
419,סעד,2026,20
4201,מג'דל שמס,2002,1
4201,מג'דל שמס,2007,1
4201,מג'דל שמס,2011,2
4201,מג'דל שמס,2012,7
4201,מג'דל שמס,2014,1
4201,מג'דל שמס,2017,1
4203,מסעדה,2012,3
4203,מסעדה,2013,1
4203,מסעדה,2018,1
4203,מסעדה,2019,1
4203,מסעדה,2020,2
4203,מסעדה,2021,1
4204,מבוא חמה,2014,2
4204,מבוא חמה,2015,1
4204,מבוא חמה,2016,1
4204,מבוא חמה,2017,1
4204,מבוא חמה,2018,1
4204,מבוא חמה,2022,74
4204,מבוא חמה,2023,1
4204,מבוא חמה,2024,1
421,משאבי שדה,1998,1
421,משאבי שדה,2016,1
421,משאבי שדה,2017,3
421,משאבי שדה,2018,2
421,משאבי שדה,2019,2
421,משאבי שדה,2020,1
421,משאבי שדה,2023,7
421,משאבי שדה,2024,1
421,משאבי שדה,2025,97
421,משאבי שדה,2026,4
422,חרב לאת,1998,16
422,חרב לאת,1999,26
422,חרב לאת,2000,13
422,חרב לאת,2001,8
422,חרב לאת,2002,6
422,חרב לאת,2003,10
422,חרב לאת,2004,13
422,חרב לאת,2005,19
422,חרב לאת,2006,21
422,חרב לאת,2007,33
422,חרב לאת,2008,13
422,חרב לאת,2009,28
422,חרב לאת,2010,8
422,חרב לאת,2011,5
422,חרב לאת,2012,3
422,חרב לאת,2013,18
422,חרב לאת,2014,11
422,חרב לאת,2015,20
422,חרב לאת,2016,8
422,חרב לאת,2017,21
422,חרב לאת,2018,5
422,חרב לאת,2019,5
422,חרב לאת,2020,14
422,חרב לאת,2021,11
422,חרב לאת,2022,19
422,חרב לאת,2023,13
422,חרב לאת,2024,11
422,חרב לאת,2025,16
422,חרב לאת,2026,2
423,העוגן,2000,1
423,העוגן,2007,1
423,העוגן,2012,129
423,העוגן,2013,18
423,העוגן,2014,15
423,העוגן,2015,11
423,העוגן,2016,13
423,העוגן,2017,1
423,העוגן,2018,5
423,העוגן,2019,7
423,העוגן,2020,23
423,העוגן,2021,7
423,העוגן,2022,8
423,העוגן,2023,10
423,העוגן,2024,7
423,העוגן,2025,14
423,העוגן,2026,1
424,גבים,2012,10
424,גבים,2013,3
424,גבים,2014,2
424,גבים,2015,11
424,גבים,2016,1
424,גבים,2017,1
424,גבים,2018,9
424,גבים,2019,2
424,גבים,2020,6
424,גבים,2021,2
424,גבים,2022,1
424,גבים,2023,2
424,גבים,2024,2
425,משמרת,1998,10
425,משמרת,1999,62
425,משמרת,2000,29
425,משמרת,2001,34
425,משמרת,2002,15
425,משמרת,2003,8
425,משמרת,2004,23
425,משמרת,2005,22
425,משמרת,2006,9
425,משמרת,2007,4
425,משמרת,2008,3
425,משמרת,2009,11
425,משמרת,2010,4
425,משמרת,2011,6
425,משמרת,2012,6
425,משמרת,2013,3
425,משמרת,2014,4
425,משמרת,2015,5
425,משמרת,2016,8
425,משמרת,2018,7
425,משמרת,2019,10
425,משמרת,2020,10
425,משמרת,2021,15
425,משמרת,2022,7
425,משמרת,2023,8
425,משמרת,2024,4
425,משמרת,2025,3
425,משמרת,2026,1
426,עין כרמל,1999,2
426,עין כרמל,2000,1
426,עין כרמל,2003,1
426,עין כרמל,2006,1
426,עין כרמל,2008,1
426,עין כרמל,2009,4
426,עין כרמל,2010,2
426,עין כרמל,2011,2
426,עין כרמל,2013,126
426,עין כרמל,2014,61
426,עין כרמל,2015,42
426,עין כרמל,2016,91
426,עין כרמל,2017,47
426,עין כרמל,2018,21
426,עין כרמל,2019,130
426,עין כרמל,2020,36
426,עין כרמל,2021,21
426,עין כרמל,2022,10
426,עין כרמל,2023,13
426,עין כרמל,2024,276
426,עין כרמל,2025,22
426,עין כרמל,2026,1
427,כפר גלים,2007,1
428,ברור חיל,2005,3
428,ברור חיל,2006,8
428,ברור חיל,2007,9
428,ברור חיל,2008,11
428,ברור חיל,2009,35
428,ברור חיל,2010,78
428,ברור חיל,2011,12
428,ברור חיל,2012,2
428,ברור חיל,2013,1
428,ברור חיל,2015,24
428,ברור חיל,2016,10
428,ברור חיל,2017,11
428,ברור חיל,2018,10
428,ברור חיל,2019,6
428,ברור חיל,2020,3
428,ברור חיל,2021,11
428,ברור חיל,2022,6
428,ברור חיל,2023,6
428,ברור חיל,2024,6
428,ברור חיל,2025,5
428,ברור חיל,2026,2
429,אלוני אבא,1998,68
429,אלוני אבא,1999,13
429,אלוני אבא,2000,7
429,אלוני אבא,2002,11
429,אלוני אבא,2003,5
429,אלוני אבא,2004,25
429,אלוני אבא,2005,66
429,אלוני אבא,2006,91
429,אלוני אבא,2007,14
429,אלוני אבא,2008,11
429,אלוני אבא,2009,6
429,אלוני אבא,2010,6
429,אלוני אבא,2011,8
429,אלוני אבא,2012,6
429,אלוני אבא,2013,3
429,אלוני אבא,2015,4
429,אלוני אבא,2016,7
429,אלוני אבא,2017,4
429,אלוני אבא,2018,3
429,אלוני אבא,2019,5
429,אלוני אבא,2020,8
429,אלוני אבא,2021,8
429,אלוני אבא,2022,5
429,אלוני אבא,2023,5
429,אלוני אבא,2024,2
429,אלוני אבא,2025,5
43,מטולה,1998,18
43,מטולה,1999,25
43,מטולה,2000,7
43,מטולה,2001,21
43,מטולה,2002,19
43,מטולה,2003,16
43,מטולה,2004,26
43,מטולה,2005,16
43,מטולה,2006,10
43,מטולה,2007,25
43,מטולה,2008,28
43,מטולה,2009,20
43,מטולה,2010,34
43,מטולה,2011,48
43,מטולה,2012,21
43,מטולה,2013,19
43,מטולה,2014,19
43,מטולה,2015,21
43,מטולה,2016,27
43,מטולה,2017,21
43,מטולה,2018,21
43,מטולה,2019,16
43,מטולה,2020,34
43,מטולה,2021,29
43,מטולה,2022,30
43,מטולה,2023,24
43,מטולה,2024,8
43,מטולה,2025,8
43,מטולה,2026,2
430,בית לחם הגלילית,1998,2
430,בית לחם הגלילית,1999,2
430,בית לחם הגלילית,2000,1
430,בית לחם הגלילית,2001,50
430,בית לחם הגלילית,2002,6
430,בית לחם הגלילית,2003,3
430,בית לחם הגלילית,2004,9
430,בית לחם הגלילית,2005,4
430,בית לחם הגלילית,2006,7
430,בית לחם הגלילית,2007,3
430,בית לחם הגלילית,2008,4
430,בית לחם הגלילית,2009,2
430,בית לחם הגלילית,2010,1
430,בית לחם הגלילית,2011,3
430,בית לחם הגלילית,2012,2
430,בית לחם הגלילית,2013,2
430,בית לחם הגלילית,2014,7
430,בית לחם הגלילית,2015,1
430,בית לחם הגלילית,2016,1
430,בית לחם הגלילית,2017,6
430,בית לחם הגלילית,2018,4
430,בית לחם הגלילית,2019,6
430,בית לחם הגלילית,2020,5
430,בית לחם הגלילית,2021,59
430,בית לחם הגלילית,2022,15
430,בית לחם הגלילית,2023,7
430,בית לחם הגלילית,2024,3
430,בית לחם הגלילית,2025,9
430,בית לחם הגלילית,2026,1
4301,אפיק,2000,2
4301,אפיק,2001,1
4301,אפיק,2006,1
4301,אפיק,2009,1
4301,אפיק,2015,13
4301,אפיק,2017,2
4301,אפיק,2018,1
4301,אפיק,2019,3
4301,אפיק,2020,1
4301,אפיק,2021,4
4301,אפיק,2022,8
4301,אפיק,2023,5
4301,אפיק,2024,3
4301,אפיק,2025,6
4301,אפיק,2026,7
4303,"נווה אטי""ב",1998,1
4303,"נווה אטי""ב",1999,2
4303,"נווה אטי""ב",2000,2
4303,"נווה אטי""ב",2001,1
4303,"נווה אטי""ב",2002,2
4303,"נווה אטי""ב",2003,5
4303,"נווה אטי""ב",2004,1
4303,"נווה אטי""ב",2006,1
4303,"נווה אטי""ב",2011,1
4303,"נווה אטי""ב",2013,1
4303,"נווה אטי""ב",2017,3
4303,"נווה אטי""ב",2018,2
4303,"נווה אטי""ב",2019,5
4303,"נווה אטי""ב",2020,2
4303,"נווה אטי""ב",2021,1
4303,"נווה אטי""ב",2022,1
4303,"נווה אטי""ב",2023,14
4303,"נווה אטי""ב",2024,3
4303,"נווה אטי""ב",2025,1
4303,"נווה אטי""ב",2026,1
4304,נוב,2003,1
4304,נוב,2007,2
4304,נוב,2008,5
4304,נוב,2009,1
4304,נוב,2010,1
4304,נוב,2011,1
4304,נוב,2012,1
4304,נוב,2013,2
4304,נוב,2015,1
4304,נוב,2016,1
4304,נוב,2017,20
4304,נוב,2018,8
4304,נוב,2019,9
4304,נוב,2020,6
4304,נוב,2021,6
4304,נוב,2022,11
4304,נוב,2023,11
4304,נוב,2024,4
4304,נוב,2025,7
4304,נוב,2026,3
431,דלתון,1998,2
431,דלתון,2005,1
431,דלתון,2006,2
431,דלתון,2007,2
431,דלתון,2008,2
431,דלתון,2009,1
431,דלתון,2010,4
431,דלתון,2011,1
431,דלתון,2012,3
431,דלתון,2013,2
431,דלתון,2014,4
431,דלתון,2015,3
431,דלתון,2016,12
431,דלתון,2017,13
431,דלתון,2018,8
431,דלתון,2019,4
431,דלתון,2020,3
431,דלתון,2021,9
431,דלתון,2022,4
431,דלתון,2023,6
431,דלתון,2024,3
431,דלתון,2025,4
432,שמרת,2001,3
432,שמרת,2002,3
432,שמרת,2003,1
432,שמרת,2008,1
432,שמרת,2011,5
432,שמרת,2012,33
432,שמרת,2013,221
432,שמרת,2014,91
432,שמרת,2015,21
432,שמרת,2016,19
432,שמרת,2017,35
432,שמרת,2018,7
432,שמרת,2019,3
432,שמרת,2020,21
432,שמרת,2021,16
432,שמרת,2022,12
432,שמרת,2023,11
432,שמרת,2024,11
432,שמרת,2025,29
432,שמרת,2026,12
433,נחשולים,2005,1
433,נחשולים,2006,2
433,נחשולים,2010,2
433,נחשולים,2011,22
433,נחשולים,2014,10
433,נחשולים,2015,4
433,נחשולים,2016,4
433,נחשולים,2017,57
433,נחשולים,2018,20
433,נחשולים,2019,2
433,נחשולים,2020,2
433,נחשולים,2021,4
433,נחשולים,2022,4
433,נחשולים,2023,9
433,נחשולים,2024,3
433,נחשולים,2025,4
433,נחשולים,2026,3
434,החותרים,1998,2
434,החותרים,1999,1
434,החותרים,2001,1
434,החותרים,2005,1
434,החותרים,2012,2
434,החותרים,2013,51
434,החותרים,2014,87
434,החותרים,2015,29
434,החותרים,2016,15
434,החותרים,2017,13
434,החותרים,2018,4
434,החותרים,2019,7
434,החותרים,2020,41
434,החותרים,2021,140
434,החותרים,2022,45
434,החותרים,2023,20
434,החותרים,2024,26
434,החותרים,2025,9
434,החותרים,2026,1
435,נצר סרני,1999,1
435,נצר סרני,2002,30
435,נצר סרני,2003,70
435,נצר סרני,2004,86
435,נצר סרני,2005,96
435,נצר סרני,2006,98
435,נצר סרני,2007,94
435,נצר סרני,2008,57
435,נצר סרני,2009,81
435,נצר סרני,2010,99
435,נצר סרני,2011,102
435,נצר סרני,2012,100
435,נצר סרני,2013,122
435,נצר סרני,2014,92
435,נצר סרני,2015,46
435,נצר סרני,2016,6
435,נצר סרני,2017,4
435,נצר סרני,2018,3
435,נצר סרני,2019,288
435,נצר סרני,2020,238
435,נצר סרני,2021,355
435,נצר סרני,2022,96
435,נצר סרני,2023,30
435,נצר סרני,2024,76
435,נצר סרני,2025,2
436,עין דור,2002,1
436,עין דור,2004,1
436,עין דור,2008,17
436,עין דור,2009,10
436,עין דור,2011,32
436,עין דור,2012,29
436,עין דור,2013,75
436,עין דור,2014,7
436,עין דור,2015,6
436,עין דור,2016,6
436,עין דור,2017,19
436,עין דור,2018,8
436,עין דור,2019,8
436,עין דור,2020,17
436,עין דור,2021,21
436,עין דור,2022,6
436,עין דור,2023,3
436,עין דור,2024,5
436,עין דור,2025,47
436,עין דור,2026,8
437,רשפים,2009,1
437,רשפים,2013,121
437,רשפים,2014,36
437,רשפים,2015,11
437,רשפים,2016,7
437,רשפים,2017,29
437,רשפים,2018,12
437,רשפים,2019,20
437,רשפים,2020,10
437,רשפים,2021,9
437,רשפים,2022,12
437,רשפים,2023,4
437,רשפים,2024,4
437,רשפים,2025,7
437,רשפים,2026,5
439,שלוחות,2010,1
439,שלוחות,2018,5
439,שלוחות,2023,82
439,שלוחות,2024,19
439,שלוחות,2025,34
439,שלוחות,2026,6
44,זוהר,1998,5
44,זוהר,1999,14
44,זוהר,2002,3
44,זוהר,2003,2
44,זוהר,2004,6
44,זוהר,2005,1
44,זוהר,2007,4
44,זוהר,2008,8
44,זוהר,2012,3
44,זוהר,2015,4
44,זוהר,2017,1
44,זוהר,2018,4
44,זוהר,2019,4
44,זוהר,2020,3
44,זוהר,2021,12
44,זוהר,2022,84
44,זוהר,2023,23
44,זוהר,2024,8
44,זוהר,2025,12
44,זוהר,2026,1
440,יסודות,2002,2
440,יסודות,2003,1
440,יסודות,2004,1
440,יסודות,2005,2
440,יסודות,2006,1
440,יסודות,2007,7
440,יסודות,2008,15
440,יסודות,2009,154
440,יסודות,2010,19
440,יסודות,2011,63
440,יסודות,2012,19
440,יסודות,2013,19
440,יסודות,2014,3
440,יסודות,2015,8
440,יסודות,2016,4
440,יסודות,2017,3
440,יסודות,2018,4
440,יסודות,2019,4
440,יסודות,2020,3
440,יסודות,2021,18
440,יסודות,2022,11
440,יסודות,2023,7
440,יסודות,2024,44
440,יסודות,2025,33
440,יסודות,2026,1
442,גדעונה,1998,1
442,גדעונה,1999,9
442,גדעונה,2000,3
442,גדעונה,2002,1
442,גדעונה,2003,2
442,גדעונה,2004,2
442,גדעונה,2005,9
442,גדעונה,2006,6
442,גדעונה,2007,1
442,גדעונה,2008,14
442,גדעונה,2009,8
442,גדעונה,2010,14
442,גדעונה,2011,18
442,גדעונה,2012,19
442,גדעונה,2013,7
442,גדעונה,2014,4
442,גדעונה,2015,7
442,גדעונה,2016,8
442,גדעונה,2017,1
442,גדעונה,2018,3
442,גדעונה,2019,5
442,גדעונה,2020,9
442,גדעונה,2021,6
442,גדעונה,2022,4
442,גדעונה,2023,8
442,גדעונה,2024,3
442,גדעונה,2025,40
442,גדעונה,2026,4
443,כפר הנשיא,1998,3
443,כפר הנשיא,1999,2
443,כפר הנשיא,2000,4
443,כפר הנשיא,2003,2
443,כפר הנשיא,2004,2
443,כפר הנשיא,2005,6
443,כפר הנשיא,2006,8
443,כפר הנשיא,2007,14
443,כפר הנשיא,2008,3
443,כפר הנשיא,2009,7
443,כפר הנשיא,2010,19
443,כפר הנשיא,2011,14
443,כפר הנשיא,2012,14
443,כפר הנשיא,2013,13
443,כפר הנשיא,2014,118
443,כפר הנשיא,2015,29
443,כפר הנשיא,2016,6
443,כפר הנשיא,2017,11
443,כפר הנשיא,2018,9
443,כפר הנשיא,2019,5
443,כפר הנשיא,2020,4
443,כפר הנשיא,2021,10
443,כפר הנשיא,2022,7
443,כפר הנשיא,2023,6
443,כפר הנשיא,2024,13
443,כפר הנשיא,2025,13
443,כפר הנשיא,2026,3
444,רגבים,1998,5
444,רגבים,1999,5
444,רגבים,2000,1
444,רגבים,2001,3
444,רגבים,2002,11
444,רגבים,2003,3
444,רגבים,2004,6
444,רגבים,2005,3
444,רגבים,2006,8
444,רגבים,2007,3
444,רגבים,2008,7
444,רגבים,2009,6
444,רגבים,2010,3
444,רגבים,2011,1
444,רגבים,2013,4
444,רגבים,2014,5
444,רגבים,2015,14
444,רגבים,2016,1
444,רגבים,2017,14
444,רגבים,2018,10
444,רגבים,2019,26
444,רגבים,2020,124
444,רגבים,2021,52
444,רגבים,2022,9
444,רגבים,2023,11
444,רגבים,2024,25
444,רגבים,2025,15
445,רמות מנשה,2006,11
445,רמות מנשה,2007,45
445,רמות מנשה,2008,11
445,רמות מנשה,2009,2
445,רמות מנשה,2010,6
445,רמות מנשה,2011,2
445,רמות מנשה,2013,1
445,רמות מנשה,2015,19
445,רמות מנשה,2016,9
445,רמות מנשה,2017,20
445,רמות מנשה,2018,24
445,רמות מנשה,2019,8
445,רמות מנשה,2020,2
445,רמות מנשה,2021,31
445,רמות מנשה,2022,7
445,רמות מנשה,2023,76
445,רמות מנשה,2024,36
445,רמות מנשה,2025,16
446,אודים,1998,2
446,אודים,1999,1
446,אודים,2000,2
446,אודים,2001,3
446,אודים,2002,5
446,אודים,2003,1
446,אודים,2004,2
446,אודים,2005,1
446,אודים,2006,7
446,אודים,2007,8
446,אודים,2008,2
446,אודים,2009,1
446,אודים,2010,4
446,אודים,2011,10
446,אודים,2014,10
446,אודים,2015,13
446,אודים,2016,1
446,אודים,2017,7
446,אודים,2018,6
446,אודים,2019,8
446,אודים,2020,6
446,אודים,2021,6
446,אודים,2022,17
446,אודים,2023,5
446,אודים,2024,3
446,אודים,2025,6
446,אודים,2026,1
447,נורדיה,1998,16
447,נורדיה,1999,15
447,נורדיה,2000,8
447,נורדיה,2001,15
447,נורדיה,2002,6
447,נורדיה,2003,11
447,נורדיה,2004,11
447,נורדיה,2005,17
447,נורדיה,2006,20
447,נורדיה,2007,15
447,נורדיה,2008,14
447,נורדיה,2009,8
447,נורדיה,2010,12
447,נורדיה,2011,24
447,נורדיה,2012,19
447,נורדיה,2013,35
447,נורדיה,2014,26
447,נורדיה,2015,23
447,נורדיה,2016,23
447,נורדיה,2017,18
447,נורדיה,2018,12
447,נורדיה,2019,22
447,נורדיה,2020,8
447,נורדיה,2021,8
447,נורדיה,2022,16
447,נורדיה,2023,4
447,נורדיה,2024,28
447,נורדיה,2025,14
447,נורדיה,2026,1
448,בני עטרות,1998,1
448,בני עטרות,2001,2
448,בני עטרות,2002,28
448,בני עטרות,2003,13
448,בני עטרות,2004,7
448,בני עטרות,2005,5
448,בני עטרות,2006,10
448,בני עטרות,2007,5
448,בני עטרות,2008,3
448,בני עטרות,2009,3
448,בני עטרות,2010,3
448,בני עטרות,2011,3
448,בני עטרות,2012,1
448,בני עטרות,2013,2
448,בני עטרות,2014,1
448,בני עטרות,2015,2
448,בני עטרות,2017,1
448,בני עטרות,2018,2
448,בני עטרות,2019,2
448,בני עטרות,2020,5
448,בני עטרות,2021,3
448,בני עטרות,2022,1
448,בני עטרות,2024,2
448,בני עטרות,2025,5
449,נחלים,1998,6
449,נחלים,1999,3
449,נחלים,2000,4
449,נחלים,2001,4
449,נחלים,2002,4
449,נחלים,2003,3
449,נחלים,2004,5
449,נחלים,2005,5
449,נחלים,2006,15
449,נחלים,2007,4
449,נחלים,2008,11
449,נחלים,2009,12
449,נחלים,2010,99
449,נחלים,2011,59
449,נחלים,2012,219
449,נחלים,2013,188
449,נחלים,2014,166
449,נחלים,2015,182
449,נחלים,2016,93
449,נחלים,2017,44
449,נחלים,2018,13
449,נחלים,2019,31
449,נחלים,2020,54
449,נחלים,2021,75
449,נחלים,2022,69
449,נחלים,2023,25
449,נחלים,2024,47
449,נחלים,2025,5
449,נחלים,2026,2
450,בארות יצחק,2000,1
450,בארות יצחק,2006,1
450,בארות יצחק,2008,1
450,בארות יצחק,2013,1
450,בארות יצחק,2014,3
450,בארות יצחק,2017,1
450,בארות יצחק,2020,1
450,בארות יצחק,2024,1
4502,עין קנייא,2014,4
4502,עין קנייא,2023,2
4502,עין קנייא,2024,1
4503,עין זיוון,2003,2
4503,עין זיוון,2004,3
4503,עין זיוון,2005,1
4503,עין זיוון,2009,1
4503,עין זיוון,2010,2
4503,עין זיוון,2011,3
4503,עין זיוון,2012,1
4503,עין זיוון,2013,1
4503,עין זיוון,2014,27
4503,עין זיוון,2015,3
4503,עין זיוון,2016,2
4503,עין זיוון,2018,3
4503,עין זיוון,2019,6
4503,עין זיוון,2021,1
4503,עין זיוון,2022,13
4503,עין זיוון,2023,1
4503,עין זיוון,2025,4
452,יזרעאל,1998,2
452,יזרעאל,2000,1
452,יזרעאל,2001,3
452,יזרעאל,2002,4
452,יזרעאל,2004,2
452,יזרעאל,2005,1
452,יזרעאל,2006,1
452,יזרעאל,2007,4
452,יזרעאל,2008,5
452,יזרעאל,2009,1
452,יזרעאל,2010,8
452,יזרעאל,2011,3
452,יזרעאל,2012,7
452,יזרעאל,2013,4
452,יזרעאל,2014,3
452,יזרעאל,2015,3
452,יזרעאל,2016,6
452,יזרעאל,2017,5
452,יזרעאל,2018,1
452,יזרעאל,2019,4
452,יזרעאל,2020,1
452,יזרעאל,2021,7
452,יזרעאל,2022,8
452,יזרעאל,2023,7
452,יזרעאל,2024,5
452,יזרעאל,2025,6
452,יזרעאל,2026,1
453,יפתח,2006,1
453,יפתח,2007,3
453,יפתח,2008,2
453,יפתח,2009,1
453,יפתח,2012,94
453,יפתח,2013,12
453,יפתח,2014,8
453,יפתח,2015,4
453,יפתח,2016,11
453,יפתח,2017,9
453,יפתח,2018,2
453,יפתח,2019,2
453,יפתח,2020,5
453,יפתח,2021,2
453,יפתח,2022,4
453,יפתח,2023,3
453,יפתח,2024,2
453,יפתח,2025,2
454,סער,2002,1
454,סער,2005,2
454,סער,2006,3
454,סער,2008,2
454,סער,2009,1
454,סער,2011,4
454,סער,2012,8
454,סער,2015,1
454,סער,2017,3
454,סער,2018,8
454,סער,2019,1
454,סער,2020,4
454,סער,2021,4
454,סער,2022,6
454,סער,2023,7
454,סער,2024,6
454,סער,2025,10
454,סער,2026,2
4551,נאות גולן,1999,2
4551,נאות גולן,2000,3
4551,נאות גולן,2002,1
4551,נאות גולן,2003,3
4551,נאות גולן,2005,1
4551,נאות גולן,2008,1
4551,נאות גולן,2009,2
4551,נאות גולן,2010,1
4551,נאות גולן,2011,3
4551,נאות גולן,2012,3
4551,נאות גולן,2013,5
4551,נאות גולן,2014,2
4551,נאות גולן,2015,2
4551,נאות גולן,2016,2
4551,נאות גולן,2017,2
4551,נאות גולן,2018,6
4551,נאות גולן,2019,3
4551,נאות גולן,2020,2
4551,נאות גולן,2021,16
4551,נאות גולן,2022,10
4551,נאות גולן,2023,19
4551,נאות גולן,2024,11
4551,נאות גולן,2025,4
4551,נאות גולן,2026,1
456,שורש,1998,46
456,שורש,1999,23
456,שורש,2000,39
456,שורש,2001,30
456,שורש,2002,7
456,שורש,2003,8
456,שורש,2004,15
456,שורש,2005,19
456,שורש,2006,27
456,שורש,2007,4
456,שורש,2008,16
456,שורש,2009,49
456,שורש,2010,21
456,שורש,2011,27
456,שורש,2012,11
456,שורש,2013,13
456,שורש,2014,20
456,שורש,2015,20
456,שורש,2016,21
456,שורש,2017,14
456,שורש,2018,21
456,שורש,2019,11
456,שורש,2020,16
456,שורש,2021,16
456,שורש,2022,91
456,שורש,2023,9
456,שורש,2024,17
456,שורש,2025,31
456,שורש,2026,3
457,גזית,2014,21
457,גזית,2015,2
457,גזית,2017,1
457,גזית,2018,139
457,גזית,2019,37
457,גזית,2020,7
457,גזית,2023,6
457,גזית,2024,46
457,גזית,2025,6
46,יבנאל,1998,68
46,יבנאל,1999,150
46,יבנאל,2000,89
46,יבנאל,2001,64
46,יבנאל,2002,70
46,יבנאל,2003,30
46,יבנאל,2004,24
46,יבנאל,2005,29
46,יבנאל,2006,54
46,יבנאל,2007,53
46,יבנאל,2008,60
46,יבנאל,2009,53
46,יבנאל,2010,83
46,יבנאל,2011,111
46,יבנאל,2012,88
46,יבנאל,2013,97
46,יבנאל,2014,90
46,יבנאל,2015,100
46,יבנאל,2016,86
46,יבנאל,2017,98
46,יבנאל,2018,107
46,יבנאל,2019,106
46,יבנאל,2020,89
46,יבנאל,2021,221
46,יבנאל,2022,190
46,יבנאל,2023,165
46,יבנאל,2024,172
46,יבנאל,2025,190
46,יבנאל,2026,50
460,רמת רזיאל,1998,5
460,רמת רזיאל,1999,1
460,רמת רזיאל,2000,2
460,רמת רזיאל,2001,4
460,רמת רזיאל,2002,2
460,רמת רזיאל,2003,1
460,רמת רזיאל,2004,22
460,רמת רזיאל,2005,19
460,רמת רזיאל,2006,4
460,רמת רזיאל,2007,4
460,רמת רזיאל,2008,5
460,רמת רזיאל,2009,5
460,רמת רזיאל,2010,1
460,רמת רזיאל,2012,2
460,רמת רזיאל,2014,1
460,רמת רזיאל,2015,1
460,רמת רזיאל,2016,4
460,רמת רזיאל,2017,1
460,רמת רזיאל,2018,2
460,רמת רזיאל,2019,6
460,רמת רזיאל,2020,4
460,רמת רזיאל,2021,15
460,רמת רזיאל,2022,11
460,רמת רזיאל,2023,2
460,רמת רזיאל,2024,6
460,רמת רזיאל,2025,4
460,רמת רזיאל,2026,1
462,טל שחר,1998,1
462,טל שחר,1999,1
462,טל שחר,2000,1
462,טל שחר,2002,1
462,טל שחר,2003,5
462,טל שחר,2004,2
462,טל שחר,2005,2
462,טל שחר,2007,4
462,טל שחר,2008,2
462,טל שחר,2009,3
462,טל שחר,2010,1
462,טל שחר,2015,1
462,טל שחר,2016,3
462,טל שחר,2017,1
462,טל שחר,2018,6
462,טל שחר,2019,2
462,טל שחר,2020,8
462,טל שחר,2021,9
462,טל שחר,2022,4
462,טל שחר,2023,6
462,טל שחר,2024,13
462,טל שחר,2025,9
462,טל שחר,2026,2
463,געתון,2003,1
463,געתון,2007,1
463,געתון,2011,2
463,געתון,2012,2
463,געתון,2013,3
463,געתון,2014,1
463,געתון,2015,3
463,געתון,2016,2
463,געתון,2017,3
463,געתון,2019,4
463,געתון,2020,17
463,געתון,2021,8
463,געתון,2022,3
463,געתון,2023,7
463,געתון,2024,2
463,געתון,2025,4
464,הראל,2012,27
464,הראל,2013,1
464,הראל,2014,1
464,הראל,2018,1
464,הראל,2026,1
465,צובה,2005,2
465,צובה,2007,1
465,צובה,2008,1
465,צובה,2017,1
465,צובה,2021,1
465,צובה,2022,2
465,צובה,2024,1
465,צובה,2025,2
465,צובה,2026,2
466,בית דגן,1998,73
466,בית דגן,1999,143
466,בית דגן,2000,52
466,בית דגן,2001,67
466,בית דגן,2002,63
466,בית דגן,2003,43
466,בית דגן,2004,87
466,בית דגן,2005,99
466,בית דגן,2006,96
466,בית דגן,2007,71
466,בית דגן,2008,56
466,בית דגן,2009,49
466,בית דגן,2010,36
466,בית דגן,2011,44
466,בית דגן,2012,36
466,בית דגן,2013,47
466,בית דגן,2014,52
466,בית דגן,2015,63
466,בית דגן,2016,74
466,בית דגן,2017,61
466,בית דגן,2018,92
466,בית דגן,2019,139
466,בית דגן,2020,65
466,בית דגן,2021,68
466,בית דגן,2022,83
466,בית דגן,2023,52
466,בית דגן,2024,80
466,בית דגן,2025,64
466,בית דגן,2026,12
469,קריית עקרון,1998,80
469,קריית עקרון,1999,69
469,קריית עקרון,2000,50
469,קריית עקרון,2001,72
469,קריית עקרון,2002,61
469,קריית עקרון,2003,49
469,קריית עקרון,2004,88
469,קריית עקרון,2005,70
469,קריית עקרון,2006,94
469,קריית עקרון,2007,114
469,קריית עקרון,2008,144
469,קריית עקרון,2009,108
469,קריית עקרון,2010,95
469,קריית עקרון,2011,79
469,קריית עקרון,2012,88
469,קריית עקרון,2013,95
469,קריית עקרון,2014,87
469,קריית עקרון,2015,88
469,קריית עקרון,2016,104
469,קריית עקרון,2017,84
469,קריית עקרון,2018,84
469,קריית עקרון,2019,63
469,קריית עקרון,2020,65
469,קריית עקרון,2021,93
469,קריית עקרון,2022,90
469,קריית עקרון,2023,79
469,קריית עקרון,2024,72
469,קריית עקרון,2025,70
469,קריית עקרון,2026,20
47,כפר תבור,1998,107
47,כפר תבור,1999,164
47,כפר תבור,2000,114
47,כפר תבור,2001,56
47,כפר תבור,2002,74
47,כפר תבור,2003,33
47,כפר תבור,2004,40
47,כפר תבור,2005,45
47,כפר תבור,2006,36
47,כפר תבור,2007,61
47,כפר תבור,2008,82
47,כפר תבור,2009,100
47,כפר תבור,2010,138
47,כפר תבור,2011,121
47,כפר תבור,2012,121
47,כפר תבור,2013,233
47,כפר תבור,2014,102
47,כפר תבור,2015,143
47,כפר תבור,2016,98
47,כפר תבור,2017,115
47,כפר תבור,2018,101
47,כפר תבור,2019,86
47,כפר תבור,2020,147
47,כפר תבור,2021,230
47,כפר תבור,2022,117
47,כפר תבור,2023,81
47,כפר תבור,2024,73
47,כפר תבור,2025,64
47,כפר תבור,2026,39
4701,רמת מגשימים,2004,1
4701,רמת מגשימים,2005,1
4701,רמת מגשימים,2006,1
4701,רמת מגשימים,2009,2
4701,רמת מגשימים,2011,1
4701,רמת מגשימים,2012,1
4701,רמת מגשימים,2013,3
4701,רמת מגשימים,2014,1
4701,רמת מגשימים,2015,1
4701,רמת מגשימים,2016,9
4701,רמת מגשימים,2017,4
4701,רמת מגשימים,2018,1
4701,רמת מגשימים,2019,5
4701,רמת מגשימים,2020,5
4701,רמת מגשימים,2021,3
4701,רמת מגשימים,2022,3
4701,רמת מגשימים,2023,5
4701,רמת מגשימים,2024,49
4701,רמת מגשימים,2025,12
4701,רמת מגשימים,2026,3
4702,רמות,1998,1
4702,רמות,2000,1
4702,רמות,2002,1
4702,רמות,2003,1
4702,רמות,2005,2
4702,רמות,2009,2
4702,רמות,2010,5
4702,רמות,2011,2
4702,רמות,2012,2
4702,רמות,2013,5
4702,רמות,2014,4
4702,רמות,2015,2
4702,רמות,2017,4
4702,רמות,2018,6
4702,רמות,2019,10
4702,רמות,2020,9
4702,רמות,2021,9
4702,רמות,2022,6
4702,רמות,2023,39
4702,רמות,2024,5
4702,רמות,2025,4
472,אבו גוש,1998,8
472,אבו גוש,1999,13
472,אבו גוש,2000,11
472,אבו גוש,2001,2
472,אבו גוש,2002,9
472,אבו גוש,2003,3
472,אבו גוש,2004,6
472,אבו גוש,2005,11
472,אבו גוש,2006,29
472,אבו גוש,2007,27
472,אבו גוש,2008,14
472,אבו גוש,2009,11
472,אבו גוש,2010,23
472,אבו גוש,2011,14
472,אבו גוש,2012,25
472,אבו גוש,2013,12
472,אבו גוש,2014,30
472,אבו גוש,2015,22
472,אבו גוש,2016,61
472,אבו גוש,2017,25
472,אבו גוש,2018,65
472,אבו גוש,2019,37
472,אבו גוש,2020,25
472,אבו גוש,2021,34
472,אבו גוש,2022,17
472,אבו גוש,2023,54
472,אבו גוש,2024,48
472,אבו גוש,2025,54
472,אבו גוש,2026,15
473,אבו סנאן,1998,68
473,אבו סנאן,1999,34
473,אבו סנאן,2000,34
473,אבו סנאן,2001,26
473,אבו סנאן,2002,43
473,אבו סנאן,2003,30
473,אבו סנאן,2004,44
473,אבו סנאן,2005,53
473,אבו סנאן,2006,63
473,אבו סנאן,2007,116
473,אבו סנאן,2008,91
473,אבו סנאן,2009,63
473,אבו סנאן,2010,62
473,אבו סנאן,2011,89
473,אבו סנאן,2012,89
473,אבו סנאן,2013,93
473,אבו סנאן,2014,107
473,אבו סנאן,2015,55
473,אבו סנאן,2016,58
473,אבו סנאן,2017,93
473,אבו סנאן,2018,79
473,אבו סנאן,2019,53
473,אבו סנאן,2020,82
473,אבו סנאן,2021,112
473,אבו סנאן,2022,59
473,אבו סנאן,2023,44
473,אבו סנאן,2024,42
473,אבו סנאן,2025,63
473,אבו סנאן,2026,20
475,דחי,1998,4
475,דחי,1999,2
475,דחי,2000,3
475,דחי,2001,1
475,דחי,2002,2
475,דחי,2003,7
475,דחי,2004,12
475,דחי,2005,11
475,דחי,2006,3
475,דחי,2007,2
475,דחי,2008,3
475,דחי,2009,6
475,דחי,2010,2
475,דחי,2011,2
475,דחי,2013,3
475,דחי,2014,1
475,דחי,2017,17
475,דחי,2019,13
475,דחי,2020,3
475,דחי,2022,2
475,דחי,2023,1
475,דחי,2024,6
475,דחי,2025,5
475,דחי,2026,1
478,אכסאל,1998,17
478,אכסאל,1999,23
478,אכסאל,2000,22
478,אכסאל,2001,32
478,אכסאל,2002,45
478,אכסאל,2003,26
478,אכסאל,2004,36
478,אכסאל,2005,42
478,אכסאל,2006,45
478,אכסאל,2007,48
478,אכסאל,2008,55
478,אכסאל,2009,59
478,אכסאל,2010,53
478,אכסאל,2011,47
478,אכסאל,2012,50
478,אכסאל,2013,67
478,אכסאל,2014,52
478,אכסאל,2015,46
478,אכסאל,2016,46
478,אכסאל,2017,43
478,אכסאל,2018,50
478,אכסאל,2019,40
478,אכסאל,2020,46
478,אכסאל,2021,51
478,אכסאל,2022,138
478,אכסאל,2023,84
478,אכסאל,2024,132
478,אכסאל,2025,78
478,אכסאל,2026,22
48,מנחמיה,1998,7
48,מנחמיה,1999,9
48,מנחמיה,2000,2
48,מנחמיה,2001,5
48,מנחמיה,2002,6
48,מנחמיה,2003,13
48,מנחמיה,2004,6
48,מנחמיה,2005,9
48,מנחמיה,2006,18
48,מנחמיה,2007,22
48,מנחמיה,2008,13
48,מנחמיה,2009,23
48,מנחמיה,2010,10
48,מנחמיה,2011,19
48,מנחמיה,2012,13
48,מנחמיה,2013,7
48,מנחמיה,2014,7
48,מנחמיה,2015,14
48,מנחמיה,2016,9
48,מנחמיה,2017,31
48,מנחמיה,2018,7
48,מנחמיה,2019,20
48,מנחמיה,2020,26
48,מנחמיה,2021,22
48,מנחמיה,2022,18
48,מנחמיה,2023,8
48,מנחמיה,2024,9
48,מנחמיה,2025,5
48,מנחמיה,2026,6
480,בית ג'ן,1998,25
480,בית ג'ן,1999,56
480,בית ג'ן,2000,84
480,בית ג'ן,2001,88
480,בית ג'ן,2002,67
480,בית ג'ן,2003,81
480,בית ג'ן,2004,80
480,בית ג'ן,2005,62
480,בית ג'ן,2006,60
480,בית ג'ן,2007,65
480,בית ג'ן,2008,50
480,בית ג'ן,2009,63
480,בית ג'ן,2010,75
480,בית ג'ן,2011,77
480,בית ג'ן,2012,82
480,בית ג'ן,2013,71
480,בית ג'ן,2014,97
480,בית ג'ן,2015,112
480,בית ג'ן,2016,76
480,בית ג'ן,2017,76
480,בית ג'ן,2018,81
480,בית ג'ן,2019,78
480,בית ג'ן,2020,74
480,בית ג'ן,2021,96
480,בית ג'ן,2022,144
480,בית ג'ן,2023,98
480,בית ג'ן,2024,88
480,בית ג'ן,2025,93
480,בית ג'ן,2026,44
481,מגאר,1998,59
481,מגאר,1999,51
481,מגאר,2000,30
481,מגאר,2001,35
481,מגאר,2002,46
481,מגאר,2003,59
481,מגאר,2004,61
481,מגאר,2005,38
481,מגאר,2006,45
481,מגאר,2007,40
481,מגאר,2008,39
481,מגאר,2009,85
481,מגאר,2010,88
481,מגאר,2011,106
481,מגאר,2012,86
481,מגאר,2013,149
481,מגאר,2014,155
481,מגאר,2015,141
481,מגאר,2016,97
481,מגאר,2017,162
481,מגאר,2018,256
481,מגאר,2019,90
481,מגאר,2020,112
481,מגאר,2021,130
481,מגאר,2022,123
481,מגאר,2023,126
481,מגאר,2024,128
481,מגאר,2025,157
481,מגאר,2026,18
482,בועיינה-נוג'ידאת,1998,3
482,בועיינה-נוג'ידאת,1999,8
482,בועיינה-נוג'ידאת,2000,6
482,בועיינה-נוג'ידאת,2001,9
482,בועיינה-נוג'ידאת,2002,9
482,בועיינה-נוג'ידאת,2003,14
482,בועיינה-נוג'ידאת,2004,7
482,בועיינה-נוג'ידאת,2005,24
482,בועיינה-נוג'ידאת,2006,11
482,בועיינה-נוג'ידאת,2007,6
482,בועיינה-נוג'ידאת,2008,3
482,בועיינה-נוג'ידאת,2009,6
482,בועיינה-נוג'ידאת,2010,24
482,בועיינה-נוג'ידאת,2011,23
482,בועיינה-נוג'ידאת,2012,15
482,בועיינה-נוג'ידאת,2013,42
482,בועיינה-נוג'ידאת,2014,19
482,בועיינה-נוג'ידאת,2015,40
482,בועיינה-נוג'ידאת,2016,33
482,בועיינה-נוג'ידאת,2017,23
482,בועיינה-נוג'ידאת,2018,28
482,בועיינה-נוג'ידאת,2019,49
482,בועיינה-נוג'ידאת,2020,81
482,בועיינה-נוג'ידאת,2021,61
482,בועיינה-נוג'ידאת,2022,52
482,בועיינה-נוג'ידאת,2023,53
482,בועיינה-נוג'ידאת,2024,51
482,בועיינה-נוג'ידאת,2025,51
482,בועיינה-נוג'ידאת,2026,12
483,בענה,1998,19
483,בענה,1999,31
483,בענה,2000,42
483,בענה,2001,44
483,בענה,2002,37
483,בענה,2003,24
483,בענה,2004,27
483,בענה,2005,38
483,בענה,2006,30
483,בענה,2007,15
483,בענה,2008,38
483,בענה,2009,40
483,בענה,2010,49
483,בענה,2011,25
483,בענה,2012,42
483,בענה,2013,34
483,בענה,2014,33
483,בענה,2015,32
483,בענה,2016,49
483,בענה,2017,31
483,בענה,2018,54
483,בענה,2019,49
483,בענה,2020,50
483,בענה,2021,36
483,בענה,2022,50
483,בענה,2023,64
483,בענה,2024,69
483,בענה,2025,96
483,בענה,2026,12
485,ג'ולס,1998,40
485,ג'ולס,1999,58
485,ג'ולס,2000,29
485,ג'ולס,2001,24
485,ג'ולס,2002,47
485,ג'ולס,2003,25
485,ג'ולס,2004,44
485,ג'ולס,2005,36
485,ג'ולס,2006,36
485,ג'ולס,2007,43
485,ג'ולס,2008,29
485,ג'ולס,2009,52
485,ג'ולס,2010,43
485,ג'ולס,2011,56
485,ג'ולס,2012,55
485,ג'ולס,2013,70
485,ג'ולס,2014,72
485,ג'ולס,2015,155
485,ג'ולס,2016,162
485,ג'ולס,2017,84
485,ג'ולס,2018,298
485,ג'ולס,2019,81
485,ג'ולס,2020,245
485,ג'ולס,2021,61
485,ג'ולס,2022,139
485,ג'ולס,2023,95
485,ג'ולס,2024,116
485,ג'ולס,2025,58
485,ג'ולס,2026,28
487,ג'ש )גוש חלב(,1998,27
487,ג'ש )גוש חלב(,1999,33
487,ג'ש )גוש חלב(,2000,28
487,ג'ש )גוש חלב(,2001,19
487,ג'ש )גוש חלב(,2002,17
487,ג'ש )גוש חלב(,2003,33
487,ג'ש )גוש חלב(,2004,33
487,ג'ש )גוש חלב(,2005,30
487,ג'ש )גוש חלב(,2006,57
487,ג'ש )גוש חלב(,2007,51
487,ג'ש )גוש חלב(,2008,36
487,ג'ש )גוש חלב(,2009,33
487,ג'ש )גוש חלב(,2010,52
487,ג'ש )גוש חלב(,2011,36
487,ג'ש )גוש חלב(,2012,53
487,ג'ש )גוש חלב(,2013,60
487,ג'ש )גוש חלב(,2014,31
487,ג'ש )גוש חלב(,2015,35
487,ג'ש )גוש חלב(,2016,42
487,ג'ש )גוש חלב(,2017,33
487,ג'ש )גוש חלב(,2018,29
487,ג'ש )גוש חלב(,2019,33
487,ג'ש )גוש חלב(,2020,36
487,ג'ש )גוש חלב(,2021,60
487,ג'ש )גוש חלב(,2022,54
487,ג'ש )גוש חלב(,2023,48
487,ג'ש )גוש חלב(,2024,36
487,ג'ש )גוש חלב(,2025,33
487,ג'ש )גוש חלב(,2026,7
489,דבוריה,1998,19
489,דבוריה,1999,30
489,דבוריה,2000,39
489,דבוריה,2001,44
489,דבוריה,2002,40
489,דבוריה,2003,26
489,דבוריה,2004,29
489,דבוריה,2005,30
489,דבוריה,2006,25
489,דבוריה,2007,39
489,דבוריה,2008,27
489,דבוריה,2009,43
489,דבוריה,2010,46
489,דבוריה,2011,52
489,דבוריה,2012,24
489,דבוריה,2013,65
489,דבוריה,2014,44
489,דבוריה,2015,47
489,דבוריה,2016,60
489,דבוריה,2017,105
489,דבוריה,2018,69
489,דבוריה,2019,80
489,דבוריה,2020,98
489,דבוריה,2021,117
489,דבוריה,2022,63
489,דבוריה,2023,85
489,דבוריה,2024,86
489,דבוריה,2025,93
489,דבוריה,2026,6
49,אילניה,1998,10
49,אילניה,1999,6
49,אילניה,2000,2
49,אילניה,2001,3
49,אילניה,2002,5
49,אילניה,2003,7
49,אילניה,2004,47
49,אילניה,2005,78
49,אילניה,2006,12
49,אילניה,2007,10
49,אילניה,2008,69
49,אילניה,2009,17
49,אילניה,2010,9
49,אילניה,2011,15
49,אילניה,2012,18
49,אילניה,2013,8
49,אילניה,2014,22
49,אילניה,2015,8
49,אילניה,2016,20
49,אילניה,2017,10
49,אילניה,2018,4
49,אילניה,2019,5
49,אילניה,2020,6
49,אילניה,2021,7
49,אילניה,2022,11
49,אילניה,2023,21
49,אילניה,2024,3
49,אילניה,2025,3
490,דייר אל-אסד,1998,13
490,דייר אל-אסד,1999,13
490,דייר אל-אסד,2000,9
490,דייר אל-אסד,2001,19
490,דייר אל-אסד,2002,9
490,דייר אל-אסד,2003,12
490,דייר אל-אסד,2004,14
490,דייר אל-אסד,2005,10
490,דייר אל-אסד,2006,6
490,דייר אל-אסד,2007,19
490,דייר אל-אסד,2008,27
490,דייר אל-אסד,2009,17
490,דייר אל-אסד,2010,15
490,דייר אל-אסד,2011,4
490,דייר אל-אסד,2012,18
490,דייר אל-אסד,2013,11
490,דייר אל-אסד,2014,28
490,דייר אל-אסד,2015,26
490,דייר אל-אסד,2016,15
490,דייר אל-אסד,2017,19
490,דייר אל-אסד,2018,26
490,דייר אל-אסד,2019,25
490,דייר אל-אסד,2020,19
490,דייר אל-אסד,2021,30
490,דייר אל-אסד,2022,61
490,דייר אל-אסד,2023,59
490,דייר אל-אסד,2024,86
490,דייר אל-אסד,2025,35
490,דייר אל-אסד,2026,14
492,דייר חנא,1998,47
492,דייר חנא,1999,28
492,דייר חנא,2000,10
492,דייר חנא,2001,51
492,דייר חנא,2002,27
492,דייר חנא,2003,21
492,דייר חנא,2004,29
492,דייר חנא,2005,25
492,דייר חנא,2006,31
492,דייר חנא,2007,37
492,דייר חנא,2008,38
492,דייר חנא,2009,37
492,דייר חנא,2010,49
492,דייר חנא,2011,45
492,דייר חנא,2012,57
492,דייר חנא,2013,38
492,דייר חנא,2014,46
492,דייר חנא,2015,44
492,דייר חנא,2016,53
492,דייר חנא,2017,115
492,דייר חנא,2018,94
492,דייר חנא,2019,89
492,דייר חנא,2020,52
492,דייר חנא,2021,72
492,דייר חנא,2022,84
492,דייר חנא,2023,85
492,דייר חנא,2024,68
492,דייר חנא,2025,128
492,דייר חנא,2026,21
494,דאלית אל-כרמל,1998,186
494,דאלית אל-כרמל,1999,164
494,דאלית אל-כרמל,2000,120
494,דאלית אל-כרמל,2001,165
494,דאלית אל-כרמל,2002,132
494,דאלית אל-כרמל,2003,139
494,דאלית אל-כרמל,2004,136
494,דאלית אל-כרמל,2005,127
494,דאלית אל-כרמל,2006,164
494,דאלית אל-כרמל,2007,173
494,דאלית אל-כרמל,2008,200
494,דאלית אל-כרמל,2009,186
494,דאלית אל-כרמל,2010,273
494,דאלית אל-כרמל,2011,223
494,דאלית אל-כרמל,2012,225
494,דאלית אל-כרמל,2013,214
494,דאלית אל-כרמל,2014,278
494,דאלית אל-כרמל,2015,315
494,דאלית אל-כרמל,2016,303
494,דאלית אל-כרמל,2017,260
494,דאלית אל-כרמל,2018,283
494,דאלית אל-כרמל,2019,222
494,דאלית אל-כרמל,2020,222
494,דאלית אל-כרמל,2021,277
494,דאלית אל-כרמל,2022,244
494,דאלית אל-כרמל,2023,144
494,דאלית אל-כרמל,2024,179
494,דאלית אל-כרמל,2025,189
494,דאלית אל-כרמל,2026,26
496,חורפיש,1998,14
496,חורפיש,1999,12
496,חורפיש,2000,14
496,חורפיש,2001,17
496,חורפיש,2002,31
496,חורפיש,2003,30
496,חורפיש,2004,18
496,חורפיש,2005,19
496,חורפיש,2006,20
496,חורפיש,2007,25
496,חורפיש,2008,21
496,חורפיש,2009,31
496,חורפיש,2010,43
496,חורפיש,2011,31
496,חורפיש,2012,34
496,חורפיש,2013,24
496,חורפיש,2014,38
496,חורפיש,2015,21
496,חורפיש,2016,33
496,חורפיש,2017,27
496,חורפיש,2018,102
496,חורפיש,2019,32
496,חורפיש,2020,39
496,חורפיש,2021,55
496,חורפיש,2022,42
496,חורפיש,2023,38
496,חורפיש,2024,41
496,חורפיש,2025,28
496,חורפיש,2026,8
497,טייבה )בעמק(,1998,8
497,טייבה )בעמק(,1999,3
497,טייבה )בעמק(,2000,1
497,טייבה )בעמק(,2001,1
497,טייבה )בעמק(,2002,4
497,טייבה )בעמק(,2004,2
497,טייבה )בעמק(,2005,1
497,טייבה )בעמק(,2007,1
497,טייבה )בעמק(,2009,2
497,טייבה )בעמק(,2010,5
497,טייבה )בעמק(,2011,5
497,טייבה )בעמק(,2012,2
497,טייבה )בעמק(,2013,11
497,טייבה )בעמק(,2014,3
497,טייבה )בעמק(,2015,7
497,טייבה )בעמק(,2016,8
497,טייבה )בעמק(,2017,4
497,טייבה )בעמק(,2018,5
497,טייבה )בעמק(,2019,5
497,טייבה )בעמק(,2020,4
497,טייבה )בעמק(,2021,3
497,טייבה )בעמק(,2022,3
497,טייבה )בעמק(,2023,6
497,טייבה )בעמק(,2024,7
497,טייבה )בעמק(,2025,1
497,טייבה )בעמק(,2026,1
498,טורעאן,1998,33
498,טורעאן,1999,91
498,טורעאן,2000,50
498,טורעאן,2001,79
498,טורעאן,2002,97
498,טורעאן,2003,89
498,טורעאן,2004,67
498,טורעאן,2005,62
498,טורעאן,2006,84
498,טורעאן,2007,55
498,טורעאן,2008,85
498,טורעאן,2009,81
498,טורעאן,2010,56
498,טורעאן,2011,103
498,טורעאן,2012,95
498,טורעאן,2013,74
498,טורעאן,2014,107
498,טורעאן,2015,88
498,טורעאן,2016,85
498,טורעאן,2017,175
498,טורעאן,2018,127
498,טורעאן,2019,154
498,טורעאן,2020,78
498,טורעאן,2021,117
498,טורעאן,2022,127
498,טורעאן,2023,107
498,טורעאן,2024,165
498,טורעאן,2025,202
498,טורעאן,2026,59
499,יפיע,1998,55
499,יפיע,1999,54
499,יפיע,2000,58
499,יפיע,2001,56
499,יפיע,2002,69
499,יפיע,2003,34
499,יפיע,2004,35
499,יפיע,2005,52
499,יפיע,2006,47
499,יפיע,2007,72
499,יפיע,2008,65
499,יפיע,2009,51
499,יפיע,2010,75
499,יפיע,2011,75
499,יפיע,2012,79
499,יפיע,2013,82
499,יפיע,2014,91
499,יפיע,2015,78
499,יפיע,2016,86
499,יפיע,2017,65
499,יפיע,2018,75
499,יפיע,2019,139
499,יפיע,2020,61
499,יפיע,2021,63
499,יפיע,2022,73
499,יפיע,2023,68
499,יפיע,2024,54
499,יפיע,2025,62
499,יפיע,2026,14
5000,תל אביב -יפו,1998,6612
5000,תל אביב -יפו,1999,8266
5000,תל אביב -יפו,2000,6399
5000,תל אביב -יפו,2001,6355
5000,תל אביב -יפו,2002,6995
5000,תל אביב -יפו,2003,6312
5000,תל אביב -יפו,2004,8266
5000,תל אביב -יפו,2005,9087
5000,תל אביב -יפו,2006,10334
5000,תל אביב -יפו,2007,11137
5000,תל אביב -יפו,2008,8412
5000,תל אביב -יפו,2009,9363
5000,תל אביב -יפו,2010,9622
5000,תל אביב -יפו,2011,8081
5000,תל אביב -יפו,2012,9201
5000,תל אביב -יפו,2013,10674
5000,תל אביב -יפו,2014,9286
5000,תל אביב -יפו,2015,10926
5000,תל אביב -יפו,2016,9265
5000,תל אביב -יפו,2017,8057
5000,תל אביב -יפו,2018,7823
5000,תל אביב -יפו,2019,9371
5000,תל אביב -יפו,2020,8712
5000,תל אביב -יפו,2021,15093
5000,תל אביב -יפו,2022,9977
5000,תל אביב -יפו,2023,6319
5000,תל אביב -יפו,2024,9296
5000,תל אביב -יפו,2025,8825
5000,תל אביב -יפו,2026,2787
502,ירכא,1998,49
502,ירכא,1999,53
502,ירכא,2000,75
502,ירכא,2001,41
502,ירכא,2002,45
502,ירכא,2003,80
502,ירכא,2004,40
502,ירכא,2005,39
502,ירכא,2006,50
502,ירכא,2007,59
502,ירכא,2008,59
502,ירכא,2009,52
502,ירכא,2010,53
502,ירכא,2011,56
502,ירכא,2012,69
502,ירכא,2013,78
502,ירכא,2014,83
502,ירכא,2015,52
502,ירכא,2016,100
502,ירכא,2017,94
502,ירכא,2018,139
502,ירכא,2019,55
502,ירכא,2020,63
502,ירכא,2021,58
502,ירכא,2022,103
502,ירכא,2023,111
502,ירכא,2024,101
502,ירכא,2025,71
502,ירכא,2026,35
504,כאבול,1998,14
504,כאבול,1999,19
504,כאבול,2000,17
504,כאבול,2001,25
504,כאבול,2002,29
504,כאבול,2003,20
504,כאבול,2004,19
504,כאבול,2005,15
504,כאבול,2006,21
504,כאבול,2007,23
504,כאבול,2008,23
504,כאבול,2009,26
504,כאבול,2010,33
504,כאבול,2011,39
504,כאבול,2012,31
504,כאבול,2013,64
504,כאבול,2014,55
504,כאבול,2015,36
504,כאבול,2016,44
504,כאבול,2017,37
504,כאבול,2018,64
504,כאבול,2019,57
504,כאבול,2020,22
504,כאבול,2021,42
504,כאבול,2022,46
504,כאבול,2023,52
504,כאבול,2024,84
504,כאבול,2025,82
504,כאבול,2026,24
505,כאוכב אבו אל-היג'א,1998,7
505,כאוכב אבו אל-היג'א,1999,10
505,כאוכב אבו אל-היג'א,2000,11
505,כאוכב אבו אל-היג'א,2001,64
505,כאוכב אבו אל-היג'א,2002,12
505,כאוכב אבו אל-היג'א,2003,10
505,כאוכב אבו אל-היג'א,2004,17
505,כאוכב אבו אל-היג'א,2005,3
505,כאוכב אבו אל-היג'א,2006,29
505,כאוכב אבו אל-היג'א,2007,24
505,כאוכב אבו אל-היג'א,2008,29
505,כאוכב אבו אל-היג'א,2009,12
505,כאוכב אבו אל-היג'א,2010,26
505,כאוכב אבו אל-היג'א,2011,18
505,כאוכב אבו אל-היג'א,2012,19
505,כאוכב אבו אל-היג'א,2013,25
505,כאוכב אבו אל-היג'א,2014,14
505,כאוכב אבו אל-היג'א,2015,17
505,כאוכב אבו אל-היג'א,2016,23
505,כאוכב אבו אל-היג'א,2017,23
505,כאוכב אבו אל-היג'א,2018,30
505,כאוכב אבו אל-היג'א,2019,13
505,כאוכב אבו אל-היג'א,2020,25
505,כאוכב אבו אל-היג'א,2021,39
505,כאוכב אבו אל-היג'א,2022,24
505,כאוכב אבו אל-היג'א,2023,33
505,כאוכב אבו אל-היג'א,2024,27
505,כאוכב אבו אל-היג'א,2025,28
505,כאוכב אבו אל-היג'א,2026,2
507,כפר יאסיף,1998,36
507,כפר יאסיף,1999,45
507,כפר יאסיף,2000,23
507,כפר יאסיף,2001,31
507,כפר יאסיף,2002,29
507,כפר יאסיף,2003,20
507,כפר יאסיף,2004,47
507,כפר יאסיף,2005,37
507,כפר יאסיף,2006,39
507,כפר יאסיף,2007,32
507,כפר יאסיף,2008,58
507,כפר יאסיף,2009,50
507,כפר יאסיף,2010,75
507,כפר יאסיף,2011,91
507,כפר יאסיף,2012,99
507,כפר יאסיף,2013,69
507,כפר יאסיף,2014,93
507,כפר יאסיף,2015,99
507,כפר יאסיף,2016,118
507,כפר יאסיף,2017,111
507,כפר יאסיף,2018,95
507,כפר יאסיף,2019,86
507,כפר יאסיף,2020,101
507,כפר יאסיף,2021,68
507,כפר יאסיף,2022,67
507,כפר יאסיף,2023,110
507,כפר יאסיף,2024,131
507,כפר יאסיף,2025,87
507,כפר יאסיף,2026,12
508,כפר כמא,1998,3
508,כפר כמא,1999,1
508,כפר כמא,2000,22
508,כפר כמא,2001,14
508,כפר כמא,2002,9
508,כפר כמא,2003,6
508,כפר כמא,2004,3
508,כפר כמא,2005,8
508,כפר כמא,2006,7
508,כפר כמא,2007,6
508,כפר כמא,2008,5
508,כפר כמא,2009,7
508,כפר כמא,2010,26
508,כפר כמא,2011,4
508,כפר כמא,2012,10
508,כפר כמא,2013,6
508,כפר כמא,2014,22
508,כפר כמא,2015,9
508,כפר כמא,2016,9
508,כפר כמא,2017,8
508,כפר כמא,2018,12
508,כפר כמא,2019,21
508,כפר כמא,2020,3
508,כפר כמא,2021,14
508,כפר כמא,2022,13
508,כפר כמא,2023,14
508,כפר כמא,2024,29
508,כפר כמא,2025,14
509,כפר כנא,1998,122
509,כפר כנא,1999,38
509,כפר כנא,2000,52
509,כפר כנא,2001,34
509,כפר כנא,2002,62
509,כפר כנא,2003,37
509,כפר כנא,2004,64
509,כפר כנא,2005,105
509,כפר כנא,2006,87
509,כפר כנא,2007,75
509,כפר כנא,2008,95
509,כפר כנא,2009,92
509,כפר כנא,2010,96
509,כפר כנא,2011,68
509,כפר כנא,2012,91
509,כפר כנא,2013,87
509,כפר כנא,2014,99
509,כפר כנא,2015,106
509,כפר כנא,2016,140
509,כפר כנא,2017,135
509,כפר כנא,2018,181
509,כפר כנא,2019,111
509,כפר כנא,2020,133
509,כפר כנא,2021,178
509,כפר כנא,2022,199
509,כפר כנא,2023,192
509,כפר כנא,2024,255
509,כפר כנא,2025,259
509,כפר כנא,2026,56
510,כפר מנדא,1998,38
510,כפר מנדא,1999,38
510,כפר מנדא,2000,38
510,כפר מנדא,2001,39
510,כפר מנדא,2002,45
510,כפר מנדא,2003,47
510,כפר מנדא,2004,55
510,כפר מנדא,2005,47
510,כפר מנדא,2006,45
510,כפר מנדא,2007,73
510,כפר מנדא,2008,94
510,כפר מנדא,2009,85
510,כפר מנדא,2010,98
510,כפר מנדא,2011,79
510,כפר מנדא,2012,109
510,כפר מנדא,2013,99
510,כפר מנדא,2014,98
510,כפר מנדא,2015,111
510,כפר מנדא,2016,141
510,כפר מנדא,2017,166
510,כפר מנדא,2018,157
510,כפר מנדא,2019,180
510,כפר מנדא,2020,167
510,כפר מנדא,2021,240
510,כפר מנדא,2022,191
510,כפר מנדא,2023,231
510,כפר מנדא,2024,224
510,כפר מנדא,2025,313
510,כפר מנדא,2026,147
511,עילוט,1998,258
511,עילוט,1999,27
511,עילוט,2000,41
511,עילוט,2001,33
511,עילוט,2002,10
511,עילוט,2003,21
511,עילוט,2004,22
511,עילוט,2005,25
511,עילוט,2006,31
511,עילוט,2007,36
511,עילוט,2008,53
511,עילוט,2009,23
511,עילוט,2010,89
511,עילוט,2011,50
511,עילוט,2012,64
511,עילוט,2013,32
511,עילוט,2014,50
511,עילוט,2015,47
511,עילוט,2016,116
511,עילוט,2017,36
511,עילוט,2018,48
511,עילוט,2019,32
511,עילוט,2020,28
511,עילוט,2021,33
511,עילוט,2022,26
511,עילוט,2023,69
511,עילוט,2024,29
511,עילוט,2025,30
511,עילוט,2026,9
512,כפר מצר,1998,3
512,כפר מצר,1999,1
512,כפר מצר,2000,1
512,כפר מצר,2002,1
512,כפר מצר,2006,2
512,כפר מצר,2007,2
512,כפר מצר,2008,1
512,כפר מצר,2010,1
512,כפר מצר,2011,2
512,כפר מצר,2012,3
512,כפר מצר,2014,4
512,כפר מצר,2016,1
512,כפר מצר,2018,4
512,כפר מצר,2019,1
512,כפר מצר,2020,1
512,כפר מצר,2021,1
512,כפר מצר,2022,20
512,כפר מצר,2023,1
512,כפר מצר,2024,11
512,כפר מצר,2025,8
514,עין ראפה,2010,2
514,עין ראפה,2015,1
514,עין ראפה,2016,1
514,עין ראפה,2017,1
514,עין ראפה,2018,2
514,עין ראפה,2019,5
514,עין ראפה,2020,3
514,עין ראפה,2021,2
514,עין ראפה,2022,3
514,עין ראפה,2023,18
514,עין ראפה,2024,3
514,עין ראפה,2025,6
516,מג`ד אל-כרום,1998,78
516,מג`ד אל-כרום,1999,113
516,מג`ד אל-כרום,2000,79
516,מג`ד אל-כרום,2001,72
516,מג`ד אל-כרום,2002,86
516,מג`ד אל-כרום,2003,101
516,מג`ד אל-כרום,2004,110
516,מג`ד אל-כרום,2005,141
516,מג`ד אל-כרום,2006,67
516,מג`ד אל-כרום,2007,68
516,מג`ד אל-כרום,2008,72
516,מג`ד אל-כרום,2009,94
516,מג`ד אל-כרום,2010,103
516,מג`ד אל-כרום,2011,74
516,מג`ד אל-כרום,2012,127
516,מג`ד אל-כרום,2013,113
516,מג`ד אל-כרום,2014,126
516,מג`ד אל-כרום,2015,115
516,מג`ד אל-כרום,2016,119
516,מג`ד אל-כרום,2017,153
516,מג`ד אל-כרום,2018,196
516,מג`ד אל-כרום,2019,92
516,מג`ד אל-כרום,2020,159
516,מג`ד אל-כרום,2021,159
516,מג`ד אל-כרום,2022,160
516,מג`ד אל-כרום,2023,182
516,מג`ד אל-כרום,2024,114
516,מג`ד אל-כרום,2025,156
516,מג`ד אל-כרום,2026,59
517,מזרעה,1998,3
517,מזרעה,1999,3
517,מזרעה,2000,3
517,מזרעה,2001,4
517,מזרעה,2002,2
517,מזרעה,2003,4
517,מזרעה,2004,5
517,מזרעה,2005,4
517,מזרעה,2006,2
517,מזרעה,2007,1
517,מזרעה,2008,2
517,מזרעה,2009,16
517,מזרעה,2010,1
517,מזרעה,2011,4
517,מזרעה,2012,4
517,מזרעה,2013,1
517,מזרעה,2014,23
517,מזרעה,2015,7
517,מזרעה,2016,12
517,מזרעה,2017,7
517,מזרעה,2018,45
517,מזרעה,2019,8
517,מזרעה,2020,33
517,מזרעה,2021,7
517,מזרעה,2022,27
517,מזרעה,2023,6
517,מזרעה,2024,15
517,מזרעה,2025,19
517,מזרעה,2026,5
518,מעיליא,1998,55
518,מעיליא,1999,97
518,מעיליא,2000,47
518,מעיליא,2001,35
518,מעיליא,2002,57
518,מעיליא,2003,104
518,מעיליא,2004,60
518,מעיליא,2005,81
518,מעיליא,2006,71
518,מעיליא,2007,62
518,מעיליא,2008,97
518,מעיליא,2009,101
518,מעיליא,2010,93
518,מעיליא,2011,83
518,מעיליא,2012,77
518,מעיליא,2013,103
518,מעיליא,2014,83
518,מעיליא,2015,81
518,מעיליא,2016,60
518,מעיליא,2017,75
518,מעיליא,2018,150
518,מעיליא,2019,53
518,מעיליא,2020,84
518,מעיליא,2021,92
518,מעיליא,2022,85
518,מעיליא,2023,71
518,מעיליא,2024,87
518,מעיליא,2025,102
518,מעיליא,2026,31
52,לוזית,2005,2
52,לוזית,2006,43
52,לוזית,2007,2
52,לוזית,2008,18
52,לוזית,2009,16
52,לוזית,2010,36
52,לוזית,2011,16
52,לוזית,2012,2
52,לוזית,2013,6
52,לוזית,2014,3
52,לוזית,2015,35
52,לוזית,2016,7
52,לוזית,2017,11
52,לוזית,2018,4
52,לוזית,2019,6
52,לוזית,2020,6
52,לוזית,2021,6
52,לוזית,2022,8
52,לוזית,2023,4
52,לוזית,2024,6
52,לוזית,2025,5
52,לוזית,2026,3
520,משהד,1998,85
520,משהד,1999,121
520,משהד,2000,98
520,משהד,2001,90
520,משהד,2002,35
520,משהד,2003,34
520,משהד,2004,24
520,משהד,2005,16
520,משהד,2006,18
520,משהד,2007,11
520,משהד,2008,33
520,משהד,2009,25
520,משהד,2010,23
520,משהד,2011,28
520,משהד,2012,18
520,משהד,2013,41
520,משהד,2014,50
520,משהד,2015,34
520,משהד,2016,40
520,משהד,2017,39
520,משהד,2018,32
520,משהד,2019,43
520,משהד,2020,32
520,משהד,2021,31
520,משהד,2022,46
520,משהד,2023,62
520,משהד,2024,102
520,משהד,2025,113
520,משהד,2026,39
521,עין נקובא,1998,3
521,עין נקובא,2000,1
521,עין נקובא,2003,5
521,עין נקובא,2004,2
521,עין נקובא,2005,2
521,עין נקובא,2006,2
521,עין נקובא,2007,4
521,עין נקובא,2008,5
521,עין נקובא,2009,3
521,עין נקובא,2010,12
521,עין נקובא,2011,7
521,עין נקובא,2012,3
521,עין נקובא,2013,13
521,עין נקובא,2014,7
521,עין נקובא,2015,4
521,עין נקובא,2016,7
521,עין נקובא,2017,6
521,עין נקובא,2018,14
521,עין נקובא,2019,11
521,עין נקובא,2020,9
521,עין נקובא,2021,13
521,עין נקובא,2022,9
521,עין נקובא,2023,9
521,עין נקובא,2024,6
521,עין נקובא,2025,11
521,עין נקובא,2026,4
522,נחף,1998,62
522,נחף,1999,30
522,נחף,2000,32
522,נחף,2001,43
522,נחף,2002,65
522,נחף,2003,43
522,נחף,2004,42
522,נחף,2005,74
522,נחף,2006,38
522,נחף,2007,63
522,נחף,2008,64
522,נחף,2009,58
522,נחף,2010,72
522,נחף,2011,61
522,נחף,2012,53
522,נחף,2013,78
522,נחף,2014,111
522,נחף,2015,75
522,נחף,2016,53
522,נחף,2017,96
522,נחף,2018,79
522,נחף,2019,81
522,נחף,2020,51
522,נחף,2021,76
522,נחף,2022,113
522,נחף,2023,131
522,נחף,2024,94
522,נחף,2025,133
522,נחף,2026,37
523,ניין,1998,22
523,ניין,1999,9
523,ניין,2000,8
523,ניין,2001,17
523,ניין,2002,10
523,ניין,2003,10
523,ניין,2004,17
523,ניין,2005,36
523,ניין,2006,9
523,ניין,2007,13
523,ניין,2008,14
523,ניין,2009,11
523,ניין,2010,13
523,ניין,2011,11
523,ניין,2012,14
523,ניין,2013,11
523,ניין,2014,30
523,ניין,2015,46
523,ניין,2016,16
523,ניין,2017,9
523,ניין,2018,22
523,ניין,2019,17
523,ניין,2020,16
523,ניין,2021,4
523,ניין,2022,17
523,ניין,2023,30
523,ניין,2024,16
523,ניין,2025,39
523,ניין,2026,1
524,נאעורה,1998,9
524,נאעורה,1999,1
524,נאעורה,2000,4
524,נאעורה,2001,4
524,נאעורה,2002,5
524,נאעורה,2003,6
524,נאעורה,2004,4
524,נאעורה,2005,2
524,נאעורה,2006,2
524,נאעורה,2007,2
524,נאעורה,2008,13
524,נאעורה,2009,11
524,נאעורה,2010,21
524,נאעורה,2011,16
524,נאעורה,2012,21
524,נאעורה,2013,10
524,נאעורה,2014,6
524,נאעורה,2015,9
524,נאעורה,2016,12
524,נאעורה,2017,9
524,נאעורה,2018,18
524,נאעורה,2019,26
524,נאעורה,2020,6
524,נאעורה,2021,10
524,נאעורה,2022,45
524,נאעורה,2023,16
524,נאעורה,2024,16
524,נאעורה,2025,19
524,נאעורה,2026,2
525,סאג'ור,1998,33
525,סאג'ור,1999,61
525,סאג'ור,2000,21
525,סאג'ור,2001,37
525,סאג'ור,2002,37
525,סאג'ור,2003,25
525,סאג'ור,2004,40
525,סאג'ור,2005,69
525,סאג'ור,2006,22
525,סאג'ור,2007,35
525,סאג'ור,2008,29
525,סאג'ור,2009,38
525,סאג'ור,2010,29
525,סאג'ור,2011,45
525,סאג'ור,2012,43
525,סאג'ור,2013,42
525,סאג'ור,2014,38
525,סאג'ור,2015,38
525,סאג'ור,2016,32
525,סאג'ור,2017,92
525,סאג'ור,2018,56
525,סאג'ור,2019,78
525,סאג'ור,2020,55
525,סאג'ור,2021,48
525,סאג'ור,2022,66
525,סאג'ור,2023,47
525,סאג'ור,2024,54
525,סאג'ור,2025,57
525,סאג'ור,2026,5
526,סולם,1998,38
526,סולם,1999,13
526,סולם,2000,12
526,סולם,2001,9
526,סולם,2002,8
526,סולם,2003,7
526,סולם,2004,7
526,סולם,2005,7
526,סולם,2006,3
526,סולם,2007,6
526,סולם,2008,19
526,סולם,2009,8
526,סולם,2010,6
526,סולם,2011,4
526,סולם,2012,5
526,סולם,2013,7
526,סולם,2014,5
526,סולם,2015,7
526,סולם,2016,10
526,סולם,2017,6
526,סולם,2018,7
526,סולם,2019,9
526,סולם,2020,7
526,סולם,2021,10
526,סולם,2022,17
526,סולם,2023,18
526,סולם,2024,5
526,סולם,2025,18
526,סולם,2026,3
527,שזור,1998,1
527,שזור,2002,1
527,שזור,2005,1
527,שזור,2006,2
527,שזור,2008,1
527,שזור,2009,2
527,שזור,2011,4
527,שזור,2012,4
527,שזור,2013,1
527,שזור,2015,1
527,שזור,2016,4
527,שזור,2017,1
527,שזור,2018,1
527,שזור,2019,1
527,שזור,2022,1
527,שזור,2023,4
527,שזור,2024,3
528,עוזייר,1999,3
528,עוזייר,2000,9
528,עוזייר,2001,1
528,עוזייר,2003,5
528,עוזייר,2004,14
528,עוזייר,2006,3
528,עוזייר,2007,3
528,עוזייר,2008,1
528,עוזייר,2009,3
528,עוזייר,2010,2
528,עוזייר,2011,8
528,עוזייר,2012,8
528,עוזייר,2013,1
528,עוזייר,2014,2
528,עוזייר,2015,19
528,עוזייר,2016,16
528,עוזייר,2017,17
528,עוזייר,2018,3
528,עוזייר,2019,2
528,עוזייר,2020,9
528,עוזייר,2021,2
528,עוזייר,2022,5
528,עוזייר,2023,8
528,עוזייר,2024,21
528,עוזייר,2025,22
528,עוזייר,2026,1
529,אעבלין,1998,78
529,אעבלין,1999,147
529,אעבלין,2000,228
529,אעבלין,2001,257
529,אעבלין,2002,292
529,אעבלין,2003,167
529,אעבלין,2004,190
529,אעבלין,2005,182
529,אעבלין,2006,189
529,אעבלין,2007,187
529,אעבלין,2008,165
529,אעבלין,2009,169
529,אעבלין,2010,156
529,אעבלין,2011,190
529,אעבלין,2012,220
529,אעבלין,2013,191
529,אעבלין,2014,236
529,אעבלין,2015,257
529,אעבלין,2016,308
529,אעבלין,2017,219
529,אעבלין,2018,266
529,אעבלין,2019,223
529,אעבלין,2020,235
529,אעבלין,2021,201
529,אעבלין,2022,176
529,אעבלין,2023,208
529,אעבלין,2024,235
529,אעבלין,2025,216
529,אעבלין,2026,78
53,עתלית,1998,47
53,עתלית,1999,81
53,עתלית,2000,61
53,עתלית,2001,48
53,עתלית,2002,47
53,עתלית,2003,49
53,עתלית,2004,111
53,עתלית,2005,64
53,עתלית,2006,100
53,עתלית,2007,184
53,עתלית,2008,181
53,עתלית,2009,174
53,עתלית,2010,185
53,עתלית,2011,140
53,עתלית,2012,139
53,עתלית,2013,198
53,עתלית,2014,158
53,עתלית,2015,167
53,עתלית,2016,209
53,עתלית,2017,413
53,עתלית,2018,279
53,עתלית,2019,198
53,עתלית,2020,238
53,עתלית,2021,305
53,עתלית,2022,195
53,עתלית,2023,140
53,עתלית,2024,221
53,עתלית,2025,222
53,עתלית,2026,101
530,עיילבון,1998,50
530,עיילבון,1999,25
530,עיילבון,2000,48
530,עיילבון,2001,37
530,עיילבון,2002,66
530,עיילבון,2003,41
530,עיילבון,2004,28
530,עיילבון,2005,26
530,עיילבון,2006,20
530,עיילבון,2007,39
530,עיילבון,2008,38
530,עיילבון,2009,41
530,עיילבון,2010,49
530,עיילבון,2011,47
530,עיילבון,2012,51
530,עיילבון,2013,49
530,עיילבון,2014,47
530,עיילבון,2015,36
530,עיילבון,2016,49
530,עיילבון,2017,74
530,עיילבון,2018,72
530,עיילבון,2019,23
530,עיילבון,2020,40
530,עיילבון,2021,50
530,עיילבון,2022,42
530,עיילבון,2023,47
530,עיילבון,2024,53
530,עיילבון,2025,33
530,עיילבון,2026,12
531,עראבה,1998,35
531,עראבה,1999,55
531,עראבה,2000,35
531,עראבה,2001,44
531,עראבה,2002,62
531,עראבה,2003,45
531,עראבה,2004,47
531,עראבה,2005,53
531,עראבה,2006,72
531,עראבה,2007,80
531,עראבה,2008,72
531,עראבה,2009,103
531,עראבה,2010,102
531,עראבה,2011,85
531,עראבה,2012,118
531,עראבה,2013,147
531,עראבה,2014,151
531,עראבה,2015,168
531,עראבה,2016,162
531,עראבה,2017,155
531,עראבה,2018,268
531,עראבה,2019,154
531,עראבה,2020,155
531,עראבה,2021,194
531,עראבה,2022,199
531,עראבה,2023,245
531,עראבה,2024,247
531,עראבה,2025,261
531,עראבה,2026,122
532,עין מאהל,1998,31
532,עין מאהל,1999,32
532,עין מאהל,2000,49
532,עין מאהל,2001,18
532,עין מאהל,2002,33
532,עין מאהל,2003,27
532,עין מאהל,2004,41
532,עין מאהל,2005,34
532,עין מאהל,2006,31
532,עין מאהל,2007,39
532,עין מאהל,2008,45
532,עין מאהל,2009,70
532,עין מאהל,2010,69
532,עין מאהל,2011,68
532,עין מאהל,2012,75
532,עין מאהל,2013,65
532,עין מאהל,2014,97
532,עין מאהל,2015,83
532,עין מאהל,2016,115
532,עין מאהל,2017,127
532,עין מאהל,2018,89
532,עין מאהל,2019,111
532,עין מאהל,2020,103
532,עין מאהל,2021,100
532,עין מאהל,2022,125
532,עין מאהל,2023,123
532,עין מאהל,2024,86
532,עין מאהל,2025,112
532,עין מאהל,2026,31
534,עספיא,1998,98
534,עספיא,1999,117
534,עספיא,2000,101
534,עספיא,2001,81
534,עספיא,2002,109
534,עספיא,2003,74
534,עספיא,2004,104
534,עספיא,2005,99
534,עספיא,2006,99
534,עספיא,2007,107
534,עספיא,2008,133
534,עספיא,2009,126
534,עספיא,2010,140
534,עספיא,2011,151
534,עספיא,2012,117
534,עספיא,2013,163
534,עספיא,2014,141
534,עספיא,2015,162
534,עספיא,2016,189
534,עספיא,2017,136
534,עספיא,2018,148
534,עספיא,2019,139
534,עספיא,2020,160
534,עספיא,2021,196
534,עספיא,2022,183
534,עספיא,2023,104
534,עספיא,2024,117
534,עספיא,2025,143
534,עספיא,2026,14
535,פסוטה,1998,20
535,פסוטה,1999,27
535,פסוטה,2000,22
535,פסוטה,2001,40
535,פסוטה,2002,42
535,פסוטה,2003,49
535,פסוטה,2004,38
535,פסוטה,2005,30
535,פסוטה,2006,64
535,פסוטה,2007,57
535,פסוטה,2008,74
535,פסוטה,2009,46
535,פסוטה,2010,55
535,פסוטה,2011,38
535,פסוטה,2012,37
535,פסוטה,2013,51
535,פסוטה,2014,51
535,פסוטה,2015,47
535,פסוטה,2016,58
535,פסוטה,2017,34
535,פסוטה,2018,69
535,פסוטה,2019,49
535,פסוטה,2020,43
535,פסוטה,2021,50
535,פסוטה,2022,32
535,פסוטה,2023,49
535,פסוטה,2024,53
535,פסוטה,2025,49
535,פסוטה,2026,14
536,פקיעין )בוקייעה(,1998,12
536,פקיעין )בוקייעה(,1999,36
536,פקיעין )בוקייעה(,2000,8
536,פקיעין )בוקייעה(,2001,21
536,פקיעין )בוקייעה(,2002,9
536,פקיעין )בוקייעה(,2003,14
536,פקיעין )בוקייעה(,2004,12
536,פקיעין )בוקייעה(,2005,33
536,פקיעין )בוקייעה(,2006,16
536,פקיעין )בוקייעה(,2007,35
536,פקיעין )בוקייעה(,2008,15
536,פקיעין )בוקייעה(,2009,16
536,פקיעין )בוקייעה(,2010,34
536,פקיעין )בוקייעה(,2011,22
536,פקיעין )בוקייעה(,2012,33
536,פקיעין )בוקייעה(,2013,27
536,פקיעין )בוקייעה(,2014,24
536,פקיעין )בוקייעה(,2015,50
536,פקיעין )בוקייעה(,2016,54
536,פקיעין )בוקייעה(,2017,56
536,פקיעין )בוקייעה(,2018,48
536,פקיעין )בוקייעה(,2019,23
536,פקיעין )בוקייעה(,2020,35
536,פקיעין )בוקייעה(,2021,25
536,פקיעין )בוקייעה(,2022,31
536,פקיעין )בוקייעה(,2023,27
536,פקיעין )בוקייעה(,2024,18
536,פקיעין )בוקייעה(,2025,21
536,פקיעין )בוקייעה(,2026,1
537,פוריידיס,1998,19
537,פוריידיס,1999,76
537,פוריידיס,2000,11
537,פוריידיס,2001,14
537,פוריידיס,2002,27
537,פוריידיס,2003,30
537,פוריידיס,2004,11
537,פוריידיס,2005,36
537,פוריידיס,2006,9
537,פוריידיס,2007,10
537,פוריידיס,2008,15
537,פוריידיס,2009,18
537,פוריידיס,2010,32
537,פוריידיס,2011,13
537,פוריידיס,2012,22
537,פוריידיס,2013,17
537,פוריידיס,2014,9
537,פוריידיס,2015,104
537,פוריידיס,2016,21
537,פוריידיס,2017,44
537,פוריידיס,2018,22
537,פוריידיס,2019,44
537,פוריידיס,2020,46
537,פוריידיס,2021,45
537,פוריידיס,2022,67
537,פוריידיס,2023,14
537,פוריידיס,2024,23
537,פוריידיס,2025,32
537,פוריידיס,2026,28
538,שעב,1998,4
538,שעב,1999,1
538,שעב,2000,22
538,שעב,2001,4
538,שעב,2002,12
538,שעב,2003,12
538,שעב,2004,3
538,שעב,2005,10
538,שעב,2006,15
538,שעב,2007,8
538,שעב,2008,11
538,שעב,2009,15
538,שעב,2010,35
538,שעב,2011,12
538,שעב,2012,9
538,שעב,2013,115
538,שעב,2014,47
538,שעב,2015,14
538,שעב,2016,36
538,שעב,2017,15
538,שעב,2018,39
538,שעב,2019,12
538,שעב,2020,10
538,שעב,2021,12
538,שעב,2022,11
538,שעב,2023,111
538,שעב,2024,25
538,שעב,2025,16
538,שעב,2026,2
539,רומאנה,1999,2
539,רומאנה,2004,1
539,רומאנה,2005,8
539,רומאנה,2007,2
539,רומאנה,2008,1
539,רומאנה,2009,3
539,רומאנה,2010,4
539,רומאנה,2011,6
539,רומאנה,2012,1
539,רומאנה,2013,8
539,רומאנה,2014,3
539,רומאנה,2015,3
539,רומאנה,2016,6
539,רומאנה,2017,4
539,רומאנה,2018,7
539,רומאנה,2019,8
539,רומאנה,2020,5
539,רומאנה,2021,10
539,רומאנה,2022,15
539,רומאנה,2023,16
539,רומאנה,2024,21
539,רומאנה,2025,12
539,רומאנה,2026,1
540,ריחאניה,1998,6
540,ריחאניה,1999,3
540,ריחאניה,2000,2
540,ריחאניה,2001,2
540,ריחאניה,2002,1
540,ריחאניה,2003,3
540,ריחאניה,2004,5
540,ריחאניה,2005,1
540,ריחאניה,2007,6
540,ריחאניה,2008,1
540,ריחאניה,2009,4
540,ריחאניה,2010,5
540,ריחאניה,2011,8
540,ריחאניה,2012,6
540,ריחאניה,2013,10
540,ריחאניה,2014,8
540,ריחאניה,2015,6
540,ריחאניה,2016,3
540,ריחאניה,2017,4
540,ריחאניה,2018,8
540,ריחאניה,2019,5
540,ריחאניה,2020,4
540,ריחאניה,2021,1
540,ריחאניה,2022,15
540,ריחאניה,2023,4
540,ריחאניה,2024,3
540,ריחאניה,2025,7
540,ריחאניה,2026,2
541,ג'סר א-זרקא,1998,29
541,ג'סר א-זרקא,1999,31
541,ג'סר א-זרקא,2000,33
541,ג'סר א-זרקא,2001,31
541,ג'סר א-זרקא,2002,11
541,ג'סר א-זרקא,2003,32
541,ג'סר א-זרקא,2004,17
541,ג'סר א-זרקא,2005,20
541,ג'סר א-זרקא,2006,16
541,ג'סר א-זרקא,2007,11
541,ג'סר א-זרקא,2008,14
541,ג'סר א-זרקא,2009,13
541,ג'סר א-זרקא,2010,17
541,ג'סר א-זרקא,2011,15
541,ג'סר א-זרקא,2012,16
541,ג'סר א-זרקא,2013,12
541,ג'סר א-זרקא,2014,23
541,ג'סר א-זרקא,2015,27
541,ג'סר א-זרקא,2016,22
541,ג'סר א-זרקא,2017,47
541,ג'סר א-זרקא,2018,16
541,ג'סר א-זרקא,2019,30
541,ג'סר א-זרקא,2020,18
541,ג'סר א-זרקא,2021,24
541,ג'סר א-זרקא,2022,61
541,ג'סר א-זרקא,2023,28
541,ג'סר א-זרקא,2024,84
541,ג'סר א-זרקא,2025,26
541,ג'סר א-זרקא,2026,9
542,ריינה,1998,311
542,ריינה,1999,225
542,ריינה,2000,109
542,ריינה,2001,101
542,ריינה,2002,79
542,ריינה,2003,80
542,ריינה,2004,99
542,ריינה,2005,77
542,ריינה,2006,112
542,ריינה,2007,105
542,ריינה,2008,98
542,ריינה,2009,98
542,ריינה,2010,102
542,ריינה,2011,141
542,ריינה,2012,162
542,ריינה,2013,162
542,ריינה,2014,152
542,ריינה,2015,136
542,ריינה,2016,127
542,ריינה,2017,111
542,ריינה,2018,145
542,ריינה,2019,113
542,ריינה,2020,127
542,ריינה,2021,133
542,ריינה,2022,151
542,ריינה,2023,128
542,ריינה,2024,131
542,ריינה,2025,132
542,ריינה,2026,14
543,ראמה,1998,56
543,ראמה,1999,59
543,ראמה,2000,58
543,ראמה,2001,50
543,ראמה,2002,56
543,ראמה,2003,36
543,ראמה,2004,61
543,ראמה,2005,86
543,ראמה,2006,69
543,ראמה,2007,54
543,ראמה,2008,41
543,ראמה,2009,57
543,ראמה,2010,50
543,ראמה,2011,76
543,ראמה,2012,46
543,ראמה,2013,51
543,ראמה,2014,79
543,ראמה,2015,71
543,ראמה,2016,71
543,ראמה,2017,75
543,ראמה,2018,74
543,ראמה,2019,63
543,ראמה,2020,98
543,ראמה,2021,64
543,ראמה,2022,77
543,ראמה,2023,100
543,ראמה,2024,60
543,ראמה,2025,71
543,ראמה,2026,19
546,עין אל-אסד,1998,7
546,עין אל-אסד,2000,8
546,עין אל-אסד,2001,5
546,עין אל-אסד,2002,1
546,עין אל-אסד,2004,1
546,עין אל-אסד,2005,4
546,עין אל-אסד,2009,1
546,עין אל-אסד,2010,1
546,עין אל-אסד,2011,3
546,עין אל-אסד,2012,5
546,עין אל-אסד,2013,1
546,עין אל-אסד,2014,1
546,עין אל-אסד,2015,1
546,עין אל-אסד,2016,4
546,עין אל-אסד,2017,4
546,עין אל-אסד,2018,16
546,עין אל-אסד,2019,15
546,עין אל-אסד,2020,26
546,עין אל-אסד,2021,19
546,עין אל-אסד,2022,13
546,עין אל-אסד,2023,11
546,עין אל-אסד,2024,19
546,עין אל-אסד,2025,15
546,עין אל-אסד,2026,10
547,טמרה )יזרעאל(,2013,5
547,טמרה )יזרעאל(,2015,21
547,טמרה )יזרעאל(,2016,1
547,טמרה )יזרעאל(,2018,1
547,טמרה )יזרעאל(,2019,1
547,טמרה )יזרעאל(,2024,1
549,גנות הדר,2000,7
549,גנות הדר,2001,10
549,גנות הדר,2002,5
549,גנות הדר,2006,2
549,גנות הדר,2007,6
549,גנות הדר,2008,2
549,גנות הדר,2009,1
549,גנות הדר,2011,3
549,גנות הדר,2014,3
549,גנות הדר,2016,3
549,גנות הדר,2017,1
549,גנות הדר,2018,4
549,גנות הדר,2019,1
549,גנות הדר,2020,2
549,גנות הדר,2022,1
549,גנות הדר,2024,1
55,נוגה,1998,35
55,נוגה,2000,6
55,נוגה,2002,1
55,נוגה,2003,1
55,נוגה,2005,6
55,נוגה,2006,2
55,נוגה,2007,11
55,נוגה,2008,12
55,נוגה,2009,6
55,נוגה,2010,5
55,נוגה,2011,2
55,נוגה,2013,1
55,נוגה,2014,2
55,נוגה,2015,5
55,נוגה,2019,1
55,נוגה,2020,2
55,נוגה,2021,6
55,נוגה,2024,3
55,נוגה,2025,2
553,ניר בנים,1998,4
553,ניר בנים,1999,3
553,ניר בנים,2000,2
553,ניר בנים,2001,2
553,ניר בנים,2002,7
553,ניר בנים,2003,3
553,ניר בנים,2004,6
553,ניר בנים,2005,1
553,ניר בנים,2006,2
553,ניר בנים,2007,7
553,ניר בנים,2008,4
553,ניר בנים,2009,4
553,ניר בנים,2010,13
553,ניר בנים,2011,7
553,ניר בנים,2012,8
553,ניר בנים,2013,4
553,ניר בנים,2014,3
553,ניר בנים,2015,3
553,ניר בנים,2016,1
553,ניר בנים,2018,5
553,ניר בנים,2019,5
553,ניר בנים,2020,1
553,ניר בנים,2021,4
553,ניר בנים,2022,8
553,ניר בנים,2023,5
553,ניר בנים,2024,9
553,ניר בנים,2025,3
555,שדמה,2001,1
555,שדמה,2002,2
555,שדמה,2003,1
555,שדמה,2007,5
555,שדמה,2008,1
555,שדמה,2009,1
555,שדמה,2010,14
555,שדמה,2011,4
555,שדמה,2012,5
555,שדמה,2013,2
555,שדמה,2014,3
555,שדמה,2015,5
555,שדמה,2017,6
555,שדמה,2018,3
555,שדמה,2019,1
555,שדמה,2021,3
555,שדמה,2022,11
555,שדמה,2024,5
555,שדמה,2025,1
559,בוסתן הגליל,1998,9
559,בוסתן הגליל,1999,6
559,בוסתן הגליל,2000,12
559,בוסתן הגליל,2001,57
559,בוסתן הגליל,2002,38
559,בוסתן הגליל,2003,64
559,בוסתן הגליל,2004,123
559,בוסתן הגליל,2005,105
559,בוסתן הגליל,2006,64
559,בוסתן הגליל,2007,84
559,בוסתן הגליל,2008,177
559,בוסתן הגליל,2009,86
559,בוסתן הגליל,2010,68
559,בוסתן הגליל,2011,66
559,בוסתן הגליל,2012,47
559,בוסתן הגליל,2013,27
559,בוסתן הגליל,2014,42
559,בוסתן הגליל,2015,50
559,בוסתן הגליל,2016,61
559,בוסתן הגליל,2017,30
559,בוסתן הגליל,2018,50
559,בוסתן הגליל,2019,61
559,בוסתן הגליל,2020,42
559,בוסתן הגליל,2021,24
559,בוסתן הגליל,2022,15
559,בוסתן הגליל,2023,12
559,בוסתן הגליל,2024,7
559,בוסתן הגליל,2025,12
562,בית אלעזרי,1998,8
562,בית אלעזרי,1999,15
562,בית אלעזרי,2000,7
562,בית אלעזרי,2001,32
562,בית אלעזרי,2002,27
562,בית אלעזרי,2003,9
562,בית אלעזרי,2004,6
562,בית אלעזרי,2005,9
562,בית אלעזרי,2006,8
562,בית אלעזרי,2007,12
562,בית אלעזרי,2008,7
562,בית אלעזרי,2009,12
562,בית אלעזרי,2010,6
562,בית אלעזרי,2011,7
562,בית אלעזרי,2012,14
562,בית אלעזרי,2013,4
562,בית אלעזרי,2014,9
562,בית אלעזרי,2015,12
562,בית אלעזרי,2016,2
562,בית אלעזרי,2017,8
562,בית אלעזרי,2018,5
562,בית אלעזרי,2019,3
562,בית אלעזרי,2020,4
562,בית אלעזרי,2021,5
562,בית אלעזרי,2022,1
562,בית אלעזרי,2023,5
562,בית אלעזרי,2024,20
562,בית אלעזרי,2025,16
562,בית אלעזרי,2026,2
563,משמר דוד,2004,5
563,משמר דוד,2008,58
563,משמר דוד,2009,74
563,משמר דוד,2010,37
563,משמר דוד,2011,12
563,משמר דוד,2012,7
563,משמר דוד,2013,8
563,משמר דוד,2014,3
563,משמר דוד,2015,8
563,משמר דוד,2016,97
563,משמר דוד,2017,27
563,משמר דוד,2018,19
563,משמר דוד,2019,13
563,משמר דוד,2020,19
563,משמר דוד,2021,9
563,משמר דוד,2022,10
563,משמר דוד,2023,4
563,משמר דוד,2024,5
563,משמר דוד,2025,6
564,רבדים,1999,1
564,רבדים,2003,1
564,רבדים,2005,17
564,רבדים,2007,1
564,רבדים,2008,8
564,רבדים,2009,7
564,רבדים,2010,1
564,רבדים,2012,273
564,רבדים,2013,6
564,רבדים,2015,2
564,רבדים,2017,4
564,רבדים,2018,6
564,רבדים,2020,3
564,רבדים,2022,1
564,רבדים,2023,11
564,רבדים,2025,11
565,אזור,1998,124
565,אזור,1999,201
565,אזור,2000,163
565,אזור,2001,162
565,אזור,2002,153
565,אזור,2003,102
565,אזור,2004,156
565,אזור,2005,159
565,אזור,2006,280
565,אזור,2007,281
565,אזור,2008,300
565,אזור,2009,167
565,אזור,2010,180
565,אזור,2011,149
565,אזור,2012,182
565,אזור,2013,194
565,אזור,2014,204
565,אזור,2015,238
565,אזור,2016,265
565,אזור,2017,267
565,אזור,2018,253
565,אזור,2019,182
565,אזור,2020,292
565,אזור,2021,277
565,אזור,2022,199
565,אזור,2023,155
565,אזור,2024,282
565,אזור,2025,161
565,אזור,2026,49
567,צרעה,2006,1
567,צרעה,2015,1
567,צרעה,2018,7
567,צרעה,2019,48
567,צרעה,2021,14
567,צרעה,2023,4
567,צרעה,2024,4
57,כנרת )קבוצה(,2006,1
57,כנרת )קבוצה(,2018,1
57,כנרת )קבוצה(,2022,94
57,כנרת )קבוצה(,2023,30
57,כנרת )קבוצה(,2024,48
57,כנרת )קבוצה(,2025,44
57,כנרת )קבוצה(,2026,3
570,מעונה,2002,5
570,מעונה,2003,9
570,מעונה,2004,4
570,מעונה,2005,3
570,מעונה,2006,4
570,מעונה,2007,2
570,מעונה,2008,8
570,מעונה,2009,5
570,מעונה,2010,6
570,מעונה,2011,2
570,מעונה,2012,5
570,מעונה,2013,2
570,מעונה,2014,3
570,מעונה,2016,1
570,מעונה,2017,1
570,מעונה,2018,4
570,מעונה,2019,2
570,מעונה,2021,4
570,מעונה,2022,2
570,מעונה,2023,2
570,מעונה,2024,3
570,מעונה,2025,1
571,בית גמליאל,1998,1
571,בית גמליאל,1999,6
571,בית גמליאל,2000,1
571,בית גמליאל,2001,3
571,בית גמליאל,2002,1
571,בית גמליאל,2003,1
571,בית גמליאל,2004,2
571,בית גמליאל,2005,4
571,בית גמליאל,2006,8
571,בית גמליאל,2007,2
571,בית גמליאל,2008,9
571,בית גמליאל,2009,4
571,בית גמליאל,2010,3
571,בית גמליאל,2012,3
571,בית גמליאל,2014,3
571,בית גמליאל,2015,3
571,בית גמליאל,2016,7
571,בית גמליאל,2017,3
571,בית גמליאל,2018,2
571,בית גמליאל,2020,3
571,בית גמליאל,2021,3
571,בית גמליאל,2022,8
571,בית גמליאל,2023,13
571,בית גמליאל,2024,8
571,בית גמליאל,2025,6
572,בית העמק,2011,4
572,בית העמק,2013,5
572,בית העמק,2014,3
572,בית העמק,2015,4
572,בית העמק,2016,4
572,בית העמק,2017,7
572,בית העמק,2019,13
572,בית העמק,2020,113
572,בית העמק,2021,38
572,בית העמק,2022,50
572,בית העמק,2023,10
572,בית העמק,2024,7
572,בית העמק,2025,10
572,בית העמק,2026,3
573,מבקיעים,2005,2
573,מבקיעים,2007,167
573,מבקיעים,2008,7
573,מבקיעים,2009,1
573,מבקיעים,2010,3
573,מבקיעים,2011,8
573,מבקיעים,2012,4
573,מבקיעים,2013,6
573,מבקיעים,2014,9
573,מבקיעים,2015,5
573,מבקיעים,2016,4
573,מבקיעים,2019,14
573,מבקיעים,2020,5
573,מבקיעים,2021,3
573,מבקיעים,2023,19
573,מבקיעים,2025,4
574,גשר הזיו,2001,3
574,גשר הזיו,2002,12
574,גשר הזיו,2004,3
574,גשר הזיו,2005,2
574,גשר הזיו,2006,1
574,גשר הזיו,2007,1
574,גשר הזיו,2008,2
574,גשר הזיו,2009,2
574,גשר הזיו,2010,7
574,גשר הזיו,2011,4
574,גשר הזיו,2012,6
574,גשר הזיו,2013,3
574,גשר הזיו,2014,5
574,גשר הזיו,2015,4
574,גשר הזיו,2016,5
574,גשר הזיו,2017,2
574,גשר הזיו,2018,6
574,גשר הזיו,2019,9
574,גשר הזיו,2020,3
574,גשר הזיו,2021,9
574,גשר הזיו,2022,3
574,גשר הזיו,2023,3
574,גשר הזיו,2024,5
574,גשר הזיו,2025,6
574,גשר הזיו,2026,3
575,יסעור,1999,1
575,יסעור,2002,5
575,יסעור,2003,4
575,יסעור,2005,1
575,יסעור,2006,2
575,יסעור,2007,14
575,יסעור,2008,77
575,יסעור,2009,8
575,יסעור,2010,16
575,יסעור,2011,15
575,יסעור,2012,10
575,יסעור,2013,20
575,יסעור,2014,15
575,יסעור,2015,7
575,יסעור,2016,4
575,יסעור,2017,20
575,יסעור,2018,10
575,יסעור,2019,9
575,יסעור,2020,19
575,יסעור,2021,8
575,יסעור,2022,8
575,יסעור,2023,23
575,יסעור,2024,2
575,יסעור,2025,2
575,יסעור,2026,2
576,כברי,2000,1
576,כברי,2002,1
576,כברי,2003,1
576,כברי,2004,1
576,כברי,2005,1
576,כברי,2007,1
576,כברי,2008,1
576,כברי,2009,13
576,כברי,2010,142
576,כברי,2011,27
576,כברי,2012,30
576,כברי,2013,20
576,כברי,2014,32
576,כברי,2015,9
576,כברי,2016,13
576,כברי,2017,7
576,כברי,2018,11
576,כברי,2019,2
576,כברי,2020,4
576,כברי,2021,15
576,כברי,2022,2
576,כברי,2023,2
576,כברי,2024,6
576,כברי,2025,3
576,כברי,2026,3
577,יד בנימין,2004,17
577,יד בנימין,2005,68
577,יד בנימין,2006,42
577,יד בנימין,2007,145
577,יד בנימין,2008,35
577,יד בנימין,2009,33
577,יד בנימין,2010,12
577,יד בנימין,2011,6
577,יד בנימין,2012,12
577,יד בנימין,2013,11
577,יד בנימין,2014,4
577,יד בנימין,2015,3
577,יד בנימין,2016,2
577,יד בנימין,2017,6
577,יד בנימין,2018,6
577,יד בנימין,2019,8
577,יד בנימין,2020,6
577,יד בנימין,2021,15
577,יד בנימין,2022,20
577,יד בנימין,2023,10
577,יד בנימין,2024,12
577,יד בנימין,2025,5
577,יד בנימין,2026,1
578,סאסא,2016,1
578,סאסא,2024,1
579,כפר ראש הנקרה,2001,8
579,כפר ראש הנקרה,2002,17
579,כפר ראש הנקרה,2003,26
579,כפר ראש הנקרה,2004,18
579,כפר ראש הנקרה,2005,9
579,כפר ראש הנקרה,2006,41
579,כפר ראש הנקרה,2007,4
579,כפר ראש הנקרה,2008,14
579,כפר ראש הנקרה,2009,10
579,כפר ראש הנקרה,2010,7
579,כפר ראש הנקרה,2011,131
579,כפר ראש הנקרה,2012,32
579,כפר ראש הנקרה,2013,8
579,כפר ראש הנקרה,2014,4
579,כפר ראש הנקרה,2015,4
579,כפר ראש הנקרה,2016,5
579,כפר ראש הנקרה,2017,2
579,כפר ראש הנקרה,2018,8
579,כפר ראש הנקרה,2019,6
579,כפר ראש הנקרה,2020,4
579,כפר ראש הנקרה,2021,8
579,כפר ראש הנקרה,2022,5
579,כפר ראש הנקרה,2024,1
579,כפר ראש הנקרה,2025,1
58,מצפה,1998,3
58,מצפה,1999,13
58,מצפה,2000,2
58,מצפה,2005,1
58,מצפה,2007,5
58,מצפה,2008,3
58,מצפה,2009,2
58,מצפה,2011,5
58,מצפה,2012,17
58,מצפה,2013,10
58,מצפה,2014,2
58,מצפה,2015,11
58,מצפה,2016,6
58,מצפה,2017,6
58,מצפה,2018,1
58,מצפה,2019,5
58,מצפה,2020,3
58,מצפה,2021,5
58,מצפה,2022,7
58,מצפה,2023,7
58,מצפה,2024,7
58,מצפה,2025,2
58,מצפה,2026,1
580,"כרם מהר""ל",1998,5
580,"כרם מהר""ל",1999,8
580,"כרם מהר""ל",2000,7
580,"כרם מהר""ל",2001,2
580,"כרם מהר""ל",2002,10
580,"כרם מהר""ל",2003,4
580,"כרם מהר""ל",2004,12
580,"כרם מהר""ל",2005,19
580,"כרם מהר""ל",2006,7
580,"כרם מהר""ל",2007,9
580,"כרם מהר""ל",2008,4
580,"כרם מהר""ל",2009,5
580,"כרם מהר""ל",2010,4
580,"כרם מהר""ל",2011,4
580,"כרם מהר""ל",2012,1
580,"כרם מהר""ל",2013,2
580,"כרם מהר""ל",2014,8
580,"כרם מהר""ל",2015,6
580,"כרם מהר""ל",2016,3
580,"כרם מהר""ל",2017,3
580,"כרם מהר""ל",2018,9
580,"כרם מהר""ל",2020,5
580,"כרם מהר""ל",2021,14
580,"כרם מהר""ל",2022,7
580,"כרם מהר""ל",2023,8
580,"כרם מהר""ל",2025,6
582,כפר הנגיד,2004,1
582,כפר הנגיד,2005,1
582,כפר הנגיד,2006,1
582,כפר הנגיד,2008,1
582,כפר הנגיד,2009,2
582,כפר הנגיד,2013,1
582,כפר הנגיד,2015,7
582,כפר הנגיד,2016,3
582,כפר הנגיד,2017,1
582,כפר הנגיד,2018,8
582,כפר הנגיד,2019,1
582,כפר הנגיד,2020,12
582,כפר הנגיד,2021,11
582,כפר הנגיד,2022,6
582,כפר הנגיד,2023,1
582,כפר הנגיד,2024,7
582,כפר הנגיד,2025,6
584,זיקים,2002,1
584,זיקים,2003,1
584,זיקים,2004,4
584,זיקים,2005,6
584,זיקים,2006,1
584,זיקים,2007,9
584,זיקים,2008,15
584,זיקים,2009,9
584,זיקים,2010,6
584,זיקים,2011,11
584,זיקים,2012,5
584,זיקים,2014,3
584,זיקים,2015,2
584,זיקים,2016,5
584,זיקים,2018,3
584,זיקים,2019,5
584,זיקים,2020,3
584,זיקים,2021,2
584,זיקים,2022,2
584,זיקים,2023,4
584,זיקים,2024,3
584,זיקים,2025,4
584,זיקים,2026,4
585,לביא,1998,4
585,לביא,1999,4
585,לביא,2000,2
585,לביא,2001,3
585,לביא,2003,4
585,לביא,2004,3
585,לביא,2005,2
585,לביא,2006,5
585,לביא,2007,10
585,לביא,2008,8
585,לביא,2009,7
585,לביא,2010,18
585,לביא,2011,18
585,לביא,2012,16
585,לביא,2013,11
585,לביא,2014,9
585,לביא,2015,3
585,לביא,2016,9
585,לביא,2017,4
585,לביא,2018,1
585,לביא,2019,1
585,לביא,2020,2
585,לביא,2021,1
585,לביא,2022,1
585,לביא,2023,2
585,לביא,2024,2
586,מגידו,1998,1
586,מגידו,2003,1
586,מגידו,2005,22
586,מגידו,2006,16
586,מגידו,2007,14
586,מגידו,2008,5
586,מגידו,2009,5
586,מגידו,2010,8
586,מגידו,2011,1
586,מגידו,2012,1
586,מגידו,2013,8
586,מגידו,2014,3
586,מגידו,2015,2
586,מגידו,2016,4
586,מגידו,2017,6
586,מגידו,2018,40
586,מגידו,2019,14
586,מגידו,2020,39
586,מגידו,2021,16
586,מגידו,2022,11
586,מגידו,2023,8
586,מגידו,2024,42
586,מגידו,2025,30
586,מגידו,2026,5
588,בני ראם,1998,5
588,בני ראם,2000,11
588,בני ראם,2001,15
588,בני ראם,2002,5
588,בני ראם,2003,16
588,בני ראם,2004,14
588,בני ראם,2005,6
588,בני ראם,2006,10
588,בני ראם,2007,7
588,בני ראם,2008,10
588,בני ראם,2010,3
588,בני ראם,2011,5
588,בני ראם,2013,5
588,בני ראם,2014,2
588,בני ראם,2015,2
588,בני ראם,2016,2
588,בני ראם,2017,2
588,בני ראם,2018,2
588,בני ראם,2019,4
588,בני ראם,2020,1
588,בני ראם,2021,7
588,בני ראם,2022,4
588,בני ראם,2023,8
588,בני ראם,2024,6
588,בני ראם,2025,9
589,בצת,1999,1
589,בצת,2006,6
589,בצת,2010,3
589,בצת,2016,3
589,בצת,2017,7
589,בצת,2018,63
589,בצת,2019,24
589,בצת,2020,26
589,בצת,2021,12
589,בצת,2023,1
589,בצת,2025,2
589,בצת,2026,2
59,נחושה,2008,142
59,נחושה,2009,4
59,נחושה,2010,2
59,נחושה,2012,1
59,נחושה,2013,1
59,נחושה,2014,1
59,נחושה,2016,1
59,נחושה,2018,9
59,נחושה,2019,4
59,נחושה,2020,3
59,נחושה,2021,8
59,נחושה,2022,5
59,נחושה,2023,4
59,נחושה,2024,2
59,נחושה,2025,5
59,נחושה,2026,2
590,נווה אור,2011,68
590,נווה אור,2012,16
590,נווה אור,2013,2
590,נווה אור,2015,13
590,נווה אור,2016,10
590,נווה אור,2017,11
590,נווה אור,2018,6
590,נווה אור,2019,4
590,נווה אור,2020,7
590,נווה אור,2021,2
590,נווה אור,2022,1
590,נווה אור,2023,10
590,נווה אור,2024,4
590,נווה אור,2025,6
591,עשרת,1998,2
591,עשרת,1999,2
591,עשרת,2000,7
591,עשרת,2001,13
591,עשרת,2002,4
591,עשרת,2003,5
591,עשרת,2004,6
591,עשרת,2005,12
591,עשרת,2006,8
591,עשרת,2007,13
591,עשרת,2008,18
591,עשרת,2009,5
591,עשרת,2010,7
591,עשרת,2011,17
591,עשרת,2012,6
591,עשרת,2013,21
591,עשרת,2014,10
591,עשרת,2015,11
591,עשרת,2016,9
591,עשרת,2017,10
591,עשרת,2018,8
591,עשרת,2019,7
591,עשרת,2020,10
591,עשרת,2021,22
591,עשרת,2022,6
591,עשרת,2023,9
591,עשרת,2024,14
591,עשרת,2025,9
592,בני דרום,2001,10
592,בני דרום,2002,15
592,בני דרום,2003,5
592,בני דרום,2004,6
592,בני דרום,2005,3
592,בני דרום,2006,2
592,בני דרום,2007,3
592,בני דרום,2008,8
592,בני דרום,2009,23
592,בני דרום,2010,9
592,בני דרום,2013,36
592,בני דרום,2014,2
592,בני דרום,2015,35
592,בני דרום,2016,11
592,בני דרום,2017,7
592,בני דרום,2018,5
592,בני דרום,2019,11
592,בני דרום,2020,10
592,בני דרום,2021,4
592,בני דרום,2022,1
592,בני דרום,2023,1
592,בני דרום,2024,3
592,בני דרום,2025,1
593,ערוגות,1998,12
593,ערוגות,1999,11
593,ערוגות,2000,14
593,ערוגות,2001,5
593,ערוגות,2002,7
593,ערוגות,2003,5
593,ערוגות,2004,11
593,ערוגות,2005,7
593,ערוגות,2006,11
593,ערוגות,2007,5
593,ערוגות,2008,15
593,ערוגות,2009,6
593,ערוגות,2010,8
593,ערוגות,2011,13
593,ערוגות,2012,10
593,ערוגות,2013,13
593,ערוגות,2014,1
593,ערוגות,2015,5
593,ערוגות,2016,5
593,ערוגות,2017,12
593,ערוגות,2018,3
593,ערוגות,2019,3
593,ערוגות,2020,1
593,ערוגות,2021,2
593,ערוגות,2022,3
593,ערוגות,2023,4
593,ערוגות,2024,17
593,ערוגות,2025,7
593,ערוגות,2026,1
594,צפריה,1998,1
594,צפריה,1999,2
594,צפריה,2001,2
594,צפריה,2002,3
594,צפריה,2003,1
594,צפריה,2006,10
594,צפריה,2007,38
594,צפריה,2008,4
594,צפריה,2009,1
594,צפריה,2010,3
594,צפריה,2011,7
594,צפריה,2012,7
594,צפריה,2013,4
594,צפריה,2014,7
594,צפריה,2015,6
594,צפריה,2016,8
594,צפריה,2017,8
594,צפריה,2018,20
594,צפריה,2019,12
594,צפריה,2020,2
594,צפריה,2021,12
594,צפריה,2022,6
594,צפריה,2023,5
594,צפריה,2024,9
594,צפריה,2025,1
594,צפריה,2026,2
595,לוחמי הגיטאות,1998,1
595,לוחמי הגיטאות,2000,2
595,לוחמי הגיטאות,2004,2
595,לוחמי הגיטאות,2005,1
595,לוחמי הגיטאות,2006,1
595,לוחמי הגיטאות,2007,2
595,לוחמי הגיטאות,2010,2
595,לוחמי הגיטאות,2011,1
595,לוחמי הגיטאות,2013,64
595,לוחמי הגיטאות,2014,22
595,לוחמי הגיטאות,2015,2
595,לוחמי הגיטאות,2016,2
595,לוחמי הגיטאות,2017,25
595,לוחמי הגיטאות,2018,5
595,לוחמי הגיטאות,2019,3
595,לוחמי הגיטאות,2020,35
595,לוחמי הגיטאות,2021,12
595,לוחמי הגיטאות,2022,10
595,לוחמי הגיטאות,2023,8
595,לוחמי הגיטאות,2024,11
595,לוחמי הגיטאות,2025,13
595,לוחמי הגיטאות,2026,6
596,מלכיה,2002,10
596,מלכיה,2007,1
596,מלכיה,2008,1
596,מלכיה,2010,1
596,מלכיה,2011,4
596,מלכיה,2012,2
596,מלכיה,2013,1
596,מלכיה,2015,1
596,מלכיה,2016,58
596,מלכיה,2017,6
596,מלכיה,2018,19
596,מלכיה,2019,1
596,מלכיה,2020,11
596,מלכיה,2021,14
596,מלכיה,2022,24
596,מלכיה,2023,6
596,מלכיה,2025,5
597,פלמחים,2002,1
597,פלמחים,2005,2
597,פלמחים,2006,1
597,פלמחים,2007,3
597,פלמחים,2008,1
597,פלמחים,2011,1
597,פלמחים,2012,192
597,פלמחים,2013,6
597,פלמחים,2014,1
597,פלמחים,2017,1
597,פלמחים,2019,2
597,פלמחים,2021,1
597,פלמחים,2023,1
597,פלמחים,2024,1
597,פלמחים,2025,1
598,בית קמה,2005,3
598,בית קמה,2006,1
598,בית קמה,2007,5
598,בית קמה,2009,2
598,בית קמה,2010,2
598,בית קמה,2011,1
598,בית קמה,2012,1
598,בית קמה,2013,2
598,בית קמה,2014,2
598,בית קמה,2015,1
598,בית קמה,2016,3
598,בית קמה,2018,1
598,בית קמה,2019,3
598,בית קמה,2020,2
598,בית קמה,2021,55
598,בית קמה,2022,6
598,בית קמה,2023,2
598,בית קמה,2024,8
598,בית קמה,2025,3
598,בית קמה,2026,10
599,פרוד,2004,1
599,פרוד,2007,1
599,פרוד,2010,18
599,פרוד,2011,11
599,פרוד,2012,98
599,פרוד,2013,11
599,פרוד,2014,24
599,פרוד,2015,20
599,פרוד,2016,3
599,פרוד,2017,9
599,פרוד,2018,6
599,פרוד,2019,5
599,פרוד,2020,10
599,פרוד,2021,6
599,פרוד,2022,2
599,פרוד,2023,9
599,פרוד,2024,7
599,פרוד,2025,4
6000,באקה אל-גרביה,1998,42
6000,באקה אל-גרביה,1999,48
6000,באקה אל-גרביה,2000,31
6000,באקה אל-גרביה,2001,46
6000,באקה אל-גרביה,2002,43
6000,באקה אל-גרביה,2003,59
6000,באקה אל-גרביה,2004,60
6000,באקה אל-גרביה,2005,63
6000,באקה אל-גרביה,2006,75
6000,באקה אל-גרביה,2007,72
6000,באקה אל-גרביה,2008,59
6000,באקה אל-גרביה,2009,109
6000,באקה אל-גרביה,2010,100
6000,באקה אל-גרביה,2011,100
6000,באקה אל-גרביה,2012,95
6000,באקה אל-גרביה,2013,102
6000,באקה אל-גרביה,2014,107
6000,באקה אל-גרביה,2015,82
6000,באקה אל-גרביה,2016,107
6000,באקה אל-גרביה,2017,120
6000,באקה אל-גרביה,2018,82
6000,באקה אל-גרביה,2019,82
6000,באקה אל-גרביה,2020,69
6000,באקה אל-גרביה,2021,116
6000,באקה אל-גרביה,2022,121
6000,באקה אל-גרביה,2023,130
6000,באקה אל-גרביה,2024,109
6000,באקה אל-גרביה,2025,128
6000,באקה אל-גרביה,2026,39
602,נירים,2015,1
602,נירים,2019,1
602,נירים,2020,95
602,נירים,2021,9
602,נירים,2022,7
602,נירים,2023,6
602,נירים,2025,5
602,נירים,2026,4
603,אלקוש,1998,1
603,אלקוש,2001,1
603,אלקוש,2004,1
603,אלקוש,2005,1
603,אלקוש,2007,3
603,אלקוש,2013,4
603,אלקוש,2020,2
603,אלקוש,2024,2
604,בית עריף,2000,1
604,בית עריף,2001,14
604,בית עריף,2002,6
604,בית עריף,2003,5
604,בית עריף,2004,10
604,בית עריף,2005,3
604,בית עריף,2006,5
604,בית עריף,2007,12
604,בית עריף,2008,13
604,בית עריף,2009,2
604,בית עריף,2010,8
604,בית עריף,2011,3
604,בית עריף,2012,3
604,בית עריף,2013,2
604,בית עריף,2015,9
604,בית עריף,2016,2
604,בית עריף,2018,8
604,בית עריף,2019,2
604,בית עריף,2020,3
604,בית עריף,2021,6
604,בית עריף,2024,5
604,בית עריף,2025,7
605,כפר שמאי,2002,1
605,כפר שמאי,2003,4
605,כפר שמאי,2004,2
605,כפר שמאי,2006,9
605,כפר שמאי,2007,13
605,כפר שמאי,2008,15
605,כפר שמאי,2009,10
605,כפר שמאי,2010,14
605,כפר שמאי,2011,14
605,כפר שמאי,2012,6
605,כפר שמאי,2013,1
605,כפר שמאי,2014,2
605,כפר שמאי,2015,3
605,כפר שמאי,2016,2
605,כפר שמאי,2017,4
605,כפר שמאי,2018,4
605,כפר שמאי,2019,1
605,כפר שמאי,2020,6
605,כפר שמאי,2021,3
605,כפר שמאי,2022,7
605,כפר שמאי,2023,1
605,כפר שמאי,2024,5
605,כפר שמאי,2025,1
606,מזור,1999,3
606,מזור,2000,2
606,מזור,2001,1
606,מזור,2002,3
606,מזור,2003,2
606,מזור,2004,3
606,מזור,2005,3
606,מזור,2006,6
606,מזור,2007,11
606,מזור,2008,7
606,מזור,2009,4
606,מזור,2010,8
606,מזור,2011,6
606,מזור,2012,5
606,מזור,2013,7
606,מזור,2014,3
606,מזור,2015,8
606,מזור,2016,9
606,מזור,2017,14
606,מזור,2018,2
606,מזור,2019,4
606,מזור,2020,5
606,מזור,2021,5
606,מזור,2023,5
606,מזור,2025,15
606,מזור,2026,7
607,מירון,1998,5
607,מירון,1999,5
607,מירון,2001,7
607,מירון,2002,2
607,מירון,2003,6
607,מירון,2004,4
607,מירון,2005,9
607,מירון,2006,11
607,מירון,2007,4
607,מירון,2008,20
607,מירון,2009,11
607,מירון,2010,5
607,מירון,2011,9
607,מירון,2012,4
607,מירון,2013,14
607,מירון,2014,20
607,מירון,2015,24
607,מירון,2016,10
607,מירון,2017,4
607,מירון,2018,13
607,מירון,2019,9
607,מירון,2020,17
607,מירון,2021,19
607,מירון,2022,14
607,מירון,2023,22
607,מירון,2024,8
607,מירון,2025,8
607,מירון,2026,1
609,כפר חושן,1998,1
609,כפר חושן,2001,4
609,כפר חושן,2003,1
609,כפר חושן,2009,2
609,כפר חושן,2010,7
609,כפר חושן,2011,2
609,כפר חושן,2012,1
609,כפר חושן,2013,3
609,כפר חושן,2014,2
609,כפר חושן,2018,4
609,כפר חושן,2019,2
609,כפר חושן,2020,1
609,כפר חושן,2021,5
609,כפר חושן,2022,10
609,כפר חושן,2023,8
609,כפר חושן,2024,1
609,כפר חושן,2025,2
609,כפר חושן,2026,1
610,סתריה,2000,1
610,סתריה,2001,3
610,סתריה,2002,2
610,סתריה,2005,1
610,סתריה,2006,1
610,סתריה,2007,4
610,סתריה,2008,3
610,סתריה,2010,3
610,סתריה,2011,5
610,סתריה,2012,8
610,סתריה,2013,3
610,סתריה,2014,2
610,סתריה,2015,6
610,סתריה,2016,4
610,סתריה,2017,6
610,סתריה,2018,12
610,סתריה,2019,6
610,סתריה,2020,9
610,סתריה,2021,7
610,סתריה,2022,9
610,סתריה,2023,9
610,סתריה,2024,5
610,סתריה,2025,6
6100,בני ברק,1998,1057
6100,בני ברק,1999,1329
6100,בני ברק,2000,1169
6100,בני ברק,2001,1388
6100,בני ברק,2002,1655
6100,בני ברק,2003,1676
6100,בני ברק,2004,1589
6100,בני ברק,2005,2043
6100,בני ברק,2006,2105
6100,בני ברק,2007,2032
6100,בני ברק,2008,1811
6100,בני ברק,2009,1704
6100,בני ברק,2010,1805
6100,בני ברק,2011,1525
6100,בני ברק,2012,1703
6100,בני ברק,2013,2009
6100,בני ברק,2014,1808
6100,בני ברק,2015,1936
6100,בני ברק,2016,1922
6100,בני ברק,2017,1597
6100,בני ברק,2018,1812
6100,בני ברק,2019,1755
6100,בני ברק,2020,1631
6100,בני ברק,2021,3198
6100,בני ברק,2022,2273
6100,בני ברק,2023,1834
6100,בני ברק,2024,2274
6100,בני ברק,2025,1722
6100,בני ברק,2026,614
612,צרופה,1998,11
612,צרופה,1999,5
612,צרופה,2000,4
612,צרופה,2001,2
612,צרופה,2002,3
612,צרופה,2003,3
612,צרופה,2004,2
612,צרופה,2005,1
612,צרופה,2007,8
612,צרופה,2008,8
612,צרופה,2009,4
612,צרופה,2010,5
612,צרופה,2011,4
612,צרופה,2012,4
612,צרופה,2013,4
612,צרופה,2014,1
612,צרופה,2015,5
612,צרופה,2016,2
612,צרופה,2017,5
612,צרופה,2018,3
612,צרופה,2019,1
612,צרופה,2020,5
612,צרופה,2021,6
612,צרופה,2023,3
612,צרופה,2024,2
612,צרופה,2025,1
612,צרופה,2026,4
613,ציפורי,1998,8
613,ציפורי,1999,5
613,ציפורי,2000,19
613,ציפורי,2001,68
613,ציפורי,2002,10
613,ציפורי,2003,24
613,ציפורי,2004,40
613,ציפורי,2005,10
613,ציפורי,2006,9
613,ציפורי,2007,8
613,ציפורי,2008,4
613,ציפורי,2009,8
613,ציפורי,2010,4
613,ציפורי,2011,4
613,ציפורי,2012,5
613,ציפורי,2013,10
613,ציפורי,2014,10
613,ציפורי,2015,28
613,ציפורי,2016,18
613,ציפורי,2017,28
613,ציפורי,2018,11
613,ציפורי,2019,14
613,ציפורי,2020,18
613,ציפורי,2021,5
613,ציפורי,2022,13
613,ציפורי,2023,12
613,ציפורי,2024,7
613,ציפורי,2025,9
613,ציפורי,2026,1
614,שומרה,2000,1
614,שומרה,2008,8
614,שומרה,2009,3
614,שומרה,2010,5
614,שומרה,2011,2
614,שומרה,2012,1
614,שומרה,2015,1
614,שומרה,2016,1
614,שומרה,2017,2
614,שומרה,2018,1
614,שומרה,2019,3
614,שומרה,2020,2
614,שומרה,2021,5
614,שומרה,2022,5
614,שומרה,2023,1
614,שומרה,2024,5
614,שומרה,2025,1
614,שומרה,2026,1
615,קדרון,1998,1
615,קדרון,1999,1
615,קדרון,2000,4
615,קדרון,2001,17
615,קדרון,2002,14
615,קדרון,2003,14
615,קדרון,2004,4
615,קדרון,2005,10
615,קדרון,2006,26
615,קדרון,2007,16
615,קדרון,2008,10
615,קדרון,2009,9
615,קדרון,2010,4
615,קדרון,2012,2
615,קדרון,2013,5
615,קדרון,2014,6
615,קדרון,2015,7
615,קדרון,2016,9
615,קדרון,2017,7
615,קדרון,2018,4
615,קדרון,2019,8
615,קדרון,2020,4
615,קדרון,2021,15
615,קדרון,2022,3
615,קדרון,2023,4
615,קדרון,2024,9
615,קדרון,2025,2
615,קדרון,2026,2
616,רינתיה,1998,2
616,רינתיה,2007,1
616,רינתיה,2009,2
616,רינתיה,2010,2
616,רינתיה,2011,1
616,רינתיה,2012,2
616,רינתיה,2013,2
616,רינתיה,2014,2
616,רינתיה,2015,5
616,רינתיה,2016,2
616,רינתיה,2017,2
616,רינתיה,2018,2
616,רינתיה,2019,1
616,רינתיה,2020,2
616,רינתיה,2021,7
616,רינתיה,2022,4
616,רינתיה,2023,2
616,רינתיה,2025,2
617,ברקאי,1998,2
617,ברקאי,1999,1
617,ברקאי,2000,1
617,ברקאי,2001,2
617,ברקאי,2003,1
617,ברקאי,2004,1
617,ברקאי,2006,1
617,ברקאי,2008,2
617,ברקאי,2010,1
617,ברקאי,2011,2
617,ברקאי,2012,1
617,ברקאי,2014,4
617,ברקאי,2015,2
617,ברקאי,2016,1
617,ברקאי,2017,1
617,ברקאי,2019,1
617,ברקאי,2021,1
617,ברקאי,2022,99
617,ברקאי,2023,28
617,ברקאי,2024,19
617,ברקאי,2025,110
617,ברקאי,2026,43
618,חדיד,2000,1
618,חדיד,2006,28
618,חדיד,2008,11
618,חדיד,2009,7
618,חדיד,2010,13
618,חדיד,2011,1
618,חדיד,2012,2
618,חדיד,2013,5
618,חדיד,2015,4
618,חדיד,2016,3
618,חדיד,2017,6
618,חדיד,2018,2
618,חדיד,2020,2
618,חדיד,2021,2
618,חדיד,2022,3
618,חדיד,2023,3
618,חדיד,2024,6
619,בית גוברין,2009,4
619,בית גוברין,2010,1
619,בית גוברין,2011,19
619,בית גוברין,2012,4
619,בית גוברין,2015,54
619,בית גוברין,2017,4
619,בית גוברין,2019,1
619,בית גוברין,2020,2
619,בית גוברין,2021,23
619,בית גוברין,2022,4
619,בית גוברין,2023,4
619,בית גוברין,2025,17
62,דגניה א',1998,1
62,דגניה א',2012,2
62,דגניה א',2013,1
62,דגניה א',2018,196
62,דגניה א',2019,3
62,דגניה א',2020,31
62,דגניה א',2021,1
62,דגניה א',2022,162
62,דגניה א',2023,13
62,דגניה א',2024,12
62,דגניה א',2025,10
62,דגניה א',2026,2
620,משואות יצחק,2006,1
620,משואות יצחק,2010,2
620,משואות יצחק,2011,1
620,משואות יצחק,2012,1
620,משואות יצחק,2013,1
620,משואות יצחק,2015,1
6200,בת ים,1998,1937
6200,בת ים,1999,1977
6200,בת ים,2000,1953
6200,בת ים,2001,1717
6200,בת ים,2002,1766
6200,בת ים,2003,1652
6200,בת ים,2004,1724
6200,בת ים,2005,1951
6200,בת ים,2006,2439
6200,בת ים,2007,2666
6200,בת ים,2008,2182
6200,בת ים,2009,2147
6200,בת ים,2010,2110
6200,בת ים,2011,1659
6200,בת ים,2012,2043
6200,בת ים,2013,2146
6200,בת ים,2014,1967
6200,בת ים,2015,2548
6200,בת ים,2016,2295
6200,בת ים,2017,2157
6200,בת ים,2018,2420
6200,בת ים,2019,2250
6200,בת ים,2020,2518
6200,בת ים,2021,4514
6200,בת ים,2022,3177
6200,בת ים,2023,1897
6200,בת ים,2024,2729
6200,בת ים,2025,2303
6200,בת ים,2026,559
622,עין צורים,2007,1
622,עין צורים,2009,6
622,עין צורים,2010,3
622,עין צורים,2012,17
622,עין צורים,2013,4
622,עין צורים,2014,2
622,עין צורים,2018,2
622,עין צורים,2019,15
622,עין צורים,2020,3
622,עין צורים,2022,13
622,עין צורים,2023,108
622,עין צורים,2024,25
622,עין צורים,2025,1
622,עין צורים,2026,7
623,יראון,2025,44
623,יראון,2026,13
627,ג'לג'וליה,1998,34
627,ג'לג'וליה,1999,8
627,ג'לג'וליה,2000,11
627,ג'לג'וליה,2001,15
627,ג'לג'וליה,2002,17
627,ג'לג'וליה,2003,12
627,ג'לג'וליה,2004,10
627,ג'לג'וליה,2005,8
627,ג'לג'וליה,2006,16
627,ג'לג'וליה,2007,12
627,ג'לג'וליה,2008,13
627,ג'לג'וליה,2009,13
627,ג'לג'וליה,2010,15
627,ג'לג'וליה,2011,9
627,ג'לג'וליה,2012,8
627,ג'לג'וליה,2013,9
627,ג'לג'וליה,2014,8
627,ג'לג'וליה,2015,11
627,ג'לג'וליה,2016,12
627,ג'לג'וליה,2017,11
627,ג'לג'וליה,2018,79
627,ג'לג'וליה,2019,88
627,ג'לג'וליה,2020,32
627,ג'לג'וליה,2021,31
627,ג'לג'וליה,2022,27
627,ג'לג'וליה,2023,22
627,ג'לג'וליה,2024,8
627,ג'לג'וליה,2025,2
628,ג'ת,1998,32
628,ג'ת,1999,60
628,ג'ת,2000,24
628,ג'ת,2001,32
628,ג'ת,2002,33
628,ג'ת,2003,54
628,ג'ת,2004,47
628,ג'ת,2005,32
628,ג'ת,2006,43
628,ג'ת,2007,52
628,ג'ת,2008,29
628,ג'ת,2009,53
628,ג'ת,2010,42
628,ג'ת,2011,45
628,ג'ת,2012,68
628,ג'ת,2013,69
628,ג'ת,2014,48
628,ג'ת,2015,78
628,ג'ת,2016,101
628,ג'ת,2017,69
628,ג'ת,2018,111
628,ג'ת,2019,54
628,ג'ת,2020,56
628,ג'ת,2021,68
628,ג'ת,2022,68
628,ג'ת,2023,99
628,ג'ת,2024,116
628,ג'ת,2025,118
628,ג'ת,2026,20
63,כנרת )מושבה(,1998,42
63,כנרת )מושבה(,1999,59
63,כנרת )מושבה(,2000,11
63,כנרת )מושבה(,2001,15
63,כנרת )מושבה(,2002,7
63,כנרת )מושבה(,2003,9
63,כנרת )מושבה(,2004,8
63,כנרת )מושבה(,2005,9
63,כנרת )מושבה(,2006,17
63,כנרת )מושבה(,2007,14
63,כנרת )מושבה(,2008,27
63,כנרת )מושבה(,2009,41
63,כנרת )מושבה(,2010,25
63,כנרת )מושבה(,2011,24
63,כנרת )מושבה(,2012,24
63,כנרת )מושבה(,2013,14
63,כנרת )מושבה(,2014,22
63,כנרת )מושבה(,2015,28
63,כנרת )מושבה(,2016,28
63,כנרת )מושבה(,2017,29
63,כנרת )מושבה(,2018,20
63,כנרת )מושבה(,2019,11
63,כנרת )מושבה(,2020,19
63,כנרת )מושבה(,2021,25
63,כנרת )מושבה(,2022,13
63,כנרת )מושבה(,2023,7
63,כנרת )מושבה(,2024,15
63,כנרת )מושבה(,2025,16
63,כנרת )מושבה(,2026,8
6300,גבעתיים,1998,796
6300,גבעתיים,1999,954
6300,גבעתיים,2000,727
6300,גבעתיים,2001,733
6300,גבעתיים,2002,935
6300,גבעתיים,2003,879
6300,גבעתיים,2004,975
6300,גבעתיים,2005,889
6300,גבעתיים,2006,1071
6300,גבעתיים,2007,1173
6300,גבעתיים,2008,882
6300,גבעתיים,2009,1142
6300,גבעתיים,2010,948
6300,גבעתיים,2011,774
6300,גבעתיים,2012,1068
6300,גבעתיים,2013,1314
6300,גבעתיים,2014,1038
6300,גבעתיים,2015,1222
6300,גבעתיים,2016,972
6300,גבעתיים,2017,829
6300,גבעתיים,2018,1088
6300,גבעתיים,2019,1022
6300,גבעתיים,2020,892
6300,גבעתיים,2021,1346
6300,גבעתיים,2022,1118
6300,גבעתיים,2023,677
6300,גבעתיים,2024,1114
6300,גבעתיים,2025,771
6300,גבעתיים,2026,257
633,כפר ברא,1998,7
633,כפר ברא,1999,32
633,כפר ברא,2000,2
633,כפר ברא,2001,3
633,כפר ברא,2002,6
633,כפר ברא,2003,4
633,כפר ברא,2004,2
633,כפר ברא,2005,5
633,כפר ברא,2006,6
633,כפר ברא,2007,8
633,כפר ברא,2008,4
633,כפר ברא,2009,20
633,כפר ברא,2010,11
633,כפר ברא,2011,18
633,כפר ברא,2012,85
633,כפר ברא,2013,29
633,כפר ברא,2014,36
633,כפר ברא,2015,46
633,כפר ברא,2016,45
633,כפר ברא,2017,34
633,כפר ברא,2018,55
633,כפר ברא,2019,30
633,כפר ברא,2020,43
633,כפר ברא,2021,36
633,כפר ברא,2022,44
633,כפר ברא,2023,91
633,כפר ברא,2024,112
633,כפר ברא,2025,65
633,כפר ברא,2026,18
634,כפר קאסם,1998,33
634,כפר קאסם,1999,26
634,כפר קאסם,2000,30
634,כפר קאסם,2001,30
634,כפר קאסם,2002,29
634,כפר קאסם,2003,33
634,כפר קאסם,2004,48
634,כפר קאסם,2005,35
634,כפר קאסם,2006,51
634,כפר קאסם,2007,101
634,כפר קאסם,2008,55
634,כפר קאסם,2009,61
634,כפר קאסם,2010,74
634,כפר קאסם,2011,65
634,כפר קאסם,2012,77
634,כפר קאסם,2013,108
634,כפר קאסם,2014,139
634,כפר קאסם,2015,116
634,כפר קאסם,2016,123
634,כפר קאסם,2017,156
634,כפר קאסם,2018,115
634,כפר קאסם,2019,93
634,כפר קאסם,2020,65
634,כפר קאסם,2021,57
634,כפר קאסם,2022,81
634,כפר קאסם,2023,76
634,כפר קאסם,2024,67
634,כפר קאסם,2025,68
634,כפר קאסם,2026,2
635,מוקייבלה,1998,11
635,מוקייבלה,1999,7
635,מוקייבלה,2000,8
635,מוקייבלה,2001,6
635,מוקייבלה,2002,4
635,מוקייבלה,2003,6
635,מוקייבלה,2004,8
635,מוקייבלה,2005,3
635,מוקייבלה,2006,4
635,מוקייבלה,2007,43
635,מוקייבלה,2008,48
635,מוקייבלה,2009,13
635,מוקייבלה,2010,11
635,מוקייבלה,2011,9
635,מוקייבלה,2012,15
635,מוקייבלה,2013,22
635,מוקייבלה,2014,14
635,מוקייבלה,2015,7
635,מוקייבלה,2016,16
635,מוקייבלה,2017,29
635,מוקייבלה,2018,1
635,מוקייבלה,2019,35
635,מוקייבלה,2020,13
635,מוקייבלה,2021,9
635,מוקייבלה,2022,9
635,מוקייבלה,2023,9
635,מוקייבלה,2024,10
635,מוקייבלה,2025,10
635,מוקייבלה,2026,5
636,צנדלה,1998,1
636,צנדלה,1999,1
636,צנדלה,2000,3
636,צנדלה,2001,1
636,צנדלה,2003,3
636,צנדלה,2004,1
636,צנדלה,2005,1
636,צנדלה,2007,1
636,צנדלה,2008,6
636,צנדלה,2011,1
636,צנדלה,2012,2
636,צנדלה,2014,3
636,צנדלה,2015,1
636,צנדלה,2018,4
636,צנדלה,2019,7
636,צנדלה,2020,35
636,צנדלה,2021,12
636,צנדלה,2022,5
636,צנדלה,2023,13
636,צנדלה,2024,1
636,צנדלה,2025,2
636,צנדלה,2026,2
637,ערערה,1998,36
637,ערערה,1999,36
637,ערערה,2000,35
637,ערערה,2001,25
637,ערערה,2002,36
637,ערערה,2003,20
637,ערערה,2004,31
637,ערערה,2005,28
637,ערערה,2006,36
637,ערערה,2007,44
637,ערערה,2008,48
637,ערערה,2009,59
637,ערערה,2010,41
637,ערערה,2011,74
637,ערערה,2012,56
637,ערערה,2013,61
637,ערערה,2014,80
637,ערערה,2015,58
637,ערערה,2016,68
637,ערערה,2017,76
637,ערערה,2018,68
637,ערערה,2019,49
637,ערערה,2020,70
637,ערערה,2021,61
637,ערערה,2022,68
637,ערערה,2023,84
637,ערערה,2024,95
637,ערערה,2025,111
637,ערערה,2026,44
638,קלנסווה,1998,30
638,קלנסווה,1999,47
638,קלנסווה,2000,37
638,קלנסווה,2001,27
638,קלנסווה,2002,33
638,קלנסווה,2003,21
638,קלנסווה,2004,32
638,קלנסווה,2005,61
638,קלנסווה,2006,37
638,קלנסווה,2007,27
638,קלנסווה,2008,47
638,קלנסווה,2009,49
638,קלנסווה,2010,96
638,קלנסווה,2011,160
638,קלנסווה,2012,240
638,קלנסווה,2013,184
638,קלנסווה,2014,158
638,קלנסווה,2015,108
638,קלנסווה,2016,114
638,קלנסווה,2017,115
638,קלנסווה,2018,86
638,קלנסווה,2019,102
638,קלנסווה,2020,91
638,קלנסווה,2021,112
638,קלנסווה,2022,63
638,קלנסווה,2023,49
638,קלנסווה,2024,74
638,קלנסווה,2025,80
638,קלנסווה,2026,25
64,"יד רמב""ם",1998,1
64,"יד רמב""ם",1999,1
64,"יד רמב""ם",2000,17
64,"יד רמב""ם",2001,6
64,"יד רמב""ם",2002,9
64,"יד רמב""ם",2003,4
64,"יד רמב""ם",2004,6
64,"יד רמב""ם",2005,8
64,"יד רמב""ם",2006,20
64,"יד רמב""ם",2007,3
64,"יד רמב""ם",2008,2
64,"יד רמב""ם",2009,8
64,"יד רמב""ם",2010,1
64,"יד רמב""ם",2011,3
64,"יד רמב""ם",2012,3
64,"יד רמב""ם",2013,6
64,"יד רמב""ם",2014,1
64,"יד רמב""ם",2015,2
64,"יד רמב""ם",2016,4
64,"יד רמב""ם",2017,1
64,"יד רמב""ם",2018,4
64,"יד רמב""ם",2019,9
64,"יד רמב""ם",2020,4
64,"יד רמב""ם",2021,15
64,"יד רמב""ם",2022,13
64,"יד רמב""ם",2023,7
64,"יד רמב""ם",2024,17
64,"יד רמב""ם",2025,12
64,"יד רמב""ם",2026,2
6400,הרצלייה,1998,1326
6400,הרצלייה,1999,1401
6400,הרצלייה,2000,1148
6400,הרצלייה,2001,1178
6400,הרצלייה,2002,1268
6400,הרצלייה,2003,1375
6400,הרצלייה,2004,1669
6400,הרצלייה,2005,1735
6400,הרצלייה,2006,1879
6400,הרצלייה,2007,2012
6400,הרצלייה,2008,1397
6400,הרצלייה,2009,1738
6400,הרצלייה,2010,1736
6400,הרצלייה,2011,1343
6400,הרצלייה,2012,1498
6400,הרצלייה,2013,1758
6400,הרצלייה,2014,1804
6400,הרצלייה,2015,2363
6400,הרצלייה,2016,1951
6400,הרצלייה,2017,1942
6400,הרצלייה,2018,2390
6400,הרצלייה,2019,2429
6400,הרצלייה,2020,2076
6400,הרצלייה,2021,3167
6400,הרצלייה,2022,1993
6400,הרצלייה,2023,1248
6400,הרצלייה,2024,2205
6400,הרצלייה,2025,2198
6400,הרצלייה,2026,514
648,מצר,1999,1
648,מצר,2001,1
648,מצר,2002,1
648,מצר,2004,2
648,מצר,2009,3
648,מצר,2011,1
648,מצר,2012,2
648,מצר,2013,1
648,מצר,2015,2
648,מצר,2016,6
648,מצר,2017,2
648,מצר,2020,1
648,מצר,2021,136
648,מצר,2022,13
648,מצר,2023,4
648,מצר,2024,4
648,מצר,2025,1
649,מייסר,1998,7
649,מייסר,1999,7
649,מייסר,2000,9
649,מייסר,2001,4
649,מייסר,2002,3
649,מייסר,2003,2
649,מייסר,2004,2
649,מייסר,2005,5
649,מייסר,2006,3
649,מייסר,2008,8
649,מייסר,2009,6
649,מייסר,2010,2
649,מייסר,2011,8
649,מייסר,2013,4
649,מייסר,2014,4
649,מייסר,2015,6
649,מייסר,2016,9
649,מייסר,2017,1
649,מייסר,2018,4
649,מייסר,2019,1
649,מייסר,2020,19
649,מייסר,2021,6
649,מייסר,2022,9
649,מייסר,2023,10
649,מייסר,2024,12
649,מייסר,2025,13
649,מייסר,2026,4
65,מגדל,1998,59
65,מגדל,1999,52
65,מגדל,2000,34
65,מגדל,2001,41
65,מגדל,2002,34
65,מגדל,2003,32
65,מגדל,2004,38
65,מגדל,2005,101
65,מגדל,2006,32
65,מגדל,2007,42
65,מגדל,2008,58
65,מגדל,2009,38
65,מגדל,2010,47
65,מגדל,2011,89
65,מגדל,2012,51
65,מגדל,2013,89
65,מגדל,2014,103
65,מגדל,2015,131
65,מגדל,2016,119
65,מגדל,2017,115
65,מגדל,2018,106
65,מגדל,2019,119
65,מגדל,2020,108
65,מגדל,2021,184
65,מגדל,2022,145
65,מגדל,2023,72
65,מגדל,2024,80
65,מגדל,2025,101
65,מגדל,2026,4
6500,חדרה,1998,1337
6500,חדרה,1999,1315
6500,חדרה,2000,1100
6500,חדרה,2001,989
6500,חדרה,2002,933
6500,חדרה,2003,1026
6500,חדרה,2004,1102
6500,חדרה,2005,1287
6500,חדרה,2006,1194
6500,חדרה,2007,1582
6500,חדרה,2008,1914
6500,חדרה,2009,1896
6500,חדרה,2010,2021
6500,חדרה,2011,1863
6500,חדרה,2012,2095
6500,חדרה,2013,2294
6500,חדרה,2014,2003
6500,חדרה,2015,2802
6500,חדרה,2016,2766
6500,חדרה,2017,2325
6500,חדרה,2018,2125
6500,חדרה,2019,2063
6500,חדרה,2020,2186
6500,חדרה,2021,3776
6500,חדרה,2022,2665
6500,חדרה,2023,1680
6500,חדרה,2024,2584
6500,חדרה,2025,2210
6500,חדרה,2026,809
652,אבטין,1998,4
652,אבטין,1999,8
652,אבטין,2000,10
652,אבטין,2001,5
652,אבטין,2002,3
652,אבטין,2003,1
652,אבטין,2004,1
652,אבטין,2006,3
652,אבטין,2009,1
652,אבטין,2011,5
652,אבטין,2012,3
652,אבטין,2013,6
652,אבטין,2014,6
652,אבטין,2015,4
652,אבטין,2016,13
652,אבטין,2017,36
652,אבטין,2018,28
652,אבטין,2019,25
652,אבטין,2020,27
652,אבטין,2021,15
652,אבטין,2022,5
652,אבטין,2023,12
652,אבטין,2024,11
652,אבטין,2025,36
654,כפר קרע,1998,10
654,כפר קרע,1999,15
654,כפר קרע,2000,8
654,כפר קרע,2001,19
654,כפר קרע,2002,5
654,כפר קרע,2003,12
654,כפר קרע,2004,11
654,כפר קרע,2005,13
654,כפר קרע,2006,10
654,כפר קרע,2007,36
654,כפר קרע,2008,27
654,כפר קרע,2009,37
654,כפר קרע,2010,18
654,כפר קרע,2011,22
654,כפר קרע,2012,48
654,כפר קרע,2013,30
654,כפר קרע,2014,22
654,כפר קרע,2015,35
654,כפר קרע,2016,34
654,כפר קרע,2017,34
654,כפר קרע,2018,73
654,כפר קרע,2019,35
654,כפר קרע,2020,30
654,כפר קרע,2021,25
654,כפר קרע,2022,34
654,כפר קרע,2023,24
654,כפר קרע,2024,132
654,כפר קרע,2025,97
654,כפר קרע,2026,53
658,שייח' דנון,1998,1
658,שייח' דנון,1999,1
658,שייח' דנון,2000,1
658,שייח' דנון,2001,3
658,שייח' דנון,2002,1
658,שייח' דנון,2003,6
658,שייח' דנון,2005,1
658,שייח' דנון,2006,8
658,שייח' דנון,2007,12
658,שייח' דנון,2008,8
658,שייח' דנון,2009,5
658,שייח' דנון,2010,3
658,שייח' דנון,2012,2
658,שייח' דנון,2013,18
658,שייח' דנון,2014,9
658,שייח' דנון,2015,5
658,שייח' דנון,2016,3
658,שייח' דנון,2017,5
658,שייח' דנון,2018,7
658,שייח' דנון,2019,1
658,שייח' דנון,2020,1
658,שייח' דנון,2021,3
658,שייח' דנון,2022,9
658,שייח' דנון,2023,13
658,שייח' דנון,2024,3
658,שייח' דנון,2026,1
66,מרחביה )קיבוץ(,1999,2
66,מרחביה )קיבוץ(,2000,7
66,מרחביה )קיבוץ(,2001,2
66,מרחביה )קיבוץ(,2002,4
66,מרחביה )קיבוץ(,2003,18
66,מרחביה )קיבוץ(,2005,6
66,מרחביה )קיבוץ(,2006,7
66,מרחביה )קיבוץ(,2007,27
66,מרחביה )קיבוץ(,2008,30
66,מרחביה )קיבוץ(,2009,3
66,מרחביה )קיבוץ(,2010,1
66,מרחביה )קיבוץ(,2011,2
66,מרחביה )קיבוץ(,2013,1
66,מרחביה )קיבוץ(,2015,2
66,מרחביה )קיבוץ(,2016,2
66,מרחביה )קיבוץ(,2017,14
66,מרחביה )קיבוץ(,2018,40
66,מרחביה )קיבוץ(,2019,9
66,מרחביה )קיבוץ(,2020,5
66,מרחביה )קיבוץ(,2021,40
66,מרחביה )קיבוץ(,2022,12
66,מרחביה )קיבוץ(,2023,6
66,מרחביה )קיבוץ(,2024,19
66,מרחביה )קיבוץ(,2025,7
66,מרחביה )קיבוץ(,2026,7
6600,חולון,1998,2502
6600,חולון,1999,2936
6600,חולון,2000,2599
6600,חולון,2001,2567
6600,חולון,2002,2555
6600,חולון,2003,2405
6600,חולון,2004,2545
6600,חולון,2005,2715
6600,חולון,2006,3243
6600,חולון,2007,3722
6600,חולון,2008,3418
6600,חולון,2009,3278
6600,חולון,2010,3100
6600,חולון,2011,2376
6600,חולון,2012,2980
6600,חולון,2013,3445
6600,חולון,2014,2897
6600,חולון,2015,3261
6600,חולון,2016,3373
6600,חולון,2017,2684
6600,חולון,2018,2675
6600,חולון,2019,2747
6600,חולון,2020,2558
6600,חולון,2021,3779
6600,חולון,2022,2761
6600,חולון,2023,1697
6600,חולון,2024,2062
6600,חולון,2025,1922
6600,חולון,2026,649
661,שער אפרים,1998,187
661,שער אפרים,1999,101
661,שער אפרים,2000,28
661,שער אפרים,2001,3
661,שער אפרים,2003,5
661,שער אפרים,2004,5
661,שער אפרים,2005,96
661,שער אפרים,2006,21
661,שער אפרים,2007,24
661,שער אפרים,2008,25
661,שער אפרים,2009,24
661,שער אפרים,2010,16
661,שער אפרים,2011,10
661,שער אפרים,2012,21
661,שער אפרים,2013,42
661,שער אפרים,2014,37
661,שער אפרים,2015,46
661,שער אפרים,2016,11
661,שער אפרים,2017,22
661,שער אפרים,2018,8
661,שער אפרים,2019,11
661,שער אפרים,2020,7
661,שער אפרים,2021,16
661,שער אפרים,2022,29
661,שער אפרים,2023,7
661,שער אפרים,2024,28
661,שער אפרים,2025,2
662,חוסן,1998,18
662,חוסן,1999,4
662,חוסן,2000,4
662,חוסן,2001,30
662,חוסן,2002,30
662,חוסן,2003,10
662,חוסן,2004,10
662,חוסן,2005,6
662,חוסן,2006,14
662,חוסן,2007,95
662,חוסן,2008,25
662,חוסן,2009,10
662,חוסן,2010,10
662,חוסן,2011,22
662,חוסן,2012,21
662,חוסן,2013,14
662,חוסן,2014,19
662,חוסן,2015,19
662,חוסן,2016,22
662,חוסן,2017,14
662,חוסן,2018,38
662,חוסן,2019,12
662,חוסן,2020,16
662,חוסן,2021,19
662,חוסן,2022,14
662,חוסן,2023,13
662,חוסן,2024,5
662,חוסן,2025,4
662,חוסן,2026,3
663,טירת יהודה,1998,7
663,טירת יהודה,1999,38
663,טירת יהודה,2000,10
663,טירת יהודה,2001,4
663,טירת יהודה,2002,14
663,טירת יהודה,2003,5
663,טירת יהודה,2004,10
663,טירת יהודה,2005,11
663,טירת יהודה,2006,11
663,טירת יהודה,2007,13
663,טירת יהודה,2008,15
663,טירת יהודה,2009,4
663,טירת יהודה,2010,12
663,טירת יהודה,2011,8
663,טירת יהודה,2012,7
663,טירת יהודה,2013,8
663,טירת יהודה,2014,3
663,טירת יהודה,2015,4
663,טירת יהודה,2016,3
663,טירת יהודה,2017,6
663,טירת יהודה,2018,2
663,טירת יהודה,2019,7
663,טירת יהודה,2020,7
663,טירת יהודה,2021,6
663,טירת יהודה,2022,5
663,טירת יהודה,2023,4
663,טירת יהודה,2024,7
663,טירת יהודה,2025,20
664,כרם בן זמרה,2007,6
664,כרם בן זמרה,2008,1
664,כרם בן זמרה,2009,5
664,כרם בן זמרה,2010,2
664,כרם בן זמרה,2011,1
664,כרם בן זמרה,2012,1
664,כרם בן זמרה,2013,1
664,כרם בן זמרה,2015,1
664,כרם בן זמרה,2016,3
664,כרם בן זמרה,2017,1
664,כרם בן זמרה,2018,1
664,כרם בן זמרה,2021,1
664,כרם בן זמרה,2022,3
664,כרם בן זמרה,2025,2
665,תקומה,1998,1
665,תקומה,1999,2
665,תקומה,2000,1
665,תקומה,2002,3
665,תקומה,2004,1
665,תקומה,2005,3
665,תקומה,2006,1
665,תקומה,2010,4
665,תקומה,2012,1
665,תקומה,2013,2
665,תקומה,2014,1
665,תקומה,2015,1
665,תקומה,2016,2
665,תקומה,2017,1
665,תקומה,2018,1
665,תקומה,2019,3
665,תקומה,2020,4
665,תקומה,2021,7
665,תקומה,2022,1
665,תקומה,2023,7
665,תקומה,2024,9
665,תקומה,2026,4
666,עומר,1998,165
666,עומר,1999,71
666,עומר,2000,72
666,עומר,2001,57
666,עומר,2002,98
666,עומר,2003,67
666,עומר,2004,97
666,עומר,2005,88
666,עומר,2006,57
666,עומר,2007,109
666,עומר,2008,149
666,עומר,2009,96
666,עומר,2010,128
666,עומר,2011,102
666,עומר,2012,118
666,עומר,2013,101
666,עומר,2014,144
666,עומר,2015,134
666,עומר,2016,104
666,עומר,2017,116
666,עומר,2018,106
666,עומר,2019,108
666,עומר,2020,95
666,עומר,2021,171
666,עומר,2022,107
666,עומר,2023,81
666,עומר,2024,81
666,עומר,2025,77
666,עומר,2026,31
667,ברעם,2009,1
667,ברעם,2011,1
668,מפלסים,2011,1
668,מפלסים,2020,1
668,מפלסים,2026,2
67,אור הנר,2005,1
67,אור הנר,2009,7
67,אור הנר,2010,21
67,אור הנר,2011,10
67,אור הנר,2012,87
67,אור הנר,2013,1
67,אור הנר,2014,2
67,אור הנר,2015,5
67,אור הנר,2016,11
67,אור הנר,2017,4
67,אור הנר,2018,2
67,אור הנר,2019,6
67,אור הנר,2020,11
67,אור הנר,2021,4
67,אור הנר,2022,2
67,אור הנר,2023,11
67,אור הנר,2024,11
67,אור הנר,2025,1
67,אור הנר,2026,2
670,משמר איילון,2007,2
670,משמר איילון,2009,1
670,משמר איילון,2012,3
670,משמר איילון,2013,3
670,משמר איילון,2014,1
670,משמר איילון,2015,3
670,משמר איילון,2016,4
670,משמר איילון,2017,6
670,משמר איילון,2019,4
670,משמר איילון,2020,1
670,משמר איילון,2021,15
670,משמר איילון,2022,3
670,משמר איילון,2023,6
670,משמר איילון,2024,10
670,משמר איילון,2025,3
6700,טבריה,1998,525
6700,טבריה,1999,693
6700,טבריה,2000,692
6700,טבריה,2001,645
6700,טבריה,2002,397
6700,טבריה,2003,499
6700,טבריה,2004,353
6700,טבריה,2005,409
6700,טבריה,2006,370
6700,טבריה,2007,508
6700,טבריה,2008,558
6700,טבריה,2009,840
6700,טבריה,2010,1182
6700,טבריה,2011,793
6700,טבריה,2012,771
6700,טבריה,2013,857
6700,טבריה,2014,883
6700,טבריה,2015,1040
6700,טבריה,2016,1346
6700,טבריה,2017,972
6700,טבריה,2018,1172
6700,טבריה,2019,946
6700,טבריה,2020,927
6700,טבריה,2021,1453
6700,טבריה,2022,1575
6700,טבריה,2023,1105
6700,טבריה,2024,1360
6700,טבריה,2025,1419
6700,טבריה,2026,549
672,בית נקופה,1998,9
672,בית נקופה,1999,6
672,בית נקופה,2000,5
672,בית נקופה,2001,6
672,בית נקופה,2002,12
672,בית נקופה,2003,15
672,בית נקופה,2004,4
672,בית נקופה,2005,1
672,בית נקופה,2006,6
672,בית נקופה,2007,3
672,בית נקופה,2008,3
672,בית נקופה,2009,2
672,בית נקופה,2010,1
672,בית נקופה,2011,4
672,בית נקופה,2012,2
672,בית נקופה,2013,24
672,בית נקופה,2014,11
672,בית נקופה,2015,18
672,בית נקופה,2016,31
672,בית נקופה,2017,6
672,בית נקופה,2018,4
672,בית נקופה,2020,2
672,בית נקופה,2021,2
672,בית נקופה,2022,9
672,בית נקופה,2023,2
672,בית נקופה,2024,6
672,בית נקופה,2025,5
673,כפר טרומן,1998,57
673,כפר טרומן,1999,4
673,כפר טרומן,2000,6
673,כפר טרומן,2001,9
673,כפר טרומן,2002,11
673,כפר טרומן,2003,10
673,כפר טרומן,2004,11
673,כפר טרומן,2005,8
673,כפר טרומן,2006,1
673,כפר טרומן,2007,5
673,כפר טרומן,2008,7
673,כפר טרומן,2009,13
673,כפר טרומן,2010,4
673,כפר טרומן,2011,1
673,כפר טרומן,2012,5
673,כפר טרומן,2013,7
673,כפר טרומן,2014,2
673,כפר טרומן,2015,1
673,כפר טרומן,2016,2
673,כפר טרומן,2017,1
673,כפר טרומן,2018,8
673,כפר טרומן,2019,3
673,כפר טרומן,2020,4
673,כפר טרומן,2021,1
673,כפר טרומן,2022,4
673,כפר טרומן,2023,6
673,כפר טרומן,2024,1
673,כפר טרומן,2025,2
673,כפר טרומן,2026,1
674,לימן,2002,1
674,לימן,2005,1
674,לימן,2009,1
674,לימן,2010,3
674,לימן,2011,2
674,לימן,2012,1
674,לימן,2013,6
674,לימן,2015,3
674,לימן,2016,4
674,לימן,2017,7
674,לימן,2018,64
674,לימן,2019,18
674,לימן,2020,8
674,לימן,2021,19
674,לימן,2022,6
674,לימן,2025,1
675,הבונים,2000,32
675,הבונים,2001,20
675,הבונים,2002,14
675,הבונים,2003,4
675,הבונים,2004,3
675,הבונים,2005,4
675,הבונים,2006,23
675,הבונים,2007,2
675,הבונים,2008,8
675,הבונים,2009,10
675,הבונים,2010,4
675,הבונים,2011,1
675,הבונים,2012,1
675,הבונים,2013,2
675,הבונים,2014,1
675,הבונים,2015,8
675,הבונים,2016,12
675,הבונים,2017,4
675,הבונים,2018,34
675,הבונים,2019,7
675,הבונים,2020,39
675,הבונים,2021,15
675,הבונים,2022,79
675,הבונים,2023,34
675,הבונים,2024,20
675,הבונים,2025,45
676,עין השלושה,2020,9
676,עין השלושה,2021,6
676,עין השלושה,2022,3
676,עין השלושה,2023,5
676,עין השלושה,2024,1
677,הסוללים,1998,1
677,הסוללים,1999,28
677,הסוללים,2000,44
677,הסוללים,2001,19
677,הסוללים,2002,5
677,הסוללים,2003,4
677,הסוללים,2004,4
677,הסוללים,2005,6
677,הסוללים,2006,3
677,הסוללים,2007,36
677,הסוללים,2008,1
677,הסוללים,2009,2
677,הסוללים,2010,2
677,הסוללים,2012,4
677,הסוללים,2013,5
677,הסוללים,2014,3
677,הסוללים,2015,19
677,הסוללים,2016,5
677,הסוללים,2017,4
677,הסוללים,2018,6
677,הסוללים,2019,4
677,הסוללים,2020,6
677,הסוללים,2021,17
677,הסוללים,2022,6
677,הסוללים,2023,116
677,הסוללים,2024,2
677,הסוללים,2025,7
678,מעגן,2015,6
678,מעגן,2016,46
678,מעגן,2017,14
678,מעגן,2018,9
678,מעגן,2019,11
678,מעגן,2020,2
678,מעגן,2021,2
678,מעגן,2022,82
678,מעגן,2023,25
678,מעגן,2024,6
678,מעגן,2025,9
678,מעגן,2026,2
679,אביאל,2000,1
679,אביאל,2001,8
679,אביאל,2002,43
679,אביאל,2003,1
679,אביאל,2004,2
679,אביאל,2005,26
679,אביאל,2006,4
679,אביאל,2007,12
679,אביאל,2008,7
679,אביאל,2009,5
679,אביאל,2010,3
679,אביאל,2011,3
679,אביאל,2012,3
679,אביאל,2013,6
679,אביאל,2014,10
679,אביאל,2015,5
679,אביאל,2016,4
679,אביאל,2017,4
679,אביאל,2018,6
679,אביאל,2019,2
679,אביאל,2020,5
679,אביאל,2021,8
679,אביאל,2022,7
679,אביאל,2023,1
679,אביאל,2024,8
679,אביאל,2025,5
680,אומץ,2002,6
680,אומץ,2006,49
680,אומץ,2007,16
680,אומץ,2008,1
680,אומץ,2009,4
680,אומץ,2010,3
680,אומץ,2011,3
680,אומץ,2012,4
680,אומץ,2014,2
680,אומץ,2015,4
680,אומץ,2016,5
680,אומץ,2017,11
680,אומץ,2018,1
680,אומץ,2019,5
680,אומץ,2020,5
680,אומץ,2022,5
680,אומץ,2023,1
680,אומץ,2025,4
6800,קריית אתא,1998,780
6800,קריית אתא,1999,963
6800,קריית אתא,2000,793
6800,קריית אתא,2001,693
6800,קריית אתא,2002,586
6800,קריית אתא,2003,624
6800,קריית אתא,2004,532
6800,קריית אתא,2005,606
6800,קריית אתא,2006,596
6800,קריית אתא,2007,796
6800,קריית אתא,2008,873
6800,קריית אתא,2009,1107
6800,קריית אתא,2010,1303
6800,קריית אתא,2011,988
6800,קריית אתא,2012,1081
6800,קריית אתא,2013,1344
6800,קריית אתא,2014,1240
6800,קריית אתא,2015,1477
6800,קריית אתא,2016,1387
6800,קריית אתא,2017,1337
6800,קריית אתא,2018,1232
6800,קריית אתא,2019,1203
6800,קריית אתא,2020,1298
6800,קריית אתא,2021,1823
6800,קריית אתא,2022,1743
6800,קריית אתא,2023,1173
6800,קריית אתא,2024,1317
6800,קריית אתא,2025,1385
6800,קריית אתא,2026,713
681,גבעת שמואל,1998,385
681,גבעת שמואל,1999,571
681,גבעת שמואל,2000,590
681,גבעת שמואל,2001,357
681,גבעת שמואל,2002,439
681,גבעת שמואל,2003,389
681,גבעת שמואל,2004,335
681,גבעת שמואל,2005,327
681,גבעת שמואל,2006,290
681,גבעת שמואל,2007,308
681,גבעת שמואל,2008,336
681,גבעת שמואל,2009,286
681,גבעת שמואל,2010,315
681,גבעת שמואל,2011,300
681,גבעת שמואל,2012,311
681,גבעת שמואל,2013,272
681,גבעת שמואל,2014,274
681,גבעת שמואל,2015,320
681,גבעת שמואל,2016,319
681,גבעת שמואל,2017,497
681,גבעת שמואל,2018,607
681,גבעת שמואל,2019,623
681,גבעת שמואל,2020,547
681,גבעת שמואל,2021,944
681,גבעת שמואל,2022,734
681,גבעת שמואל,2023,463
681,גבעת שמואל,2024,881
681,גבעת שמואל,2025,583
681,גבעת שמואל,2026,173
682,אליקים,1998,2
682,אליקים,1999,8
682,אליקים,2000,1
682,אליקים,2001,6
682,אליקים,2002,2
682,אליקים,2003,14
682,אליקים,2004,5
682,אליקים,2005,1
682,אליקים,2006,2
682,אליקים,2007,6
682,אליקים,2008,9
682,אליקים,2010,1
682,אליקים,2011,3
682,אליקים,2012,3
682,אליקים,2017,1
682,אליקים,2019,1
682,אליקים,2020,9
682,אליקים,2021,34
682,אליקים,2022,8
682,אליקים,2023,3
682,אליקים,2024,7
682,אליקים,2025,16
682,אליקים,2026,5
683,גבע כרמל,1998,29
683,גבע כרמל,1999,11
683,גבע כרמל,2000,4
683,גבע כרמל,2001,13
683,גבע כרמל,2002,9
683,גבע כרמל,2003,5
683,גבע כרמל,2004,3
683,גבע כרמל,2005,6
683,גבע כרמל,2006,5
683,גבע כרמל,2007,3
683,גבע כרמל,2008,9
683,גבע כרמל,2009,9
683,גבע כרמל,2010,5
683,גבע כרמל,2011,11
683,גבע כרמל,2012,9
683,גבע כרמל,2013,11
683,גבע כרמל,2014,13
683,גבע כרמל,2015,4
683,גבע כרמל,2016,9
683,גבע כרמל,2017,9
683,גבע כרמל,2018,3
683,גבע כרמל,2019,12
683,גבע כרמל,2020,12
683,גבע כרמל,2021,14
683,גבע כרמל,2022,9
683,גבע כרמל,2023,14
683,גבע כרמל,2024,3
683,גבע כרמל,2025,4
683,גבע כרמל,2026,2
684,היוגב,2006,5
684,היוגב,2007,6
684,היוגב,2008,1
684,היוגב,2009,3
684,היוגב,2010,8
684,היוגב,2011,8
684,היוגב,2012,3
684,היוגב,2013,7
684,היוגב,2014,2
684,היוגב,2015,5
684,היוגב,2016,4
684,היוגב,2017,60
684,היוגב,2018,22
684,היוגב,2019,8
684,היוגב,2020,14
684,היוגב,2021,3
684,היוגב,2022,13
684,היוגב,2023,5
684,היוגב,2024,3
684,היוגב,2025,4
685,בניה,1998,4
685,בניה,1999,4
685,בניה,2000,1
685,בניה,2001,3
685,בניה,2002,1
685,בניה,2003,1
685,בניה,2004,2
685,בניה,2005,4
685,בניה,2006,2
685,בניה,2007,1
685,בניה,2008,10
685,בניה,2009,3
685,בניה,2010,9
685,בניה,2012,1
685,בניה,2013,1
685,בניה,2014,3
685,בניה,2015,8
685,בניה,2017,1
685,בניה,2018,9
685,בניה,2019,4
685,בניה,2020,6
685,בניה,2021,1
685,בניה,2022,9
685,בניה,2023,6
685,בניה,2024,13
685,בניה,2025,5
686,נווה ימין,1998,2
686,נווה ימין,1999,5
686,נווה ימין,2000,5
686,נווה ימין,2001,1
686,נווה ימין,2002,8
686,נווה ימין,2003,5
686,נווה ימין,2004,5
686,נווה ימין,2005,18
686,נווה ימין,2006,12
686,נווה ימין,2007,6
686,נווה ימין,2008,5
686,נווה ימין,2009,5
686,נווה ימין,2010,4
686,נווה ימין,2011,1
686,נווה ימין,2012,3
686,נווה ימין,2013,4
686,נווה ימין,2014,1
686,נווה ימין,2015,8
686,נווה ימין,2016,5
686,נווה ימין,2017,10
686,נווה ימין,2018,4
686,נווה ימין,2019,10
686,נווה ימין,2020,9
686,נווה ימין,2021,9
686,נווה ימין,2022,10
686,נווה ימין,2023,10
686,נווה ימין,2024,3
686,נווה ימין,2025,4
687,עין איילה,1998,10
687,עין איילה,1999,98
687,עין איילה,2000,17
687,עין איילה,2001,21
687,עין איילה,2002,9
687,עין איילה,2003,2
687,עין איילה,2004,5
687,עין איילה,2005,14
687,עין איילה,2006,10
687,עין איילה,2007,12
687,עין איילה,2008,4
687,עין איילה,2009,9
687,עין איילה,2010,21
687,עין איילה,2011,9
687,עין איילה,2012,4
687,עין איילה,2013,11
687,עין איילה,2014,10
687,עין איילה,2015,5
687,עין איילה,2016,1
687,עין איילה,2017,2
687,עין איילה,2018,5
687,עין איילה,2019,8
687,עין איילה,2020,21
687,עין איילה,2021,3
687,עין איילה,2022,3
687,עין איילה,2023,6
687,עין איילה,2024,13
687,עין איילה,2025,7
687,עין איילה,2026,1
688,עלמה,2002,2
688,עלמה,2007,1
688,עלמה,2008,2
688,עלמה,2011,2
688,עלמה,2017,4
688,עלמה,2018,3
688,עלמה,2019,3
688,עלמה,2020,3
688,עלמה,2021,1
688,עלמה,2023,15
688,עלמה,2024,1
688,עלמה,2025,1
689,מגדים,1998,14
689,מגדים,1999,1
689,מגדים,2000,17
689,מגדים,2001,5
689,מגדים,2002,5
689,מגדים,2004,8
689,מגדים,2005,12
689,מגדים,2006,5
689,מגדים,2007,6
689,מגדים,2008,8
689,מגדים,2009,10
689,מגדים,2010,8
689,מגדים,2011,8
689,מגדים,2012,6
689,מגדים,2013,12
689,מגדים,2014,6
689,מגדים,2015,11
689,מגדים,2016,8
689,מגדים,2017,4
689,מגדים,2018,4
689,מגדים,2019,12
689,מגדים,2020,11
689,מגדים,2021,9
689,מגדים,2022,7
689,מגדים,2023,6
689,מגדים,2024,6
689,מגדים,2025,8
689,מגדים,2026,2
690,כפר אחים,1998,29
690,כפר אחים,1999,9
690,כפר אחים,2000,3
690,כפר אחים,2001,11
690,כפר אחים,2002,14
690,כפר אחים,2003,7
690,כפר אחים,2004,13
690,כפר אחים,2005,7
690,כפר אחים,2006,10
690,כפר אחים,2007,10
690,כפר אחים,2008,8
690,כפר אחים,2009,15
690,כפר אחים,2010,7
690,כפר אחים,2011,3
690,כפר אחים,2012,4
690,כפר אחים,2013,11
690,כפר אחים,2014,6
690,כפר אחים,2015,6
690,כפר אחים,2016,2
690,כפר אחים,2017,5
690,כפר אחים,2018,7
690,כפר אחים,2019,1
690,כפר אחים,2020,3
690,כפר אחים,2021,4
690,כפר אחים,2022,3
690,כפר אחים,2023,6
690,כפר אחים,2024,2
690,כפר אחים,2025,2
6900,כפר סבא,1998,1422
6900,כפר סבא,1999,1553
6900,כפר סבא,2000,1184
6900,כפר סבא,2001,1285
6900,כפר סבא,2002,1041
6900,כפר סבא,2003,1065
6900,כפר סבא,2004,1148
6900,כפר סבא,2005,1225
6900,כפר סבא,2006,1730
6900,כפר סבא,2007,1681
6900,כפר סבא,2008,1603
6900,כפר סבא,2009,1986
6900,כפר סבא,2010,1812
6900,כפר סבא,2011,1365
6900,כפר סבא,2012,1752
6900,כפר סבא,2013,1918
6900,כפר סבא,2014,1498
6900,כפר סבא,2015,1800
6900,כפר סבא,2016,1526
6900,כפר סבא,2017,1295
6900,כפר סבא,2018,1309
6900,כפר סבא,2019,1226
6900,כפר סבא,2020,1211
6900,כפר סבא,2021,1879
6900,כפר סבא,2022,1299
6900,כפר סבא,2023,1086
6900,כפר סבא,2024,1376
6900,כפר סבא,2025,1480
6900,כפר סבא,2026,414
692,שפיר,1998,18
692,שפיר,1999,13
692,שפיר,2000,12
692,שפיר,2001,14
692,שפיר,2002,13
692,שפיר,2003,16
692,שפיר,2004,10
692,שפיר,2005,5
692,שפיר,2006,1
692,שפיר,2007,8
692,שפיר,2008,3
692,שפיר,2009,3
692,שפיר,2010,23
692,שפיר,2011,9
692,שפיר,2012,7
692,שפיר,2013,10
692,שפיר,2014,16
692,שפיר,2015,5
692,שפיר,2016,3
692,שפיר,2017,15
692,שפיר,2018,12
692,שפיר,2019,7
692,שפיר,2020,31
692,שפיר,2021,11
692,שפיר,2022,24
692,שפיר,2023,22
692,שפיר,2024,11
692,שפיר,2025,13
692,שפיר,2026,5
693,"נתיב הל""ה",1999,1
693,"נתיב הל""ה",2003,1
693,"נתיב הל""ה",2005,1
693,"נתיב הל""ה",2006,1
693,"נתיב הל""ה",2008,1
693,"נתיב הל""ה",2010,1
693,"נתיב הל""ה",2012,70
693,"נתיב הל""ה",2013,19
693,"נתיב הל""ה",2014,5
693,"נתיב הל""ה",2015,8
693,"נתיב הל""ה",2016,115
693,"נתיב הל""ה",2017,34
693,"נתיב הל""ה",2018,54
693,"נתיב הל""ה",2019,50
693,"נתיב הל""ה",2020,43
693,"נתיב הל""ה",2021,23
693,"נתיב הל""ה",2022,5
693,"נתיב הל""ה",2023,8
693,"נתיב הל""ה",2024,17
693,"נתיב הל""ה",2025,11
693,"נתיב הל""ה",2026,3
694,מעגן מיכאל,1999,1
694,מעגן מיכאל,2007,3
694,מעגן מיכאל,2010,1
694,מעגן מיכאל,2015,3
694,מעגן מיכאל,2019,1
695,מגן,2015,1
695,מגן,2017,1
695,מגן,2019,1
695,מגן,2024,1
696,"כפר חב""ד",1999,2
696,"כפר חב""ד",2000,1
696,"כפר חב""ד",2001,3
696,"כפר חב""ד",2002,2
696,"כפר חב""ד",2004,23
696,"כפר חב""ד",2005,6
696,"כפר חב""ד",2006,1
696,"כפר חב""ד",2007,10
696,"כפר חב""ד",2008,7
696,"כפר חב""ד",2009,7
696,"כפר חב""ד",2010,7
696,"כפר חב""ד",2011,3
696,"כפר חב""ד",2012,4
696,"כפר חב""ד",2013,10
696,"כפר חב""ד",2014,11
696,"כפר חב""ד",2015,11
696,"כפר חב""ד",2016,2
696,"כפר חב""ד",2017,9
696,"כפר חב""ד",2018,7
696,"כפר חב""ד",2019,7
696,"כפר חב""ד",2020,9
696,"כפר חב""ד",2021,6
696,"כפר חב""ד",2022,15
696,"כפר חב""ד",2023,44
696,"כפר חב""ד",2024,49
696,"כפר חב""ד",2025,19
696,"כפר חב""ד",2026,7
697,בארותיים,1998,7
697,בארותיים,1999,2
697,בארותיים,2000,2
697,בארותיים,2002,1
697,בארותיים,2003,2
697,בארותיים,2004,3
697,בארותיים,2005,6
697,בארותיים,2006,3
697,בארותיים,2007,3
697,בארותיים,2008,3
697,בארותיים,2010,9
697,בארותיים,2011,1
697,בארותיים,2012,2
697,בארותיים,2013,2
697,בארותיים,2015,5
697,בארותיים,2016,2
697,בארותיים,2017,1
697,בארותיים,2018,3
697,בארותיים,2019,5
697,בארותיים,2020,13
697,בארותיים,2021,13
697,בארותיים,2022,15
697,בארותיים,2023,14
697,בארותיים,2024,11
697,בארותיים,2025,5
698,בורגתה,1999,1
698,בורגתה,2000,2
698,בורגתה,2001,2
698,בורגתה,2003,2
698,בורגתה,2006,1
698,בורגתה,2007,25
698,בורגתה,2008,4
698,בורגתה,2009,2
698,בורגתה,2011,4
698,בורגתה,2012,4
698,בורגתה,2013,4
698,בורגתה,2014,1
698,בורגתה,2015,7
698,בורגתה,2016,11
698,בורגתה,2017,6
698,בורגתה,2018,3
698,בורגתה,2019,10
698,בורגתה,2020,2
698,בורגתה,2021,3
698,בורגתה,2022,2
698,בורגתה,2023,7
698,בורגתה,2024,2
698,בורגתה,2025,2
698,בורגתה,2026,3
699,ניר ישראל,1998,17
699,ניר ישראל,1999,5
699,ניר ישראל,2000,8
699,ניר ישראל,2001,4
699,ניר ישראל,2002,13
699,ניר ישראל,2003,9
699,ניר ישראל,2004,9
699,ניר ישראל,2005,1
699,ניר ישראל,2006,2
699,ניר ישראל,2007,2
699,ניר ישראל,2008,7
699,ניר ישראל,2009,4
699,ניר ישראל,2010,1
699,ניר ישראל,2011,2
699,ניר ישראל,2012,3
699,ניר ישראל,2013,14
699,ניר ישראל,2014,5
699,ניר ישראל,2015,5
699,ניר ישראל,2016,3
699,ניר ישראל,2017,8
699,ניר ישראל,2018,6
699,ניר ישראל,2019,10
699,ניר ישראל,2020,9
699,ניר ישראל,2021,2
699,ניר ישראל,2022,4
699,ניר ישראל,2023,1
699,ניר ישראל,2024,7
699,ניר ישראל,2025,3
7,שחר,1998,27
7,שחר,1999,5
7,שחר,2000,1
7,שחר,2001,2
7,שחר,2002,8
7,שחר,2003,7
7,שחר,2004,12
7,שחר,2005,3
7,שחר,2006,2
7,שחר,2007,6
7,שחר,2008,9
7,שחר,2009,5
7,שחר,2010,9
7,שחר,2011,7
7,שחר,2012,2
7,שחר,2013,13
7,שחר,2014,7
7,שחר,2015,5
7,שחר,2016,7
7,שחר,2017,6
7,שחר,2018,9
7,שחר,2019,4
7,שחר,2020,7
7,שחר,2021,6
7,שחר,2022,8
7,שחר,2023,5
7,שחר,2025,3
70,אשדוד,1998,3260
70,אשדוד,1999,3988
70,אשדוד,2000,3483
70,אשדוד,2001,3617
70,אשדוד,2002,3133
70,אשדוד,2003,2919
70,אשדוד,2004,3421
70,אשדוד,2005,3393
70,אשדוד,2006,3449
70,אשדוד,2007,3835
70,אשדוד,2008,3369
70,אשדוד,2009,3533
70,אשדוד,2010,3516
70,אשדוד,2011,2880
70,אשדוד,2012,3187
70,אשדוד,2013,3276
70,אשדוד,2014,3171
70,אשדוד,2015,3870
70,אשדוד,2016,3219
70,אשדוד,2017,2734
70,אשדוד,2018,3068
70,אשדוד,2019,3229
70,אשדוד,2020,3288
70,אשדוד,2021,4525
70,אשדוד,2022,3596
70,אשדוד,2023,2555
70,אשדוד,2024,3747
70,אשדוד,2025,3165
70,אשדוד,2026,1316
700,חצב,1998,1
700,חצב,1999,8
700,חצב,2000,2
700,חצב,2001,4
700,חצב,2002,12
700,חצב,2003,3
700,חצב,2004,5
700,חצב,2005,6
700,חצב,2006,3
700,חצב,2007,6
700,חצב,2008,6
700,חצב,2009,9
700,חצב,2010,7
700,חצב,2011,1
700,חצב,2012,9
700,חצב,2013,8
700,חצב,2014,3
700,חצב,2015,8
700,חצב,2016,4
700,חצב,2017,4
700,חצב,2018,5
700,חצב,2019,4
700,חצב,2020,7
700,חצב,2021,3
700,חצב,2022,4
700,חצב,2023,4
700,חצב,2024,4
700,חצב,2025,10
700,חצב,2026,1
7000,לוד,1998,548
7000,לוד,1999,636
7000,לוד,2000,929
7000,לוד,2001,829
7000,לוד,2002,555
7000,לוד,2003,541
7000,לוד,2004,566
7000,לוד,2005,637
7000,לוד,2006,725
7000,לוד,2007,824
7000,לוד,2008,1091
7000,לוד,2009,1284
7000,לוד,2010,1111
7000,לוד,2011,909
7000,לוד,2012,995
7000,לוד,2013,982
7000,לוד,2014,946
7000,לוד,2015,1021
7000,לוד,2016,1004
7000,לוד,2017,851
7000,לוד,2018,917
7000,לוד,2019,901
7000,לוד,2020,814
7000,לוד,2021,1159
7000,לוד,2022,1713
7000,לוד,2023,1059
7000,לוד,2024,2731
7000,לוד,2025,2687
7000,לוד,2026,501
701,ארבל,1998,3
701,ארבל,1999,1
701,ארבל,2001,36
701,ארבל,2002,44
701,ארבל,2003,16
701,ארבל,2004,11
701,ארבל,2005,19
701,ארבל,2006,15
701,ארבל,2007,23
701,ארבל,2008,27
701,ארבל,2009,14
701,ארבל,2010,8
701,ארבל,2011,7
701,ארבל,2012,8
701,ארבל,2013,6
701,ארבל,2014,3
701,ארבל,2015,2
701,ארבל,2016,4
701,ארבל,2017,1
701,ארבל,2018,5
701,ארבל,2019,1
701,ארבל,2020,2
701,ארבל,2021,2
701,ארבל,2022,7
701,ארבל,2023,4
701,ארבל,2024,2
701,ארבל,2025,2
701,ארבל,2026,1
702,האון,1998,1
702,האון,1999,1
702,האון,2007,2
702,האון,2012,1
702,האון,2013,1
702,האון,2021,6
702,האון,2024,13
702,האון,2025,47
702,האון,2026,19
703,גבעת עוז,2012,2
703,גבעת עוז,2023,104
703,גבעת עוז,2024,4
703,גבעת עוז,2025,2
703,גבעת עוז,2026,4
705,נחשונים,2003,1
705,נחשונים,2005,1
705,נחשונים,2013,1
705,נחשונים,2019,1
705,נחשונים,2020,7
705,נחשונים,2022,2
705,נחשונים,2023,75
705,נחשונים,2024,32
705,נחשונים,2025,2
706,גיאה,1999,8
706,גיאה,2000,24
706,גיאה,2001,4
706,גיאה,2002,14
706,גיאה,2004,2
706,גיאה,2005,2
706,גיאה,2007,5
706,גיאה,2008,3
706,גיאה,2010,3
706,גיאה,2011,4
706,גיאה,2012,2
706,גיאה,2013,3
706,גיאה,2014,3
706,גיאה,2015,2
706,גיאה,2016,5
706,גיאה,2017,15
706,גיאה,2018,3
706,גיאה,2019,13
706,גיאה,2020,2
706,גיאה,2021,12
706,גיאה,2022,55
706,גיאה,2023,4
706,גיאה,2024,2
706,גיאה,2025,7
706,גיאה,2026,1
707,כפר דניאל,1998,1
707,כפר דניאל,1999,1
707,כפר דניאל,2000,1
707,כפר דניאל,2002,2
707,כפר דניאל,2003,5
707,כפר דניאל,2004,45
707,כפר דניאל,2005,80
707,כפר דניאל,2006,33
707,כפר דניאל,2007,30
707,כפר דניאל,2008,29
707,כפר דניאל,2009,10
707,כפר דניאל,2010,2
707,כפר דניאל,2011,1
707,כפר דניאל,2012,11
707,כפר דניאל,2013,2
707,כפר דניאל,2015,2
707,כפר דניאל,2016,1
707,כפר דניאל,2018,4
707,כפר דניאל,2019,2
707,כפר דניאל,2020,4
707,כפר דניאל,2021,14
707,כפר דניאל,2022,21
707,כפר דניאל,2023,3
707,כפר דניאל,2024,5
707,כפר דניאל,2025,1
708,עמקה,2003,3
708,עמקה,2010,2
708,עמקה,2011,16
708,עמקה,2012,12
708,עמקה,2013,3
708,עמקה,2014,1
708,עמקה,2015,2
708,עמקה,2016,4
708,עמקה,2017,2
708,עמקה,2018,2
708,עמקה,2019,6
708,עמקה,2020,3
708,עמקה,2021,7
708,עמקה,2022,2
708,עמקה,2023,3
708,עמקה,2024,6
708,עמקה,2025,1
708,עמקה,2026,2
709,תפרח,2009,1
709,תפרח,2018,3
709,תפרח,2019,1
709,תפרח,2020,1
709,תפרח,2023,1
71,אשבול,1999,1
71,אשבול,2006,9
71,אשבול,2007,43
71,אשבול,2008,7
71,אשבול,2009,9
71,אשבול,2010,21
71,אשבול,2011,9
71,אשבול,2012,3
71,אשבול,2013,14
71,אשבול,2014,7
71,אשבול,2015,20
71,אשבול,2016,4
71,אשבול,2017,3
71,אשבול,2018,6
71,אשבול,2019,11
71,אשבול,2020,5
71,אשבול,2021,10
71,אשבול,2022,11
71,אשבול,2023,1
71,אשבול,2024,1
71,אשבול,2025,4
71,אשבול,2026,5
710,בית זית,1999,15
710,בית זית,2000,4
710,בית זית,2001,5
710,בית זית,2002,7
710,בית זית,2003,4
710,בית זית,2004,5
710,בית זית,2005,7
710,בית זית,2006,1
710,בית זית,2007,8
710,בית זית,2008,3
710,בית זית,2009,5
710,בית זית,2010,6
710,בית זית,2011,7
710,בית זית,2012,2
710,בית זית,2013,6
710,בית זית,2014,1
710,בית זית,2015,10
710,בית זית,2016,4
710,בית זית,2017,3
710,בית זית,2018,5
710,בית זית,2019,6
710,בית זית,2020,6
710,בית זית,2021,13
710,בית זית,2022,7
710,בית זית,2023,6
710,בית זית,2024,3
710,בית זית,2025,3
710,בית זית,2026,2
7100,אשקלון,1998,1743
7100,אשקלון,1999,2126
7100,אשקלון,2000,2078
7100,אשקלון,2001,1871
7100,אשקלון,2002,1847
7100,אשקלון,2003,1604
7100,אשקלון,2004,1597
7100,אשקלון,2005,1636
7100,אשקלון,2006,1918
7100,אשקלון,2007,2574
7100,אשקלון,2008,2601
7100,אשקלון,2009,3296
7100,אשקלון,2010,3875
7100,אשקלון,2011,2746
7100,אשקלון,2012,3259
7100,אשקלון,2013,3526
7100,אשקלון,2014,3424
7100,אשקלון,2015,3957
7100,אשקלון,2016,3550
7100,אשקלון,2017,3011
7100,אשקלון,2018,2630
7100,אשקלון,2019,3129
7100,אשקלון,2020,4861
7100,אשקלון,2021,7152
7100,אשקלון,2022,4388
7100,אשקלון,2023,2924
7100,אשקלון,2024,3614
7100,אשקלון,2025,2896
7100,אשקלון,2026,1690
711,עזריה,1999,2
711,עזריה,2001,5
711,עזריה,2003,1
711,עזריה,2004,18
711,עזריה,2005,10
711,עזריה,2006,10
711,עזריה,2007,2
711,עזריה,2008,5
711,עזריה,2009,4
711,עזריה,2010,3
711,עזריה,2011,2
711,עזריה,2012,1
711,עזריה,2013,1
711,עזריה,2015,2
711,עזריה,2016,1
711,עזריה,2017,2
711,עזריה,2018,5
711,עזריה,2019,3
711,עזריה,2021,5
711,עזריה,2022,4
711,עזריה,2023,1
711,עזריה,2024,1
711,עזריה,2025,5
712,בן עמי,2000,1
712,בן עמי,2001,5
712,בן עמי,2002,7
712,בן עמי,2003,8
712,בן עמי,2004,7
712,בן עמי,2005,5
712,בן עמי,2006,1
712,בן עמי,2007,6
712,בן עמי,2008,3
712,בן עמי,2009,1
712,בן עמי,2010,1
712,בן עמי,2011,7
712,בן עמי,2012,7
712,בן עמי,2013,1
712,בן עמי,2014,1
712,בן עמי,2015,2
712,בן עמי,2017,1
712,בן עמי,2018,8
712,בן עמי,2019,4
712,בן עמי,2020,3
712,בן עמי,2021,4
712,בן עמי,2022,5
712,בן עמי,2023,5
712,בן עמי,2025,2
712,בן עמי,2026,1
713,רעים,2010,1
713,רעים,2021,91
713,רעים,2022,8
713,רעים,2023,2
713,רעים,2025,3
714,ארז,2002,2
714,ארז,2008,1
714,ארז,2013,2
714,ארז,2015,11
714,ארז,2016,2
714,ארז,2017,7
714,ארז,2018,2
714,ארז,2019,49
714,ארז,2020,7
714,ארז,2021,3
714,ארז,2022,16
714,ארז,2023,1
714,ארז,2025,2
715,להבות חביבה,2006,4
715,להבות חביבה,2007,1
715,להבות חביבה,2008,3
715,להבות חביבה,2011,10
715,להבות חביבה,2012,11
715,להבות חביבה,2015,1
715,להבות חביבה,2016,40
715,להבות חביבה,2017,16
715,להבות חביבה,2018,7
715,להבות חביבה,2019,3
715,להבות חביבה,2020,2
715,להבות חביבה,2021,7
715,להבות חביבה,2022,8
715,להבות חביבה,2023,44
715,להבות חביבה,2024,2
715,להבות חביבה,2025,6
716,אייל,2001,1
716,אייל,2005,1
716,אייל,2008,2
716,אייל,2010,1
716,אייל,2012,28
716,אייל,2013,34
716,אייל,2014,3
716,אייל,2018,1
717,חגור,1998,1
717,חגור,1999,2
717,חגור,2000,2
717,חגור,2001,3
717,חגור,2002,2
717,חגור,2003,5
717,חגור,2004,3
717,חגור,2005,10
717,חגור,2006,5
717,חגור,2007,6
717,חגור,2008,2
717,חגור,2009,4
717,חגור,2010,4
717,חגור,2011,4
717,חגור,2012,1
717,חגור,2013,5
717,חגור,2014,1
717,חגור,2015,4
717,חגור,2016,7
717,חגור,2017,6
717,חגור,2018,3
717,חגור,2019,5
717,חגור,2020,5
717,חגור,2021,7
717,חגור,2022,2
717,חגור,2023,4
717,חגור,2024,16
717,חגור,2025,2
718,ירחיב,1998,48
718,ירחיב,1999,42
718,ירחיב,2000,4
718,ירחיב,2001,1
718,ירחיב,2002,1
718,ירחיב,2003,5
718,ירחיב,2004,13
718,ירחיב,2005,11
718,ירחיב,2006,49
718,ירחיב,2007,23
718,ירחיב,2008,27
718,ירחיב,2009,22
718,ירחיב,2010,7
718,ירחיב,2011,2
718,ירחיב,2012,6
718,ירחיב,2013,2
718,ירחיב,2014,4
718,ירחיב,2015,12
718,ירחיב,2016,9
718,ירחיב,2017,3
718,ירחיב,2018,18
718,ירחיב,2019,6
718,ירחיב,2020,6
718,ירחיב,2021,7
718,ירחיב,2022,6
718,ירחיב,2023,1
718,ירחיב,2024,3
718,ירחיב,2025,3
718,ירחיב,2026,3
719,תל קציר,1999,1
719,תל קציר,2000,1
719,תל קציר,2002,1
719,תל קציר,2005,2
719,תל קציר,2006,13
719,תל קציר,2007,3
719,תל קציר,2008,6
719,תל קציר,2009,3
719,תל קציר,2010,2
719,תל קציר,2014,1
719,תל קציר,2015,1
719,תל קציר,2016,7
719,תל קציר,2017,57
719,תל קציר,2018,19
719,תל קציר,2019,9
719,תל קציר,2020,9
719,תל קציר,2021,10
719,תל קציר,2022,22
719,תל קציר,2023,10
719,תל קציר,2024,15
719,תל קציר,2025,6
719,תל קציר,2026,7
72,גן שמואל,1998,1
72,גן שמואל,1999,1
72,גן שמואל,2001,1
72,גן שמואל,2005,1
72,גן שמואל,2006,1
72,גן שמואל,2007,1
72,גן שמואל,2008,1
72,גן שמואל,2011,2
72,גן שמואל,2012,1
72,גן שמואל,2013,2
72,גן שמואל,2014,1
72,גן שמואל,2015,1
72,גן שמואל,2017,2
72,גן שמואל,2018,1
72,גן שמואל,2020,1
72,גן שמואל,2021,5
72,גן שמואל,2023,1
72,גן שמואל,2024,1
720,ניר גלים,1998,10
720,ניר גלים,1999,16
720,ניר גלים,2000,11
720,ניר גלים,2001,94
720,ניר גלים,2002,17
720,ניר גלים,2003,9
720,ניר גלים,2004,17
720,ניר גלים,2005,4
720,ניר גלים,2006,25
720,ניר גלים,2007,13
720,ניר גלים,2008,28
720,ניר גלים,2009,6
720,ניר גלים,2010,11
720,ניר גלים,2011,22
720,ניר גלים,2012,11
720,ניר גלים,2013,6
720,ניר גלים,2014,43
720,ניר גלים,2015,14
720,ניר גלים,2016,94
720,ניר גלים,2017,26
720,ניר גלים,2018,59
720,ניר גלים,2019,87
720,ניר גלים,2020,24
720,ניר גלים,2021,12
720,ניר גלים,2022,9
720,ניר גלים,2023,9
720,ניר גלים,2024,9
720,ניר גלים,2025,14
720,ניר גלים,2026,6
7200,נס ציונה,1998,482
7200,נס ציונה,1999,620
7200,נס ציונה,2000,588
7200,נס ציונה,2001,540
7200,נס ציונה,2002,711
7200,נס ציונה,2003,630
7200,נס ציונה,2004,753
7200,נס ציונה,2005,708
7200,נס ציונה,2006,734
7200,נס ציונה,2007,774
7200,נס ציונה,2008,853
7200,נס ציונה,2009,910
7200,נס ציונה,2010,956
7200,נס ציונה,2011,614
7200,נס ציונה,2012,714
7200,נס ציונה,2013,776
7200,נס ציונה,2014,734
7200,נס ציונה,2015,881
7200,נס ציונה,2016,736
7200,נס ציונה,2017,596
7200,נס ציונה,2018,655
7200,נס ציונה,2019,712
7200,נס ציונה,2020,663
7200,נס ציונה,2021,903
7200,נס ציונה,2022,887
7200,נס ציונה,2023,514
7200,נס ציונה,2024,1031
7200,נס ציונה,2025,762
7200,נס ציונה,2026,198
721,שדה אילן,2001,6
721,שדה אילן,2002,4
721,שדה אילן,2003,2
721,שדה אילן,2005,3
721,שדה אילן,2006,1
721,שדה אילן,2007,5
721,שדה אילן,2008,2
721,שדה אילן,2009,3
721,שדה אילן,2010,13
721,שדה אילן,2011,7
721,שדה אילן,2012,5
721,שדה אילן,2014,1
721,שדה אילן,2015,2
721,שדה אילן,2016,1
721,שדה אילן,2017,7
721,שדה אילן,2018,4
721,שדה אילן,2019,5
721,שדה אילן,2020,19
721,שדה אילן,2021,12
721,שדה אילן,2022,3
721,שדה אילן,2023,7
721,שדה אילן,2024,8
721,שדה אילן,2025,3
721,שדה אילן,2026,1
722,מגשימים,1999,1
722,מגשימים,2002,4
722,מגשימים,2003,2
722,מגשימים,2005,6
722,מגשימים,2006,3
722,מגשימים,2007,9
722,מגשימים,2008,4
722,מגשימים,2009,8
722,מגשימים,2010,9
722,מגשימים,2011,6
722,מגשימים,2012,3
722,מגשימים,2013,2
722,מגשימים,2014,7
722,מגשימים,2015,3
722,מגשימים,2016,6
722,מגשימים,2017,7
722,מגשימים,2018,2
722,מגשימים,2019,3
722,מגשימים,2020,3
722,מגשימים,2021,15
722,מגשימים,2022,14
722,מגשימים,2023,2
722,מגשימים,2024,2
722,מגשימים,2025,11
722,מגשימים,2026,1
723,בית הגדי,1998,5
723,בית הגדי,1999,2
723,בית הגדי,2000,5
723,בית הגדי,2001,30
723,בית הגדי,2002,13
723,בית הגדי,2003,4
723,בית הגדי,2004,3
723,בית הגדי,2005,2
723,בית הגדי,2006,4
723,בית הגדי,2007,1
723,בית הגדי,2008,2
723,בית הגדי,2009,4
723,בית הגדי,2010,1
723,בית הגדי,2011,4
723,בית הגדי,2012,13
723,בית הגדי,2013,4
723,בית הגדי,2014,8
723,בית הגדי,2015,14
723,בית הגדי,2016,4
723,בית הגדי,2017,10
723,בית הגדי,2018,5
723,בית הגדי,2019,2
723,בית הגדי,2020,25
723,בית הגדי,2021,56
723,בית הגדי,2022,14
723,בית הגדי,2023,9
723,בית הגדי,2024,6
723,בית הגדי,2025,11
723,בית הגדי,2026,2
726,הודיה,2001,3
726,הודיה,2003,8
726,הודיה,2004,6
726,הודיה,2005,3
726,הודיה,2006,36
726,הודיה,2008,9
726,הודיה,2009,7
726,הודיה,2010,14
726,הודיה,2012,35
726,הודיה,2013,30
726,הודיה,2014,4
726,הודיה,2015,16
726,הודיה,2016,7
726,הודיה,2017,12
726,הודיה,2018,4
726,הודיה,2019,7
726,הודיה,2020,17
726,הודיה,2021,11
726,הודיה,2022,10
726,הודיה,2023,4
726,הודיה,2024,6
726,הודיה,2025,3
726,הודיה,2026,1
727,תלמי יחיאל,1998,6
727,תלמי יחיאל,1999,3
727,תלמי יחיאל,2000,5
727,תלמי יחיאל,2001,10
727,תלמי יחיאל,2002,9
727,תלמי יחיאל,2003,8
727,תלמי יחיאל,2004,4
727,תלמי יחיאל,2005,2
727,תלמי יחיאל,2006,2
727,תלמי יחיאל,2007,17
727,תלמי יחיאל,2008,8
727,תלמי יחיאל,2009,13
727,תלמי יחיאל,2010,8
727,תלמי יחיאל,2011,3
727,תלמי יחיאל,2012,7
727,תלמי יחיאל,2013,6
727,תלמי יחיאל,2014,1
727,תלמי יחיאל,2015,5
727,תלמי יחיאל,2016,12
727,תלמי יחיאל,2017,16
727,תלמי יחיאל,2019,4
727,תלמי יחיאל,2020,3
727,תלמי יחיאל,2021,11
727,תלמי יחיאל,2022,8
727,תלמי יחיאל,2023,4
727,תלמי יחיאל,2024,6
727,תלמי יחיאל,2025,4
727,תלמי יחיאל,2026,1
729,משמר השבעה,1999,1
729,משמר השבעה,2005,2
729,משמר השבעה,2006,1
729,משמר השבעה,2007,1
729,משמר השבעה,2008,13
729,משמר השבעה,2009,22
729,משמר השבעה,2010,3
729,משמר השבעה,2011,2
729,משמר השבעה,2012,13
729,משמר השבעה,2013,5
729,משמר השבעה,2014,14
729,משמר השבעה,2015,4
729,משמר השבעה,2016,13
729,משמר השבעה,2017,6
729,משמר השבעה,2018,4
729,משמר השבעה,2019,2
729,משמר השבעה,2020,2
729,משמר השבעה,2021,16
729,משמר השבעה,2022,22
729,משמר השבעה,2023,10
729,משמר השבעה,2024,22
729,משמר השבעה,2025,7
729,משמר השבעה,2026,5
730,אליפלט,1998,2
730,אליפלט,1999,1
730,אליפלט,2003,4
730,אליפלט,2008,1
730,אליפלט,2010,2
730,אליפלט,2011,1
730,אליפלט,2012,1
730,אליפלט,2013,8
730,אליפלט,2014,3
730,אליפלט,2016,46
730,אליפלט,2017,11
730,אליפלט,2018,13
730,אליפלט,2019,10
730,אליפלט,2020,18
730,אליפלט,2021,12
730,אליפלט,2022,11
730,אליפלט,2023,7
730,אליפלט,2025,6
7300,נצרת,1998,248
7300,נצרת,1999,260
7300,נצרת,2000,204
7300,נצרת,2001,315
7300,נצרת,2002,195
7300,נצרת,2003,233
7300,נצרת,2004,167
7300,נצרת,2005,213
7300,נצרת,2006,255
7300,נצרת,2007,255
7300,נצרת,2008,269
7300,נצרת,2009,252
7300,נצרת,2010,310
7300,נצרת,2011,282
7300,נצרת,2012,288
7300,נצרת,2013,295
7300,נצרת,2014,347
7300,נצרת,2015,334
7300,נצרת,2016,351
7300,נצרת,2017,352
7300,נצרת,2018,410
7300,נצרת,2019,329
7300,נצרת,2020,386
7300,נצרת,2021,547
7300,נצרת,2022,574
7300,נצרת,2023,379
7300,נצרת,2024,457
7300,נצרת,2025,415
7300,נצרת,2026,139
731,מישר,1998,1
731,מישר,1999,1
731,מישר,2001,8
731,מישר,2002,3
731,מישר,2003,2
731,מישר,2004,3
731,מישר,2005,1
731,מישר,2006,4
731,מישר,2007,5
731,מישר,2008,11
731,מישר,2009,4
731,מישר,2010,3
731,מישר,2011,4
731,מישר,2013,1
731,מישר,2014,3
731,מישר,2015,9
731,מישר,2016,1
731,מישר,2017,1
731,מישר,2018,5
731,מישר,2019,1
731,מישר,2020,5
731,מישר,2021,6
731,מישר,2022,4
731,מישר,2023,1
731,מישר,2024,1
731,מישר,2025,2
731,מישר,2026,1
732,משמר הירדן,1998,1
732,משמר הירדן,2000,3
732,משמר הירדן,2001,4
732,משמר הירדן,2002,2
732,משמר הירדן,2003,1
732,משמר הירדן,2005,2
732,משמר הירדן,2006,6
732,משמר הירדן,2007,12
732,משמר הירדן,2008,2
732,משמר הירדן,2009,6
732,משמר הירדן,2010,8
732,משמר הירדן,2011,18
732,משמר הירדן,2012,25
732,משמר הירדן,2013,35
732,משמר הירדן,2014,14
732,משמר הירדן,2015,4
732,משמר הירדן,2016,6
732,משמר הירדן,2017,10
732,משמר הירדן,2018,11
732,משמר הירדן,2019,6
732,משמר הירדן,2020,6
732,משמר הירדן,2021,11
732,משמר הירדן,2022,5
732,משמר הירדן,2023,7
732,משמר הירדן,2024,6
732,משמר הירדן,2025,3
732,משמר הירדן,2026,1
734,גן יאשיה,1998,5
734,גן יאשיה,2000,1
734,גן יאשיה,2001,18
734,גן יאשיה,2002,9
734,גן יאשיה,2003,6
734,גן יאשיה,2004,20
734,גן יאשיה,2005,25
734,גן יאשיה,2006,8
734,גן יאשיה,2007,10
734,גן יאשיה,2008,3
734,גן יאשיה,2009,3
734,גן יאשיה,2010,3
734,גן יאשיה,2011,5
734,גן יאשיה,2012,6
734,גן יאשיה,2013,2
734,גן יאשיה,2014,6
734,גן יאשיה,2015,5
734,גן יאשיה,2016,1
734,גן יאשיה,2017,3
734,גן יאשיה,2018,1
734,גן יאשיה,2019,2
734,גן יאשיה,2020,1
734,גן יאשיה,2021,7
734,גן יאשיה,2022,8
734,גן יאשיה,2023,4
734,גן יאשיה,2024,7
734,גן יאשיה,2025,4
735,רמות מאיר,1999,4
735,רמות מאיר,2000,2
735,רמות מאיר,2001,3
735,רמות מאיר,2002,2
735,רמות מאיר,2003,1
735,רמות מאיר,2004,2
735,רמות מאיר,2005,3
735,רמות מאיר,2006,5
735,רמות מאיר,2007,4
735,רמות מאיר,2008,7
735,רמות מאיר,2009,16
735,רמות מאיר,2010,1
735,רמות מאיר,2011,1
735,רמות מאיר,2012,5
735,רמות מאיר,2013,5
735,רמות מאיר,2014,1
735,רמות מאיר,2015,1
735,רמות מאיר,2016,1
735,רמות מאיר,2017,2
735,רמות מאיר,2018,4
735,רמות מאיר,2019,4
735,רמות מאיר,2022,34
735,רמות מאיר,2023,5
735,רמות מאיר,2024,2
735,רמות מאיר,2025,6
735,רמות מאיר,2026,1
736,גילת,1998,19
736,גילת,1999,11
736,גילת,2000,9
736,גילת,2001,7
736,גילת,2002,26
736,גילת,2003,7
736,גילת,2004,12
736,גילת,2005,8
736,גילת,2006,9
736,גילת,2007,48
736,גילת,2008,19
736,גילת,2009,17
736,גילת,2010,11
736,גילת,2011,5
736,גילת,2012,18
736,גילת,2013,6
736,גילת,2014,14
736,גילת,2015,21
736,גילת,2016,8
736,גילת,2017,11
736,גילת,2018,4
736,גילת,2019,11
736,גילת,2020,12
736,גילת,2021,10
736,גילת,2022,8
736,גילת,2023,4
736,גילת,2024,1
736,גילת,2025,5
736,גילת,2026,5
737,עולש,1999,3
737,עולש,2000,1
737,עולש,2003,1
737,עולש,2004,13
737,עולש,2005,3
737,עולש,2006,2
737,עולש,2007,13
737,עולש,2008,5
737,עולש,2009,7
737,עולש,2010,10
737,עולש,2011,2
737,עולש,2012,1
737,עולש,2013,3
737,עולש,2014,18
737,עולש,2015,5
737,עולש,2016,3
737,עולש,2017,2
737,עולש,2018,7
737,עולש,2019,10
737,עולש,2020,8
737,עולש,2021,7
737,עולש,2022,1
737,עולש,2023,3
737,עולש,2024,8
737,עולש,2025,5
738,דור,1998,1
738,דור,1999,3
738,דור,2000,2
738,דור,2001,1
738,דור,2002,2
738,דור,2003,1
738,דור,2005,3
738,דור,2008,2
738,דור,2009,3
738,דור,2011,1
738,דור,2013,1
738,דור,2014,3
738,דור,2015,5
738,דור,2016,2
738,דור,2018,14
738,דור,2019,2
738,דור,2020,4
738,דור,2021,3
738,דור,2022,3
738,דור,2023,7
738,דור,2024,5
738,דור,2025,1
738,דור,2026,5
739,שדה עוזיהו,1998,3
739,שדה עוזיהו,1999,4
739,שדה עוזיהו,2002,3
739,שדה עוזיהו,2005,7
739,שדה עוזיהו,2006,10
739,שדה עוזיהו,2007,3
739,שדה עוזיהו,2008,5
739,שדה עוזיהו,2009,6
739,שדה עוזיהו,2010,8
739,שדה עוזיהו,2011,13
739,שדה עוזיהו,2012,5
739,שדה עוזיהו,2013,5
739,שדה עוזיהו,2014,4
739,שדה עוזיהו,2015,1
739,שדה עוזיהו,2016,4
739,שדה עוזיהו,2017,1
739,שדה עוזיהו,2018,2
739,שדה עוזיהו,2019,1
739,שדה עוזיהו,2020,2
739,שדה עוזיהו,2021,3
739,שדה עוזיהו,2022,5
739,שדה עוזיהו,2024,1
739,שדה עוזיהו,2025,4
74,עין הוד,1998,3
74,עין הוד,1999,4
74,עין הוד,2000,3
74,עין הוד,2002,2
74,עין הוד,2003,1
74,עין הוד,2004,7
74,עין הוד,2005,1
74,עין הוד,2006,3
74,עין הוד,2007,1
74,עין הוד,2008,4
74,עין הוד,2009,20
74,עין הוד,2010,1
74,עין הוד,2011,2
74,עין הוד,2012,5
74,עין הוד,2013,5
74,עין הוד,2014,2
74,עין הוד,2015,4
74,עין הוד,2016,4
74,עין הוד,2017,3
74,עין הוד,2018,1
74,עין הוד,2019,10
74,עין הוד,2020,13
74,עין הוד,2021,3
74,עין הוד,2022,2
74,עין הוד,2023,11
74,עין הוד,2024,6
74,עין הוד,2025,3
74,עין הוד,2026,2
740,אשתאול,1998,16
740,אשתאול,1999,15
740,אשתאול,2000,35
740,אשתאול,2001,17
740,אשתאול,2002,27
740,אשתאול,2003,3
740,אשתאול,2004,12
740,אשתאול,2005,1
740,אשתאול,2006,9
740,אשתאול,2007,9
740,אשתאול,2008,7
740,אשתאול,2009,9
740,אשתאול,2010,7
740,אשתאול,2011,4
740,אשתאול,2012,3
740,אשתאול,2013,4
740,אשתאול,2014,3
740,אשתאול,2015,8
740,אשתאול,2016,2
740,אשתאול,2017,1
740,אשתאול,2018,5
740,אשתאול,2019,2
740,אשתאול,2020,2
740,אשתאול,2021,5
740,אשתאול,2022,3
740,אשתאול,2023,3
740,אשתאול,2024,4
740,אשתאול,2025,2
7400,נתניה,1998,2610
7400,נתניה,1999,2791
7400,נתניה,2000,2324
7400,נתניה,2001,2599
7400,נתניה,2002,2948
7400,נתניה,2003,2791
7400,נתניה,2004,2969
7400,נתניה,2005,3618
7400,נתניה,2006,3833
7400,נתניה,2007,4344
7400,נתניה,2008,4101
7400,נתניה,2009,4236
7400,נתניה,2010,4336
7400,נתניה,2011,3585
7400,נתניה,2012,3949
7400,נתניה,2013,4271
7400,נתניה,2014,4274
7400,נתניה,2015,4914
7400,נתניה,2016,4284
7400,נתניה,2017,3446
7400,נתניה,2018,3168
7400,נתניה,2019,3650
7400,נתניה,2020,4191
7400,נתניה,2021,6355
7400,נתניה,2022,5411
7400,נתניה,2023,3024
7400,נתניה,2024,4169
7400,נתניה,2025,4316
7400,נתניה,2026,1596
741,שואבה,1999,15
741,שואבה,2000,8
741,שואבה,2001,4
741,שואבה,2002,1
741,שואבה,2003,2
741,שואבה,2004,3
741,שואבה,2005,3
741,שואבה,2006,4
741,שואבה,2007,4
741,שואבה,2008,4
741,שואבה,2009,1
741,שואבה,2011,3
741,שואבה,2013,1
741,שואבה,2014,1
741,שואבה,2016,3
741,שואבה,2018,5
741,שואבה,2019,1
741,שואבה,2020,5
741,שואבה,2021,7
741,שואבה,2022,4
741,שואבה,2023,3
741,שואבה,2024,1
741,שואבה,2025,1
741,שואבה,2026,1
742,מסילת ציון,1998,8
742,מסילת ציון,1999,20
742,מסילת ציון,2000,27
742,מסילת ציון,2001,12
742,מסילת ציון,2002,8
742,מסילת ציון,2003,7
742,מסילת ציון,2004,12
742,מסילת ציון,2005,8
742,מסילת ציון,2006,12
742,מסילת ציון,2007,3
742,מסילת ציון,2008,4
742,מסילת ציון,2009,1
742,מסילת ציון,2010,2
742,מסילת ציון,2011,3
742,מסילת ציון,2012,3
742,מסילת ציון,2013,2
742,מסילת ציון,2014,1
742,מסילת ציון,2015,1
742,מסילת ציון,2016,4
742,מסילת ציון,2017,1
742,מסילת ציון,2018,2
742,מסילת ציון,2019,2
742,מסילת ציון,2020,1
742,מסילת ציון,2021,3
742,מסילת ציון,2022,3
742,מסילת ציון,2023,4
742,מסילת ציון,2024,5
742,מסילת ציון,2025,2
742,מסילת ציון,2026,1
743,כפר שמואל,1998,6
743,כפר שמואל,1999,2
743,כפר שמואל,2000,2
743,כפר שמואל,2001,1
743,כפר שמואל,2002,4
743,כפר שמואל,2003,5
743,כפר שמואל,2004,2
743,כפר שמואל,2005,3
743,כפר שמואל,2006,3
743,כפר שמואל,2007,7
743,כפר שמואל,2008,4
743,כפר שמואל,2009,6
743,כפר שמואל,2010,1
743,כפר שמואל,2011,1
743,כפר שמואל,2012,2
743,כפר שמואל,2013,1
743,כפר שמואל,2014,1
743,כפר שמואל,2015,1
743,כפר שמואל,2016,2
743,כפר שמואל,2017,4
743,כפר שמואל,2018,2
743,כפר שמואל,2019,5
743,כפר שמואל,2020,6
743,כפר שמואל,2021,3
743,כפר שמואל,2023,6
743,כפר שמואל,2024,8
743,כפר שמואל,2025,7
743,כפר שמואל,2026,2
744,תלמי יפה,2001,6
744,תלמי יפה,2002,2
744,תלמי יפה,2004,11
744,תלמי יפה,2005,33
744,תלמי יפה,2006,19
744,תלמי יפה,2007,2
744,תלמי יפה,2008,19
744,תלמי יפה,2009,79
744,תלמי יפה,2010,19
744,תלמי יפה,2011,4
744,תלמי יפה,2012,6
744,תלמי יפה,2013,1
744,תלמי יפה,2014,2
744,תלמי יפה,2015,9
744,תלמי יפה,2016,3
744,תלמי יפה,2017,4
744,תלמי יפה,2018,4
744,תלמי יפה,2019,6
744,תלמי יפה,2020,20
744,תלמי יפה,2021,30
744,תלמי יפה,2022,6
744,תלמי יפה,2023,1
744,תלמי יפה,2024,4
744,תלמי יפה,2025,5
745,גמזו,1998,2
745,גמזו,1999,1
745,גמזו,2001,2
745,גמזו,2002,8
745,גמזו,2003,2
745,גמזו,2004,5
745,גמזו,2005,3
745,גמזו,2007,3
745,גמזו,2008,4
745,גמזו,2009,6
745,גמזו,2010,4
745,גמזו,2011,3
745,גמזו,2012,2
745,גמזו,2013,6
745,גמזו,2014,3
745,גמזו,2015,7
745,גמזו,2016,3
745,גמזו,2017,1
745,גמזו,2019,3
745,גמזו,2020,1
745,גמזו,2021,4
745,גמזו,2022,7
745,גמזו,2023,2
745,גמזו,2024,6
745,גמזו,2025,3
745,גמזו,2026,1
746,ברכיה,1998,2
746,ברכיה,2004,1
746,ברכיה,2005,2
746,ברכיה,2006,3
746,ברכיה,2008,10
746,ברכיה,2009,2
746,ברכיה,2011,3
746,ברכיה,2012,3
746,ברכיה,2013,11
746,ברכיה,2014,3
746,ברכיה,2015,2
746,ברכיה,2016,1
746,ברכיה,2017,1
746,ברכיה,2019,3
746,ברכיה,2020,3
746,ברכיה,2022,1
746,ברכיה,2023,8
746,ברכיה,2024,2
746,ברכיה,2025,3
746,ברכיה,2026,2
747,בית שקמה,1998,9
747,בית שקמה,1999,13
747,בית שקמה,2000,2
747,בית שקמה,2001,9
747,בית שקמה,2003,6
747,בית שקמה,2004,3
747,בית שקמה,2005,5
747,בית שקמה,2006,4
747,בית שקמה,2007,10
747,בית שקמה,2008,6
747,בית שקמה,2009,2
747,בית שקמה,2010,15
747,בית שקמה,2011,16
747,בית שקמה,2012,20
747,בית שקמה,2013,24
747,בית שקמה,2014,1
747,בית שקמה,2015,6
747,בית שקמה,2016,6
747,בית שקמה,2017,1
747,בית שקמה,2018,7
747,בית שקמה,2019,10
747,בית שקמה,2020,8
747,בית שקמה,2021,14
747,בית שקמה,2022,9
747,בית שקמה,2023,4
747,בית שקמה,2024,1
747,בית שקמה,2025,3
747,בית שקמה,2026,1
748,מסלול,1998,8
748,מסלול,1999,9
748,מסלול,2000,3
748,מסלול,2001,6
748,מסלול,2002,5
748,מסלול,2003,5
748,מסלול,2004,13
748,מסלול,2005,15
748,מסלול,2006,13
748,מסלול,2007,19
748,מסלול,2008,4
748,מסלול,2009,3
748,מסלול,2010,12
748,מסלול,2011,7
748,מסלול,2012,1
748,מסלול,2013,10
748,מסלול,2014,2
748,מסלול,2015,7
748,מסלול,2016,4
748,מסלול,2017,8
748,מסלול,2019,45
748,מסלול,2020,14
748,מסלול,2021,10
748,מסלול,2022,7
748,מסלול,2023,2
748,מסלול,2024,1
748,מסלול,2025,4
748,מסלול,2026,2
749,פטיש,1998,1
749,פטיש,2000,4
749,פטיש,2001,22
749,פטיש,2002,16
749,פטיש,2004,6
749,פטיש,2005,4
749,פטיש,2006,7
749,פטיש,2007,31
749,פטיש,2008,23
749,פטיש,2009,15
749,פטיש,2010,5
749,פטיש,2011,7
749,פטיש,2012,2
749,פטיש,2013,3
749,פטיש,2014,4
749,פטיש,2015,1
749,פטיש,2016,7
749,פטיש,2017,7
749,פטיש,2018,4
749,פטיש,2019,11
749,פטיש,2020,4
749,פטיש,2021,4
749,פטיש,2022,2
749,פטיש,2023,5
749,פטיש,2024,3
749,פטיש,2025,1
750,פדויים,2001,10
750,פדויים,2002,13
750,פדויים,2003,2
750,פדויים,2005,2
750,פדויים,2006,4
750,פדויים,2007,5
750,פדויים,2008,1
750,פדויים,2009,3
750,פדויים,2010,10
750,פדויים,2011,1
750,פדויים,2012,2
750,פדויים,2013,4
750,פדויים,2014,8
750,פדויים,2015,8
750,פדויים,2016,2
750,פדויים,2017,1
750,פדויים,2019,14
750,פדויים,2020,1
750,פדויים,2021,7
750,פדויים,2022,4
750,פדויים,2023,10
750,פדויים,2024,3
750,פדויים,2025,6
750,פדויים,2026,1
7500,סח'נין,1998,103
7500,סח'נין,1999,122
7500,סח'נין,2000,90
7500,סח'נין,2001,88
7500,סח'נין,2002,104
7500,סח'נין,2003,73
7500,סח'נין,2004,131
7500,סח'נין,2005,163
7500,סח'נין,2006,155
7500,סח'נין,2007,175
7500,סח'נין,2008,158
7500,סח'נין,2009,203
7500,סח'נין,2010,188
7500,סח'נין,2011,190
7500,סח'נין,2012,238
7500,סח'נין,2013,201
7500,סח'נין,2014,316
7500,סח'נין,2015,327
7500,סח'נין,2016,263
7500,סח'נין,2017,264
7500,סח'נין,2018,417
7500,סח'נין,2019,296
7500,סח'נין,2020,350
7500,סח'נין,2021,360
7500,סח'נין,2022,327
7500,סח'נין,2023,457
7500,סח'נין,2024,338
7500,סח'נין,2025,362
7500,סח'נין,2026,73
751,בית מאיר,1998,1
751,בית מאיר,1999,6
751,בית מאיר,2008,6
751,בית מאיר,2013,2
751,בית מאיר,2015,10
751,בית מאיר,2016,1
751,בית מאיר,2017,3
751,בית מאיר,2018,5
751,בית מאיר,2019,3
751,בית מאיר,2020,10
751,בית מאיר,2021,10
751,בית מאיר,2022,40
751,בית מאיר,2023,11
751,בית מאיר,2024,11
751,בית מאיר,2025,10
751,בית מאיר,2026,3
752,תעוז,2000,2
752,תעוז,2004,2
752,תעוז,2005,5
752,תעוז,2009,2
752,תעוז,2022,1
752,תעוז,2025,2
753,ינוב,1998,2
753,ינוב,1999,3
753,ינוב,2000,4
753,ינוב,2001,3
753,ינוב,2002,9
753,ינוב,2003,1
753,ינוב,2005,1
753,ינוב,2006,3
753,ינוב,2008,1
753,ינוב,2009,2
753,ינוב,2013,5
753,ינוב,2014,52
753,ינוב,2015,16
753,ינוב,2016,51
753,ינוב,2017,307
753,ינוב,2018,370
753,ינוב,2019,245
753,ינוב,2020,234
753,ינוב,2021,138
753,ינוב,2022,23
753,ינוב,2023,15
753,ינוב,2024,23
753,ינוב,2025,9
753,ינוב,2026,6
755,גורן,2005,3
755,גורן,2006,2
755,גורן,2007,1
755,גורן,2009,2
755,גורן,2010,3
755,גורן,2013,1
755,גורן,2014,3
755,גורן,2015,1
755,גורן,2017,1
755,גורן,2019,1
755,גורן,2020,2
755,גורן,2021,2
755,גורן,2022,1
755,גורן,2023,4
756,בית עזרא,1998,4
756,בית עזרא,1999,1
756,בית עזרא,2000,3
756,בית עזרא,2001,2
756,בית עזרא,2002,2
756,בית עזרא,2003,3
756,בית עזרא,2004,10
756,בית עזרא,2005,4
756,בית עזרא,2006,6
756,בית עזרא,2007,2
756,בית עזרא,2008,7
756,בית עזרא,2009,10
756,בית עזרא,2010,8
756,בית עזרא,2011,1
756,בית עזרא,2012,2
756,בית עזרא,2013,2
756,בית עזרא,2014,3
756,בית עזרא,2015,3
756,בית עזרא,2016,9
756,בית עזרא,2017,3
756,בית עזרא,2018,1
756,בית עזרא,2019,4
756,בית עזרא,2020,6
756,בית עזרא,2021,4
756,בית עזרא,2022,7
756,בית עזרא,2023,6
756,בית עזרא,2024,3
757,מצליח,1998,1
757,מצליח,1999,1
757,מצליח,2000,4
757,מצליח,2001,6
757,מצליח,2002,41
757,מצליח,2003,8
757,מצליח,2004,15
757,מצליח,2005,43
757,מצליח,2006,57
757,מצליח,2007,48
757,מצליח,2008,44
757,מצליח,2009,109
757,מצליח,2010,185
757,מצליח,2011,104
757,מצליח,2012,296
757,מצליח,2013,276
757,מצליח,2014,121
757,מצליח,2015,198
757,מצליח,2016,48
757,מצליח,2017,50
757,מצליח,2018,13
757,מצליח,2019,18
757,מצליח,2020,32
757,מצליח,2021,32
757,מצליח,2022,27
757,מצליח,2023,8
757,מצליח,2024,36
757,מצליח,2025,6
757,מצליח,2026,2
758,יד חנה,1998,127
758,יד חנה,1999,103
758,יד חנה,2000,51
758,יד חנה,2001,17
758,יד חנה,2002,43
758,יד חנה,2003,21
758,יד חנה,2004,12
758,יד חנה,2005,4
758,יד חנה,2006,2
758,יד חנה,2007,71
758,יד חנה,2008,60
758,יד חנה,2009,22
758,יד חנה,2010,44
758,יד חנה,2011,22
758,יד חנה,2012,21
758,יד חנה,2013,12
758,יד חנה,2014,12
758,יד חנה,2015,8
758,יד חנה,2016,11
758,יד חנה,2017,14
758,יד חנה,2018,11
758,יד חנה,2019,7
758,יד חנה,2020,9
758,יד חנה,2021,17
758,יד חנה,2022,5
758,יד חנה,2023,2
758,יד חנה,2024,3
758,יד חנה,2025,9
758,יד חנה,2026,3
759,יציץ,1998,1
759,יציץ,1999,1
759,יציץ,2000,2
759,יציץ,2001,1
759,יציץ,2003,1
759,יציץ,2005,1
759,יציץ,2006,8
759,יציץ,2007,2
759,יציץ,2008,5
759,יציץ,2009,10
759,יציץ,2010,2
759,יציץ,2011,9
759,יציץ,2012,1
759,יציץ,2013,2
759,יציץ,2015,1
759,יציץ,2016,6
759,יציץ,2017,3
759,יציץ,2018,1
759,יציץ,2019,3
759,יציץ,2020,5
759,יציץ,2021,7
759,יציץ,2022,12
759,יציץ,2023,10
759,יציץ,2024,6
759,יציץ,2025,1
76,כפר גלעדי,1999,1
76,כפר גלעדי,2001,1
76,כפר גלעדי,2002,6
76,כפר גלעדי,2003,5
76,כפר גלעדי,2006,1
76,כפר גלעדי,2014,16
76,כפר גלעדי,2015,59
76,כפר גלעדי,2016,28
76,כפר גלעדי,2017,15
76,כפר גלעדי,2018,8
76,כפר גלעדי,2019,22
76,כפר גלעדי,2020,2
76,כפר גלעדי,2021,5
76,כפר גלעדי,2022,3
76,כפר גלעדי,2023,4
76,כפר גלעדי,2026,1
760,בן זכאי,1998,3
760,בן זכאי,1999,1
760,בן זכאי,2002,3
760,בן זכאי,2005,5
760,בן זכאי,2006,2
760,בן זכאי,2007,3
760,בן זכאי,2008,5
760,בן זכאי,2010,2
760,בן זכאי,2011,1
760,בן זכאי,2012,1
760,בן זכאי,2013,2
760,בן זכאי,2014,1
760,בן זכאי,2015,2
760,בן זכאי,2016,3
760,בן זכאי,2017,19
760,בן זכאי,2018,75
760,בן זכאי,2019,296
760,בן זכאי,2020,186
760,בן זכאי,2021,174
760,בן זכאי,2022,60
760,בן זכאי,2023,7
760,בן זכאי,2024,57
760,בן זכאי,2025,27
760,בן זכאי,2026,16
7600,עכו,1998,617
7600,עכו,1999,762
7600,עכו,2000,707
7600,עכו,2001,664
7600,עכו,2002,516
7600,עכו,2003,603
7600,עכו,2004,507
7600,עכו,2005,517
7600,עכו,2006,453
7600,עכו,2007,531
7600,עכו,2008,629
7600,עכו,2009,648
7600,עכו,2010,715
7600,עכו,2011,661
7600,עכו,2012,795
7600,עכו,2013,747
7600,עכו,2014,755
7600,עכו,2015,874
7600,עכו,2016,853
7600,עכו,2017,798
7600,עכו,2018,787
7600,עכו,2019,1133
7600,עכו,2020,1287
7600,עכו,2021,1159
7600,עכו,2022,1022
7600,עכו,2023,879
7600,עכו,2024,1736
7600,עכו,2025,964
7600,עכו,2026,524
761,שובה,2011,1
761,שובה,2017,1
761,שובה,2019,1
761,שובה,2020,14
761,שובה,2021,15
761,שובה,2022,8
761,שובה,2023,4
761,שובה,2024,1
761,שובה,2025,7
761,שובה,2026,3
762,בטחה,1998,2
762,בטחה,1999,10
762,בטחה,2000,5
762,בטחה,2001,2
762,בטחה,2002,8
762,בטחה,2004,1
762,בטחה,2006,1
762,בטחה,2007,4
762,בטחה,2008,4
762,בטחה,2009,7
762,בטחה,2010,4
762,בטחה,2011,4
762,בטחה,2012,2
762,בטחה,2013,5
762,בטחה,2014,2
762,בטחה,2015,2
762,בטחה,2016,2
762,בטחה,2017,2
762,בטחה,2018,2
762,בטחה,2019,1
762,בטחה,2021,5
762,בטחה,2025,1
762,בטחה,2026,1
763,שתולים,1998,41
763,שתולים,1999,7
763,שתולים,2000,7
763,שתולים,2001,10
763,שתולים,2002,23
763,שתולים,2003,7
763,שתולים,2004,6
763,שתולים,2005,11
763,שתולים,2006,14
763,שתולים,2007,13
763,שתולים,2008,11
763,שתולים,2009,12
763,שתולים,2010,9
763,שתולים,2011,10
763,שתולים,2012,8
763,שתולים,2013,11
763,שתולים,2014,2
763,שתולים,2015,6
763,שתולים,2016,13
763,שתולים,2017,3
763,שתולים,2018,8
763,שתולים,2019,3
763,שתולים,2020,7
763,שתולים,2021,9
763,שתולים,2022,36
763,שתולים,2023,13
763,שתולים,2024,5
763,שתולים,2025,6
763,שתולים,2026,1
764,כפר מרדכי,1998,1
764,כפר מרדכי,2001,4
764,כפר מרדכי,2002,1
764,כפר מרדכי,2006,28
764,כפר מרדכי,2007,2
764,כפר מרדכי,2008,3
764,כפר מרדכי,2009,1
764,כפר מרדכי,2010,2
764,כפר מרדכי,2011,4
764,כפר מרדכי,2012,2
764,כפר מרדכי,2013,1
764,כפר מרדכי,2014,8
764,כפר מרדכי,2015,6
764,כפר מרדכי,2016,3
764,כפר מרדכי,2017,4
764,כפר מרדכי,2018,2
764,כפר מרדכי,2019,3
764,כפר מרדכי,2020,2
764,כפר מרדכי,2021,3
764,כפר מרדכי,2022,6
764,כפר מרדכי,2023,2
764,כפר מרדכי,2024,3
764,כפר מרדכי,2025,3
765,משגב דב,2001,1
765,משגב דב,2002,15
765,משגב דב,2004,1
765,משגב דב,2005,6
765,משגב דב,2006,5
765,משגב דב,2007,5
765,משגב דב,2008,9
765,משגב דב,2009,3
765,משגב דב,2010,2
765,משגב דב,2011,2
765,משגב דב,2012,3
765,משגב דב,2013,2
765,משגב דב,2014,2
765,משגב דב,2015,3
765,משגב דב,2016,3
765,משגב דב,2017,1
765,משגב דב,2018,14
765,משגב דב,2019,2
765,משגב דב,2020,9
765,משגב דב,2021,10
765,משגב דב,2022,10
765,משגב דב,2023,3
765,משגב דב,2024,5
765,משגב דב,2025,5
766,קוממיות,1998,1
766,קוממיות,2002,1
766,קוממיות,2003,2
766,קוממיות,2005,1
766,קוממיות,2008,1
766,קוממיות,2009,2
766,קוממיות,2010,9
766,קוממיות,2011,5
766,קוממיות,2012,7
766,קוממיות,2013,9
766,קוממיות,2015,7
766,קוממיות,2016,8
766,קוממיות,2017,16
766,קוממיות,2018,4
766,קוממיות,2021,4
766,קוממיות,2022,2
766,קוממיות,2023,22
766,קוממיות,2024,23
766,קוממיות,2025,1
766,קוממיות,2026,3
767,פורת,1998,3
767,פורת,1999,3
767,פורת,2000,2
767,פורת,2001,1
767,פורת,2002,2
767,פורת,2003,2
767,פורת,2005,6
767,פורת,2006,1
767,פורת,2007,6
767,פורת,2009,1
767,פורת,2010,17
767,פורת,2011,34
767,פורת,2012,22
767,פורת,2013,5
767,פורת,2015,2
767,פורת,2016,2
767,פורת,2017,1
767,פורת,2018,2
767,פורת,2019,3
767,פורת,2020,3
767,פורת,2021,1
767,פורת,2022,2
767,פורת,2023,1
767,פורת,2024,2
767,פורת,2025,3
767,פורת,2026,1
768,כרמיה,2004,1
768,כרמיה,2005,9
768,כרמיה,2006,1
768,כרמיה,2010,4
768,כרמיה,2011,21
768,כרמיה,2012,133
768,כרמיה,2013,9
768,כרמיה,2014,8
768,כרמיה,2015,3
768,כרמיה,2016,4
768,כרמיה,2017,13
768,כרמיה,2018,2
768,כרמיה,2019,2
768,כרמיה,2020,1
768,כרמיה,2021,1
768,כרמיה,2022,7
768,כרמיה,2023,2
768,כרמיה,2024,3
768,כרמיה,2025,4
769,ניר עציון,1999,2
769,ניר עציון,2012,2
769,ניר עציון,2014,1
769,ניר עציון,2015,1
769,ניר עציון,2019,90
769,ניר עציון,2020,7
769,ניר עציון,2022,2
769,ניר עציון,2023,16
769,ניר עציון,2024,14
769,ניר עציון,2025,15
769,ניר עציון,2026,43
77,איילת השחר,2006,2
77,איילת השחר,2007,13
77,איילת השחר,2008,11
77,איילת השחר,2010,2
77,איילת השחר,2011,39
77,איילת השחר,2012,18
77,איילת השחר,2013,16
77,איילת השחר,2014,17
77,איילת השחר,2015,15
77,איילת השחר,2016,9
77,איילת השחר,2017,12
77,איילת השחר,2018,11
77,איילת השחר,2019,18
77,איילת השחר,2020,19
77,איילת השחר,2021,22
77,איילת השחר,2022,29
77,איילת השחר,2023,7
77,איילת השחר,2024,7
77,איילת השחר,2025,16
7700,עפולה,1998,723
7700,עפולה,1999,775
7700,עפולה,2000,720
7700,עפולה,2001,689
7700,עפולה,2002,505
7700,עפולה,2003,504
7700,עפולה,2004,481
7700,עפולה,2005,620
7700,עפולה,2006,602
7700,עפולה,2007,760
7700,עפולה,2008,970
7700,עפולה,2009,1105
7700,עפולה,2010,1707
7700,עפולה,2011,1367
7700,עפולה,2012,1341
7700,עפולה,2013,1487
7700,עפולה,2014,1587
7700,עפולה,2015,2770
7700,עפולה,2016,2195
7700,עפולה,2017,1850
7700,עפולה,2018,1513
7700,עפולה,2019,1560
7700,עפולה,2020,1645
7700,עפולה,2021,2784
7700,עפולה,2022,2314
7700,עפולה,2023,1780
7700,עפולה,2024,2145
7700,עפולה,2025,1692
7700,עפולה,2026,722
771,מבוא ביתר,1998,16
771,מבוא ביתר,1999,11
771,מבוא ביתר,2000,9
771,מבוא ביתר,2001,1
771,מבוא ביתר,2002,3
771,מבוא ביתר,2003,7
771,מבוא ביתר,2006,1
771,מבוא ביתר,2007,12
771,מבוא ביתר,2008,60
771,מבוא ביתר,2009,29
771,מבוא ביתר,2010,19
771,מבוא ביתר,2011,13
771,מבוא ביתר,2012,24
771,מבוא ביתר,2013,11
771,מבוא ביתר,2014,6
771,מבוא ביתר,2015,15
771,מבוא ביתר,2016,9
771,מבוא ביתר,2017,6
771,מבוא ביתר,2018,2
771,מבוא ביתר,2019,5
771,מבוא ביתר,2020,9
771,מבוא ביתר,2021,17
771,מבוא ביתר,2022,6
771,מבוא ביתר,2023,7
771,מבוא ביתר,2024,4
771,מבוא ביתר,2025,5
772,אמונים,1998,4
772,אמונים,1999,6
772,אמונים,2000,6
772,אמונים,2001,1
772,אמונים,2002,2
772,אמונים,2003,4
772,אמונים,2004,4
772,אמונים,2005,5
772,אמונים,2006,14
772,אמונים,2007,7
772,אמונים,2008,16
772,אמונים,2009,6
772,אמונים,2010,3
772,אמונים,2011,5
772,אמונים,2012,3
772,אמונים,2013,15
772,אמונים,2014,2
772,אמונים,2015,11
772,אמונים,2016,9
772,אמונים,2017,4
772,אמונים,2018,4
772,אמונים,2019,13
772,אמונים,2020,2
772,אמונים,2021,17
772,אמונים,2022,3
772,אמונים,2023,10
772,אמונים,2024,4
772,אמונים,2025,2
772,אמונים,2026,1
773,עמיקם,1998,31
773,עמיקם,1999,12
773,עמיקם,2000,4
773,עמיקם,2001,8
773,עמיקם,2002,16
773,עמיקם,2003,7
773,עמיקם,2004,3
773,עמיקם,2005,10
773,עמיקם,2006,9
773,עמיקם,2007,10
773,עמיקם,2008,5
773,עמיקם,2010,2
773,עמיקם,2013,5
773,עמיקם,2014,11
773,עמיקם,2015,1
773,עמיקם,2016,2
773,עמיקם,2017,4
773,עמיקם,2018,4
773,עמיקם,2019,3
773,עמיקם,2020,6
773,עמיקם,2021,3
773,עמיקם,2022,8
773,עמיקם,2023,3
773,עמיקם,2024,5
773,עמיקם,2025,3
773,עמיקם,2026,2
774,צוריאל,2003,2
774,צוריאל,2007,2
774,צוריאל,2015,4
774,צוריאל,2016,1
774,צוריאל,2017,1
774,צוריאל,2018,1
774,צוריאל,2020,6
774,צוריאל,2021,2
774,צוריאל,2023,3
774,צוריאל,2025,2
775,יד נתן,1998,4
775,יד נתן,1999,8
775,יד נתן,2000,1
775,יד נתן,2002,3
775,יד נתן,2003,3
775,יד נתן,2004,3
775,יד נתן,2005,7
775,יד נתן,2006,7
775,יד נתן,2007,8
775,יד נתן,2008,8
775,יד נתן,2009,9
775,יד נתן,2010,9
775,יד נתן,2011,6
775,יד נתן,2012,5
775,יד נתן,2013,10
775,יד נתן,2014,7
775,יד נתן,2015,8
775,יד נתן,2016,1
775,יד נתן,2017,4
775,יד נתן,2018,2
775,יד נתן,2019,2
775,יד נתן,2020,7
775,יד נתן,2021,6
775,יד נתן,2022,6
775,יד נתן,2023,4
775,יד נתן,2024,6
775,יד נתן,2025,8
775,יד נתן,2026,1
776,מחסיה,2002,1
776,מחסיה,2003,1
776,מחסיה,2008,2
776,מחסיה,2011,5
776,מחסיה,2012,3
776,מחסיה,2019,3
776,מחסיה,2020,1
777,נחשון,2014,116
777,נחשון,2015,20
777,נחשון,2016,5
777,נחשון,2017,26
777,נחשון,2018,2
777,נחשון,2019,4
777,נחשון,2020,2
777,נחשון,2021,1
777,נחשון,2022,3
777,נחשון,2023,1
777,נחשון,2024,1
777,נחשון,2025,1
778,תרום,2008,6
778,תרום,2011,5
778,תרום,2014,1
778,תרום,2015,1
778,תרום,2020,2
778,תרום,2021,4
778,תרום,2022,3
778,תרום,2023,1
778,תרום,2024,3
778,תרום,2025,5
778,תרום,2026,2
779,עמינדב,1999,1
779,עמינדב,2000,2
779,עמינדב,2002,25
779,עמינדב,2003,5
779,עמינדב,2004,6
779,עמינדב,2005,7
779,עמינדב,2006,4
779,עמינדב,2007,4
779,עמינדב,2008,2
779,עמינדב,2009,2
779,עמינדב,2010,4
779,עמינדב,2011,1
779,עמינדב,2012,8
779,עמינדב,2013,2
779,עמינדב,2014,2
779,עמינדב,2015,8
779,עמינדב,2016,2
779,עמינדב,2017,2
779,עמינדב,2018,3
779,עמינדב,2020,4
779,עמינדב,2021,1
779,עמינדב,2022,1
779,עמינדב,2024,1
779,עמינדב,2025,4
779,עמינדב,2026,1
78,קריית ענבים,2006,2
78,קריית ענבים,2008,2
78,קריית ענבים,2010,1
78,קריית ענבים,2011,1
78,קריית ענבים,2014,11
78,קריית ענבים,2015,2
78,קריית ענבים,2016,1
78,קריית ענבים,2018,42
78,קריית ענבים,2019,50
78,קריית ענבים,2020,49
78,קריית ענבים,2021,87
78,קריית ענבים,2022,41
78,קריית ענבים,2024,32
78,קריית ענבים,2025,12
78,קריית ענבים,2026,1
780,אורה,1998,12
780,אורה,1999,4
780,אורה,2000,9
780,אורה,2001,6
780,אורה,2002,11
780,אורה,2003,2
780,אורה,2004,7
780,אורה,2005,4
780,אורה,2006,1
780,אורה,2007,3
780,אורה,2008,8
780,אורה,2009,4
780,אורה,2012,2
780,אורה,2013,2
780,אורה,2014,2
780,אורה,2016,9
780,אורה,2017,3
780,אורה,2018,4
780,אורה,2020,2
780,אורה,2021,12
780,אורה,2022,4
780,אורה,2023,5
780,אורה,2024,6
780,אורה,2025,11
780,אורה,2026,4
7800,פרדס חנה-כרכור,1998,364
7800,פרדס חנה-כרכור,1999,452
7800,פרדס חנה-כרכור,2000,359
7800,פרדס חנה-כרכור,2001,306
7800,פרדס חנה-כרכור,2002,312
7800,פרדס חנה-כרכור,2003,304
7800,פרדס חנה-כרכור,2004,361
7800,פרדס חנה-כרכור,2005,380
7800,פרדס חנה-כרכור,2006,450
7800,פרדס חנה-כרכור,2007,684
7800,פרדס חנה-כרכור,2008,667
7800,פרדס חנה-כרכור,2009,707
7800,פרדס חנה-כרכור,2010,1031
7800,פרדס חנה-כרכור,2011,807
7800,פרדס חנה-כרכור,2012,861
7800,פרדס חנה-כרכור,2013,1006
7800,פרדס חנה-כרכור,2014,997
7800,פרדס חנה-כרכור,2015,1230
7800,פרדס חנה-כרכור,2016,1001
7800,פרדס חנה-כרכור,2017,799
7800,פרדס חנה-כרכור,2018,749
7800,פרדס חנה-כרכור,2019,802
7800,פרדס חנה-כרכור,2020,1234
7800,פרדס חנה-כרכור,2021,1396
7800,פרדס חנה-כרכור,2022,1097
7800,פרדס חנה-כרכור,2023,654
7800,פרדס חנה-כרכור,2024,876
7800,פרדס חנה-כרכור,2025,730
7800,פרדס חנה-כרכור,2026,453
783,אבן ספיר,2002,1
783,אבן ספיר,2003,1
783,אבן ספיר,2006,5
783,אבן ספיר,2009,18
783,אבן ספיר,2010,3
783,אבן ספיר,2012,3
783,אבן ספיר,2015,4
783,אבן ספיר,2017,4
783,אבן ספיר,2018,4
783,אבן ספיר,2020,4
783,אבן ספיר,2021,44
783,אבן ספיר,2022,16
783,אבן ספיר,2023,19
783,אבן ספיר,2024,10
783,אבן ספיר,2025,9
783,אבן ספיר,2026,1
784,בית נחמיה,1998,4
784,בית נחמיה,1999,3
784,בית נחמיה,2000,3
784,בית נחמיה,2002,3
784,בית נחמיה,2003,4
784,בית נחמיה,2004,4
784,בית נחמיה,2005,4
784,בית נחמיה,2007,5
784,בית נחמיה,2008,5
784,בית נחמיה,2009,4
784,בית נחמיה,2010,1
784,בית נחמיה,2011,2
784,בית נחמיה,2012,3
784,בית נחמיה,2013,3
784,בית נחמיה,2014,1
784,בית נחמיה,2015,3
784,בית נחמיה,2016,3
784,בית נחמיה,2017,3
784,בית נחמיה,2018,3
784,בית נחמיה,2019,1
784,בית נחמיה,2021,7
784,בית נחמיה,2022,3
784,בית נחמיה,2023,3
784,בית נחמיה,2024,3
784,בית נחמיה,2025,7
785,אחיהוד,1998,3
785,אחיהוד,1999,2
785,אחיהוד,2000,3
785,אחיהוד,2001,3
785,אחיהוד,2002,19
785,אחיהוד,2003,15
785,אחיהוד,2004,1
785,אחיהוד,2005,7
785,אחיהוד,2006,12
785,אחיהוד,2007,4
785,אחיהוד,2008,1
785,אחיהוד,2009,1
785,אחיהוד,2010,8
785,אחיהוד,2011,5
785,אחיהוד,2012,9
785,אחיהוד,2013,3
785,אחיהוד,2014,13
785,אחיהוד,2015,6
785,אחיהוד,2016,6
785,אחיהוד,2017,3
785,אחיהוד,2018,3
785,אחיהוד,2019,6
785,אחיהוד,2020,8
785,אחיהוד,2021,1
785,אחיהוד,2022,1
785,אחיהוד,2023,4
785,אחיהוד,2024,7
785,אחיהוד,2025,2
786,כפר זיתים,2000,1
786,כפר זיתים,2001,1
786,כפר זיתים,2002,1
786,כפר זיתים,2004,4
786,כפר זיתים,2005,5
786,כפר זיתים,2006,3
786,כפר זיתים,2008,2
786,כפר זיתים,2011,21
786,כפר זיתים,2012,5
786,כפר זיתים,2013,4
786,כפר זיתים,2014,1
786,כפר זיתים,2016,3
786,כפר זיתים,2017,6
786,כפר זיתים,2018,4
786,כפר זיתים,2020,3
786,כפר זיתים,2021,4
786,כפר זיתים,2022,9
786,כפר זיתים,2023,26
786,כפר זיתים,2024,3
786,כפר זיתים,2025,6
786,כפר זיתים,2026,1
787,גבעת יערים,1998,26
787,גבעת יערים,1999,40
787,גבעת יערים,2000,16
787,גבעת יערים,2001,9
787,גבעת יערים,2002,10
787,גבעת יערים,2003,16
787,גבעת יערים,2004,16
787,גבעת יערים,2005,40
787,גבעת יערים,2006,42
787,גבעת יערים,2007,59
787,גבעת יערים,2008,52
787,גבעת יערים,2009,38
787,גבעת יערים,2010,18
787,גבעת יערים,2011,18
787,גבעת יערים,2012,23
787,גבעת יערים,2013,29
787,גבעת יערים,2014,23
787,גבעת יערים,2015,21
787,גבעת יערים,2016,12
787,גבעת יערים,2017,14
787,גבעת יערים,2018,16
787,גבעת יערים,2019,15
787,גבעת יערים,2020,19
787,גבעת יערים,2021,34
787,גבעת יערים,2022,7
787,גבעת יערים,2023,6
787,גבעת יערים,2024,17
787,גבעת יערים,2025,18
787,גבעת יערים,2026,6
788,זיתן,1998,12
788,זיתן,1999,11
788,זיתן,2000,7
788,זיתן,2001,10
788,זיתן,2002,13
788,זיתן,2003,3
788,זיתן,2004,5
788,זיתן,2005,24
788,זיתן,2006,27
788,זיתן,2007,18
788,זיתן,2008,10
788,זיתן,2009,8
788,זיתן,2010,6
788,זיתן,2011,3
788,זיתן,2012,1
788,זיתן,2013,1
788,זיתן,2014,1
788,זיתן,2015,4
788,זיתן,2016,2
788,זיתן,2017,2
788,זיתן,2018,8
788,זיתן,2020,5
788,זיתן,2021,11
788,זיתן,2022,3
788,זיתן,2023,3
788,זיתן,2024,5
788,זיתן,2025,3
788,זיתן,2026,1
789,רנן,1998,5
789,רנן,1999,1
789,רנן,2001,3
789,רנן,2002,3
789,רנן,2004,2
789,רנן,2005,1
789,רנן,2006,2
789,רנן,2007,4
789,רנן,2008,3
789,רנן,2009,5
789,רנן,2010,4
789,רנן,2011,2
789,רנן,2012,7
789,רנן,2013,5
789,רנן,2014,6
789,רנן,2015,9
789,רנן,2016,3
789,רנן,2018,6
789,רנן,2020,2
789,רנן,2021,13
789,רנן,2022,4
789,רנן,2023,2
789,רנן,2024,3
789,רנן,2025,3
789,רנן,2026,2
79,דגניה ב',1998,1
79,דגניה ב',2004,7
79,דגניה ב',2005,7
79,דגניה ב',2006,30
79,דגניה ב',2007,6
79,דגניה ב',2008,19
79,דגניה ב',2009,4
79,דגניה ב',2010,3
79,דגניה ב',2011,3
79,דגניה ב',2014,3
79,דגניה ב',2016,3
79,דגניה ב',2017,6
79,דגניה ב',2018,82
79,דגניה ב',2019,1
79,דגניה ב',2020,3
79,דגניה ב',2021,15
79,דגניה ב',2022,4
7900,פתח תקווה,1998,3304
7900,פתח תקווה,1999,3599
7900,פתח תקווה,2000,2843
7900,פתח תקווה,2001,3003
7900,פתח תקווה,2002,3377
7900,פתח תקווה,2003,3094
7900,פתח תקווה,2004,3676
7900,פתח תקווה,2005,4076
7900,פתח תקווה,2006,4583
7900,פתח תקווה,2007,5796
7900,פתח תקווה,2008,5536
7900,פתח תקווה,2009,5899
7900,פתח תקווה,2010,6042
7900,פתח תקווה,2011,4396
7900,פתח תקווה,2012,5258
7900,פתח תקווה,2013,5435
7900,פתח תקווה,2014,4734
7900,פתח תקווה,2015,5298
7900,פתח תקווה,2016,4617
7900,פתח תקווה,2017,4336
7900,פתח תקווה,2018,3882
7900,פתח תקווה,2019,4089
7900,פתח תקווה,2020,4069
7900,פתח תקווה,2021,5845
7900,פתח תקווה,2022,4519
7900,פתח תקווה,2023,3113
7900,פתח תקווה,2024,4712
7900,פתח תקווה,2025,3903
7900,פתח תקווה,2026,1333
791,משען,1998,2
791,משען,2000,26
791,משען,2001,2
791,משען,2002,12
791,משען,2003,4
791,משען,2004,16
791,משען,2005,12
791,משען,2006,10
791,משען,2008,4
791,משען,2009,4
791,משען,2011,3
791,משען,2012,1
791,משען,2013,5
791,משען,2014,1
791,משען,2015,1
791,משען,2016,3
791,משען,2017,4
791,משען,2018,1
791,משען,2019,3
791,משען,2020,1
791,משען,2022,2
791,משען,2024,1
791,משען,2025,4
791,משען,2026,2
792,נתיב השיירה,1999,1
792,נתיב השיירה,2001,2
792,נתיב השיירה,2002,2
792,נתיב השיירה,2006,3
792,נתיב השיירה,2007,4
792,נתיב השיירה,2008,3
792,נתיב השיירה,2009,2
792,נתיב השיירה,2011,1
792,נתיב השיירה,2012,1
792,נתיב השיירה,2015,3
792,נתיב השיירה,2018,1
792,נתיב השיירה,2019,5
792,נתיב השיירה,2020,1
792,נתיב השיירה,2021,2
792,נתיב השיירה,2022,3
792,נתיב השיירה,2023,48
792,נתיב השיירה,2024,4
792,נתיב השיירה,2025,1
793,גבעתי,1998,2
793,גבעתי,1999,2
793,גבעתי,2000,4
793,גבעתי,2001,8
793,גבעתי,2002,7
793,גבעתי,2003,1
793,גבעתי,2005,13
793,גבעתי,2006,1
793,גבעתי,2007,4
793,גבעתי,2008,3
793,גבעתי,2009,12
793,גבעתי,2010,1
793,גבעתי,2011,3
793,גבעתי,2013,6
793,גבעתי,2014,4
793,גבעתי,2015,3
793,גבעתי,2017,6
793,גבעתי,2018,1
793,גבעתי,2019,1
793,גבעתי,2020,4
793,גבעתי,2021,18
793,גבעתי,2022,13
793,גבעתי,2023,3
793,גבעתי,2024,3
793,גבעתי,2025,18
794,עגור,2001,5
794,עגור,2002,1
794,עגור,2003,3
794,עגור,2004,3
794,עגור,2007,6
794,עגור,2010,2
794,עגור,2013,1
794,עגור,2014,1
794,עגור,2021,10
794,עגור,2023,1
794,עגור,2026,1
795,יערה,1998,1
795,יערה,2000,3
795,יערה,2001,1
795,יערה,2002,2
795,יערה,2003,3
795,יערה,2004,1
795,יערה,2005,1
795,יערה,2006,2
795,יערה,2007,2
795,יערה,2008,11
795,יערה,2009,2
795,יערה,2010,1
795,יערה,2011,10
795,יערה,2012,3
795,יערה,2013,10
795,יערה,2014,6
795,יערה,2015,8
795,יערה,2016,1
795,יערה,2017,11
795,יערה,2018,33
795,יערה,2019,4
795,יערה,2020,7
795,יערה,2021,15
795,יערה,2022,5
795,יערה,2023,6
795,יערה,2024,4
795,יערה,2025,5
796,צלפון,1998,3
796,צלפון,1999,1
796,צלפון,2000,5
796,צלפון,2001,1
796,צלפון,2002,1
796,צלפון,2004,1
796,צלפון,2005,2
796,צלפון,2006,1
796,צלפון,2007,3
796,צלפון,2010,3
796,צלפון,2011,6
796,צלפון,2012,2
796,צלפון,2013,3
796,צלפון,2014,1
796,צלפון,2015,4
796,צלפון,2016,1
796,צלפון,2017,3
796,צלפון,2018,5
796,צלפון,2019,3
796,צלפון,2020,1
796,צלפון,2021,3
796,צלפון,2022,5
796,צלפון,2023,2
796,צלפון,2024,5
796,צלפון,2025,7
796,צלפון,2026,1
797,אחיעזר,1998,3
797,אחיעזר,2001,3
797,אחיעזר,2002,1
797,אחיעזר,2003,2
797,אחיעזר,2004,5
797,אחיעזר,2005,11
797,אחיעזר,2006,7
797,אחיעזר,2007,1
797,אחיעזר,2008,2
797,אחיעזר,2009,2
797,אחיעזר,2012,3
797,אחיעזר,2013,5
797,אחיעזר,2014,2
797,אחיעזר,2015,1
797,אחיעזר,2016,1
797,אחיעזר,2017,1
797,אחיעזר,2018,6
797,אחיעזר,2021,3
797,אחיעזר,2022,1
797,אחיעזר,2023,1
797,אחיעזר,2024,12
797,אחיעזר,2025,12
798,יגל,2001,1
798,יגל,2004,1
798,יגל,2005,1
798,יגל,2007,3
798,יגל,2008,3
798,יגל,2010,3
798,יגל,2011,1
798,יגל,2012,6
798,יגל,2013,1
798,יגל,2014,2
798,יגל,2015,3
798,יגל,2016,4
798,יגל,2017,1
798,יגל,2018,4
798,יגל,2019,5
798,יגל,2020,4
798,יגל,2022,3
798,יגל,2023,2
798,יגל,2024,5
798,יגל,2025,3
799,זכריה,1998,9
799,זכריה,1999,2
799,זכריה,2000,2
799,זכריה,2001,3
799,זכריה,2002,5
799,זכריה,2003,1
799,זכריה,2004,6
799,זכריה,2005,1
799,זכריה,2006,8
799,זכריה,2007,4
799,זכריה,2008,4
799,זכריה,2009,3
799,זכריה,2010,5
799,זכריה,2011,1
799,זכריה,2012,3
799,זכריה,2013,3
799,זכריה,2014,2
799,זכריה,2015,1
799,זכריה,2016,6
799,זכריה,2017,2
799,זכריה,2018,6
799,זכריה,2019,1
799,זכריה,2020,2
799,זכריה,2021,2
799,זכריה,2022,8
799,זכריה,2023,4
799,זכריה,2024,3
799,זכריה,2025,3
799,זכריה,2026,1
80,נהלל,1998,9
80,נהלל,1999,3
80,נהלל,2001,2
80,נהלל,2002,2
80,נהלל,2004,6
80,נהלל,2005,1
80,נהלל,2007,2
80,נהלל,2008,4
80,נהלל,2009,1
80,נהלל,2010,2
80,נהלל,2011,1
80,נהלל,2012,6
80,נהלל,2013,4
80,נהלל,2014,26
80,נהלל,2015,4
80,נהלל,2016,7
80,נהלל,2017,64
80,נהלל,2018,10
80,נהלל,2019,3
80,נהלל,2020,11
80,נהלל,2021,12
80,נהלל,2022,12
80,נהלל,2023,5
80,נהלל,2024,2
800,בית חנניה,1998,6
800,בית חנניה,1999,3
800,בית חנניה,2000,2
800,בית חנניה,2001,10
800,בית חנניה,2002,2
800,בית חנניה,2003,3
800,בית חנניה,2004,2
800,בית חנניה,2005,2
800,בית חנניה,2006,3
800,בית חנניה,2007,20
800,בית חנניה,2008,16
800,בית חנניה,2009,8
800,בית חנניה,2010,6
800,בית חנניה,2011,8
800,בית חנניה,2012,3
800,בית חנניה,2013,5
800,בית חנניה,2014,5
800,בית חנניה,2015,3
800,בית חנניה,2016,3
800,בית חנניה,2017,3
800,בית חנניה,2018,1
800,בית חנניה,2019,7
800,בית חנניה,2020,3
800,בית חנניה,2021,6
800,בית חנניה,2022,16
800,בית חנניה,2023,3
800,בית חנניה,2024,8
800,בית חנניה,2025,13
800,בית חנניה,2026,7
8000,צפת,1998,419
8000,צפת,1999,452
8000,צפת,2000,338
8000,צפת,2001,338
8000,צפת,2002,274
8000,צפת,2003,300
8000,צפת,2004,297
8000,צפת,2005,322
8000,צפת,2006,324
8000,צפת,2007,363
8000,צפת,2008,483
8000,צפת,2009,616
8000,צפת,2010,645
8000,צפת,2011,449
8000,צפת,2012,446
8000,צפת,2013,451
8000,צפת,2014,462
8000,צפת,2015,483
8000,צפת,2016,435
8000,צפת,2017,453
8000,צפת,2018,594
8000,צפת,2019,445
8000,צפת,2020,520
8000,צפת,2021,691
8000,צפת,2022,940
8000,צפת,2023,504
8000,צפת,2024,378
8000,צפת,2025,434
8000,צפת,2026,135
801,חמד,2007,1
801,חמד,2008,54
801,חמד,2009,34
801,חמד,2010,10
801,חמד,2011,14
801,חמד,2012,4
801,חמד,2013,14
801,חמד,2014,7
801,חמד,2015,4
801,חמד,2016,3
801,חמד,2017,5
801,חמד,2018,3
801,חמד,2019,11
801,חמד,2020,11
801,חמד,2021,16
801,חמד,2022,5
801,חמד,2023,6
801,חמד,2024,13
801,חמד,2025,3
801,חמד,2026,1
802,"גבעת כ""ח",2004,8
802,"גבעת כ""ח",2005,42
802,"גבעת כ""ח",2006,19
802,"גבעת כ""ח",2007,6
802,"גבעת כ""ח",2008,7
802,"גבעת כ""ח",2009,6
802,"גבעת כ""ח",2010,1
802,"גבעת כ""ח",2013,2
802,"גבעת כ""ח",2014,1
802,"גבעת כ""ח",2015,2
802,"גבעת כ""ח",2016,3
802,"גבעת כ""ח",2017,4
802,"גבעת כ""ח",2018,5
802,"גבעת כ""ח",2020,7
802,"גבעת כ""ח",2021,3
802,"גבעת כ""ח",2022,12
802,"גבעת כ""ח",2023,1
802,"גבעת כ""ח",2024,1
802,"גבעת כ""ח",2025,4
802,"גבעת כ""ח",2026,1
803,יושיביה,2007,2
803,יושיביה,2008,3
803,יושיביה,2010,3
803,יושיביה,2011,16
803,יושיביה,2012,8
803,יושיביה,2013,9
803,יושיביה,2014,3
803,יושיביה,2015,2
803,יושיביה,2017,4
803,יושיביה,2018,4
803,יושיביה,2019,6
803,יושיביה,2020,1
803,יושיביה,2021,2
803,יושיביה,2022,1
803,יושיביה,2024,1
803,יושיביה,2026,1
804,אחיסמך,1998,1
804,אחיסמך,1999,1
804,אחיסמך,2000,1
804,אחיסמך,2003,2
804,אחיסמך,2006,2
804,אחיסמך,2007,5
804,אחיסמך,2008,3
804,אחיסמך,2009,5
804,אחיסמך,2010,3
804,אחיסמך,2011,8
804,אחיסמך,2012,6
804,אחיסמך,2013,2
804,אחיסמך,2014,5
804,אחיסמך,2015,47
804,אחיסמך,2016,327
804,אחיסמך,2017,37
804,אחיסמך,2018,201
804,אחיסמך,2019,149
804,אחיסמך,2020,65
804,אחיסמך,2021,69
804,אחיסמך,2022,102
804,אחיסמך,2023,105
804,אחיסמך,2024,167
804,אחיסמך,2025,23
804,אחיסמך,2026,5
805,ישעי,2012,1
805,ישעי,2015,24
805,ישעי,2016,6
805,ישעי,2017,2
805,ישעי,2018,2
805,ישעי,2019,2
805,ישעי,2020,1
805,ישעי,2021,12
805,ישעי,2022,5
805,ישעי,2023,6
805,ישעי,2024,8
806,עין יהב,1998,3
806,עין יהב,1999,4
806,עין יהב,2000,3
806,עין יהב,2001,4
806,עין יהב,2002,9
806,עין יהב,2003,3
806,עין יהב,2004,20
806,עין יהב,2005,15
806,עין יהב,2006,7
806,עין יהב,2007,14
806,עין יהב,2008,5
806,עין יהב,2010,24
806,עין יהב,2011,7
806,עין יהב,2012,2
806,עין יהב,2013,6
806,עין יהב,2014,2
806,עין יהב,2015,11
806,עין יהב,2016,16
806,עין יהב,2017,16
806,עין יהב,2018,6
806,עין יהב,2019,15
806,עין יהב,2020,15
806,עין יהב,2021,10
806,עין יהב,2022,9
806,עין יהב,2023,13
806,עין יהב,2024,24
806,עין יהב,2025,8
806,עין יהב,2026,3
807,חניאל,1998,1
807,חניאל,2000,1
807,חניאל,2002,1
807,חניאל,2003,1
807,חניאל,2004,1
807,חניאל,2006,2
807,חניאל,2007,2
807,חניאל,2008,2
807,חניאל,2009,2
807,חניאל,2010,4
807,חניאל,2011,1
807,חניאל,2012,2
807,חניאל,2013,1
807,חניאל,2014,1
807,חניאל,2015,3
807,חניאל,2016,4
807,חניאל,2017,6
807,חניאל,2018,8
807,חניאל,2019,2
807,חניאל,2020,6
807,חניאל,2021,3
807,חניאל,2022,3
807,חניאל,2023,3
807,חניאל,2024,2
807,חניאל,2025,9
808,ניר אליהו,1999,2
808,ניר אליהו,2002,1
808,ניר אליהו,2008,1
808,ניר אליהו,2017,1
808,ניר אליהו,2018,1
808,ניר אליהו,2022,57
808,ניר אליהו,2023,70
808,ניר אליהו,2024,2
808,ניר אליהו,2025,11
809,נחם,1998,3
809,נחם,1999,6
809,נחם,2000,6
809,נחם,2001,5
809,נחם,2002,3
809,נחם,2003,2
809,נחם,2004,4
809,נחם,2005,7
809,נחם,2006,1
809,נחם,2007,8
809,נחם,2008,5
809,נחם,2009,4
809,נחם,2010,2
809,נחם,2011,11
809,נחם,2012,32
809,נחם,2013,12
809,נחם,2014,8
809,נחם,2015,11
809,נחם,2016,25
809,נחם,2017,23
809,נחם,2018,12
809,נחם,2019,3
809,נחם,2020,4
809,נחם,2021,7
809,נחם,2022,9
809,נחם,2023,5
809,נחם,2024,9
809,נחם,2025,3
809,נחם,2026,2
810,עופר,1998,2
810,עופר,2000,2
810,עופר,2002,1
810,עופר,2005,4
810,עופר,2006,3
810,עופר,2007,5
810,עופר,2008,1
810,עופר,2009,4
810,עופר,2010,2
810,עופר,2012,14
810,עופר,2013,1
810,עופר,2014,7
810,עופר,2015,4
810,עופר,2017,5
810,עופר,2019,5
810,עופר,2020,4
810,עופר,2021,4
810,עופר,2022,6
810,עופר,2023,20
810,עופר,2024,2
810,עופר,2025,6
810,עופר,2026,1
811,יכיני,2017,1
811,יכיני,2020,5
811,יכיני,2021,2
811,יכיני,2022,1
811,יכיני,2023,1
811,יכיני,2025,2
812,שלומי,1998,65
812,שלומי,1999,182
812,שלומי,2000,87
812,שלומי,2001,86
812,שלומי,2002,70
812,שלומי,2003,35
812,שלומי,2004,36
812,שלומי,2005,46
812,שלומי,2006,130
812,שלומי,2007,49
812,שלומי,2008,82
812,שלומי,2009,66
812,שלומי,2010,71
812,שלומי,2011,75
812,שלומי,2012,81
812,שלומי,2013,106
812,שלומי,2014,150
812,שלומי,2015,152
812,שלומי,2016,136
812,שלומי,2017,134
812,שלומי,2018,135
812,שלומי,2019,174
812,שלומי,2020,158
812,שלומי,2021,218
812,שלומי,2022,135
812,שלומי,2023,94
812,שלומי,2024,100
812,שלומי,2025,138
812,שלומי,2026,46
813,עין יעקב,2001,16
813,עין יעקב,2002,11
813,עין יעקב,2003,20
813,עין יעקב,2004,19
813,עין יעקב,2005,7
813,עין יעקב,2006,6
813,עין יעקב,2007,3
813,עין יעקב,2008,12
813,עין יעקב,2009,8
813,עין יעקב,2010,12
813,עין יעקב,2011,7
813,עין יעקב,2012,9
813,עין יעקב,2013,16
813,עין יעקב,2014,5
813,עין יעקב,2015,8
813,עין יעקב,2016,7
813,עין יעקב,2017,17
813,עין יעקב,2018,11
813,עין יעקב,2019,6
813,עין יעקב,2020,7
813,עין יעקב,2021,11
813,עין יעקב,2022,1
813,עין יעקב,2023,3
813,עין יעקב,2024,3
814,תלמים,1999,1
814,תלמים,2000,2
814,תלמים,2005,9
814,תלמים,2006,25
814,תלמים,2007,2
814,תלמים,2009,4
814,תלמים,2010,2
814,תלמים,2011,4
814,תלמים,2012,4
814,תלמים,2013,4
814,תלמים,2014,5
814,תלמים,2015,5
814,תלמים,2016,2
814,תלמים,2017,4
814,תלמים,2018,2
814,תלמים,2021,5
814,תלמים,2022,6
814,תלמים,2023,6
814,תלמים,2024,5
814,תלמים,2025,4
814,תלמים,2026,1
815,זבדיאל,1998,6
815,זבדיאל,2000,6
815,זבדיאל,2002,1
815,זבדיאל,2004,1
815,זבדיאל,2005,1
815,זבדיאל,2006,2
815,זבדיאל,2007,1
815,זבדיאל,2008,4
815,זבדיאל,2009,3
815,זבדיאל,2010,6
815,זבדיאל,2011,21
815,זבדיאל,2012,7
815,זבדיאל,2013,1
815,זבדיאל,2015,17
815,זבדיאל,2016,9
815,זבדיאל,2017,6
815,זבדיאל,2018,8
815,זבדיאל,2019,16
815,זבדיאל,2020,21
815,זבדיאל,2021,15
815,זבדיאל,2022,12
815,זבדיאל,2023,6
815,זבדיאל,2024,7
815,זבדיאל,2025,5
815,זבדיאל,2026,1
816,זנוח,1999,2
816,זנוח,2000,17
816,זנוח,2006,1
816,זנוח,2007,22
816,זנוח,2008,38
816,זנוח,2009,25
816,זנוח,2010,4
816,זנוח,2012,1
816,זנוח,2016,1
816,זנוח,2019,3
816,זנוח,2021,1
816,זנוח,2022,1
817,עזריקם,1998,1
817,עזריקם,1999,2
817,עזריקם,2001,1
817,עזריקם,2002,31
817,עזריקם,2003,13
817,עזריקם,2004,1
817,עזריקם,2005,10
817,עזריקם,2006,28
817,עזריקם,2007,4
817,עזריקם,2008,5
817,עזריקם,2009,11
817,עזריקם,2010,9
817,עזריקם,2011,4
817,עזריקם,2012,9
817,עזריקם,2014,2
817,עזריקם,2015,4
817,עזריקם,2016,3
817,עזריקם,2017,1
817,עזריקם,2018,4
817,עזריקם,2020,5
817,עזריקם,2021,5
817,עזריקם,2022,4
817,עזריקם,2023,3
817,עזריקם,2024,15
817,עזריקם,2025,9
817,עזריקם,2026,1
818,זרחיה,1998,6
818,זרחיה,1999,4
818,זרחיה,2000,2
818,זרחיה,2001,6
818,זרחיה,2002,7
818,זרחיה,2003,10
818,זרחיה,2004,5
818,זרחיה,2005,2
818,זרחיה,2006,1
818,זרחיה,2007,3
818,זרחיה,2008,4
818,זרחיה,2009,3
818,זרחיה,2010,3
818,זרחיה,2011,3
818,זרחיה,2012,2
818,זרחיה,2013,13
818,זרחיה,2015,19
818,זרחיה,2016,15
818,זרחיה,2017,1
818,זרחיה,2018,4
818,זרחיה,2019,5
818,זרחיה,2020,6
818,זרחיה,2021,1
818,זרחיה,2022,1
818,זרחיה,2023,4
818,זרחיה,2024,9
818,זרחיה,2025,7
819,אביגדור,1998,5
819,אביגדור,1999,4
819,אביגדור,2000,2
819,אביגדור,2001,2
819,אביגדור,2002,5
819,אביגדור,2003,3
819,אביגדור,2004,2
819,אביגדור,2005,4
819,אביגדור,2006,5
819,אביגדור,2007,4
819,אביגדור,2008,2
819,אביגדור,2009,11
819,אביגדור,2010,8
819,אביגדור,2011,4
819,אביגדור,2012,10
819,אביגדור,2013,5
819,אביגדור,2014,7
819,אביגדור,2015,5
819,אביגדור,2016,7
819,אביגדור,2017,1
819,אביגדור,2018,2
819,אביגדור,2020,5
819,אביגדור,2021,4
819,אביגדור,2022,3
819,אביגדור,2023,7
819,אביגדור,2024,5
819,אביגדור,2025,13
819,אביגדור,2026,3
82,עין חרוד )מאוחד(,2007,1
82,עין חרוד )מאוחד(,2016,1
82,עין חרוד )מאוחד(,2020,3
82,עין חרוד )מאוחד(,2021,1
82,עין חרוד )מאוחד(,2022,134
82,עין חרוד )מאוחד(,2023,1
82,עין חרוד )מאוחד(,2024,1
82,עין חרוד )מאוחד(,2025,3
820,חלץ,1999,1
820,חלץ,2000,1
820,חלץ,2002,1
820,חלץ,2003,1
820,חלץ,2005,1
820,חלץ,2007,5
820,חלץ,2008,42
820,חלץ,2009,51
820,חלץ,2010,8
820,חלץ,2011,3
820,חלץ,2012,2
820,חלץ,2013,2
820,חלץ,2014,1
820,חלץ,2015,4
820,חלץ,2016,6
820,חלץ,2017,6
820,חלץ,2018,3
820,חלץ,2019,2
820,חלץ,2020,2
820,חלץ,2021,4
820,חלץ,2022,1
820,חלץ,2023,2
820,חלץ,2024,2
820,חלץ,2025,7
820,חלץ,2026,1
8200,קריית מוצקין,1998,677
8200,קריית מוצקין,1999,600
8200,קריית מוצקין,2000,668
8200,קריית מוצקין,2001,634
8200,קריית מוצקין,2002,557
8200,קריית מוצקין,2003,617
8200,קריית מוצקין,2004,652
8200,קריית מוצקין,2005,574
8200,קריית מוצקין,2006,540
8200,קריית מוצקין,2007,721
8200,קריית מוצקין,2008,817
8200,קריית מוצקין,2009,1125
8200,קריית מוצקין,2010,1129
8200,קריית מוצקין,2011,866
8200,קריית מוצקין,2012,1082
8200,קריית מוצקין,2013,1009
8200,קריית מוצקין,2014,878
8200,קריית מוצקין,2015,1012
8200,קריית מוצקין,2016,1179
8200,קריית מוצקין,2017,1441
8200,קריית מוצקין,2018,1205
8200,קריית מוצקין,2019,1161
8200,קריית מוצקין,2020,1228
8200,קריית מוצקין,2021,1557
8200,קריית מוצקין,2022,1088
8200,קריית מוצקין,2023,777
8200,קריית מוצקין,2024,1032
8200,קריית מוצקין,2025,911
8200,קריית מוצקין,2026,402
821,אחוזם,1998,1
821,אחוזם,2001,1
821,אחוזם,2004,2
821,אחוזם,2006,2
821,אחוזם,2008,4
821,אחוזם,2009,1
821,אחוזם,2010,5
821,אחוזם,2013,4
821,אחוזם,2014,1
821,אחוזם,2015,1
821,אחוזם,2016,4
821,אחוזם,2017,1
821,אחוזם,2019,7
821,אחוזם,2020,2
821,אחוזם,2021,45
821,אחוזם,2022,8
821,אחוזם,2023,8
821,אחוזם,2024,6
821,אחוזם,2025,4
821,אחוזם,2026,3
822,מטע,1998,10
822,מטע,1999,2
822,מטע,2001,3
822,מטע,2002,1
822,מטע,2003,8
822,מטע,2004,6
822,מטע,2005,5
822,מטע,2006,1
822,מטע,2007,5
822,מטע,2008,3
822,מטע,2009,2
822,מטע,2010,2
822,מטע,2011,1
822,מטע,2012,2
822,מטע,2013,2
822,מטע,2014,3
822,מטע,2015,1
822,מטע,2016,2
822,מטע,2018,3
822,מטע,2019,4
822,מטע,2020,1
822,מטע,2022,7
822,מטע,2023,3
822,מטע,2024,1
822,מטע,2025,3
822,מטע,2026,1
823,בר גיורא,1999,4
823,בר גיורא,2000,2
823,בר גיורא,2002,1
823,בר גיורא,2004,3
823,בר גיורא,2006,1
823,בר גיורא,2007,1
823,בר גיורא,2008,2
823,בר גיורא,2009,2
823,בר גיורא,2010,1
823,בר גיורא,2011,7
823,בר גיורא,2012,7
823,בר גיורא,2015,4
823,בר גיורא,2016,2
823,בר גיורא,2018,22
823,בר גיורא,2020,3
823,בר גיורא,2021,3
823,בר גיורא,2022,2
823,בר גיורא,2023,3
823,בר גיורא,2024,3
823,בר גיורא,2026,2
824,כוכב מיכאל,2004,45
824,כוכב מיכאל,2005,70
824,כוכב מיכאל,2006,2
824,כוכב מיכאל,2007,1
824,כוכב מיכאל,2008,4
824,כוכב מיכאל,2009,4
824,כוכב מיכאל,2010,6
824,כוכב מיכאל,2011,4
824,כוכב מיכאל,2012,4
824,כוכב מיכאל,2013,5
824,כוכב מיכאל,2014,1
824,כוכב מיכאל,2015,12
824,כוכב מיכאל,2016,11
824,כוכב מיכאל,2017,4
824,כוכב מיכאל,2018,2
824,כוכב מיכאל,2019,5
824,כוכב מיכאל,2020,13
824,כוכב מיכאל,2021,7
824,כוכב מיכאל,2022,7
824,כוכב מיכאל,2023,4
824,כוכב מיכאל,2024,8
824,כוכב מיכאל,2025,7
824,כוכב מיכאל,2026,4
825,נס הרים,2000,1
825,נס הרים,2005,183
825,נס הרים,2006,149
825,נס הרים,2007,3
825,נס הרים,2008,3
825,נס הרים,2009,9
825,נס הרים,2010,3
825,נס הרים,2011,3
825,נס הרים,2012,4
825,נס הרים,2013,5
825,נס הרים,2014,5
825,נס הרים,2015,5
825,נס הרים,2016,4
825,נס הרים,2017,3
825,נס הרים,2018,5
825,נס הרים,2019,1
825,נס הרים,2020,1
825,נס הרים,2021,2
825,נס הרים,2022,3
825,נס הרים,2023,8
825,נס הרים,2024,2
825,נס הרים,2025,1
825,נס הרים,2026,2
826,עוזה,1998,1
826,עוזה,2008,1
826,עוזה,2009,1
826,עוזה,2012,3
826,עוזה,2014,3
826,עוזה,2015,1
826,עוזה,2017,1
826,עוזה,2018,2
826,עוזה,2019,2
826,עוזה,2020,3
826,עוזה,2024,7
826,עוזה,2025,3
826,עוזה,2026,2
827,נווה מבטח,1998,1
827,נווה מבטח,1999,1
827,נווה מבטח,2000,1
827,נווה מבטח,2002,1
827,נווה מבטח,2004,1
827,נווה מבטח,2005,1
827,נווה מבטח,2006,3
827,נווה מבטח,2007,3
827,נווה מבטח,2008,7
827,נווה מבטח,2009,2
827,נווה מבטח,2011,6
827,נווה מבטח,2012,2
827,נווה מבטח,2014,4
827,נווה מבטח,2015,3
827,נווה מבטח,2016,1
827,נווה מבטח,2018,2
827,נווה מבטח,2019,1
827,נווה מבטח,2020,1
827,נווה מבטח,2022,3
827,נווה מבטח,2024,3
827,נווה מבטח,2025,3
828,ישרש,1998,7
828,ישרש,1999,3
828,ישרש,2000,12
828,ישרש,2001,2
828,ישרש,2002,2
828,ישרש,2003,3
828,ישרש,2004,6
828,ישרש,2006,4
828,ישרש,2007,1
828,ישרש,2008,8
828,ישרש,2010,2
828,ישרש,2011,1
828,ישרש,2012,14
828,ישרש,2013,4
828,ישרש,2014,3
828,ישרש,2015,5
828,ישרש,2016,1
828,ישרש,2017,3
828,ישרש,2020,4
828,ישרש,2021,8
828,ישרש,2022,9
828,ישרש,2023,8
828,ישרש,2024,13
828,ישרש,2025,1
828,ישרש,2026,3
829,מבטחים,2022,6
829,מבטחים,2023,8
829,מבטחים,2024,2
829,מבטחים,2025,7
829,מבטחים,2026,1
8300,ראשון לציון,1998,4544
8300,ראשון לציון,1999,5300
8300,ראשון לציון,2000,4706
8300,ראשון לציון,2001,4293
8300,ראשון לציון,2002,3748
8300,ראשון לציון,2003,3333
8300,ראשון לציון,2004,3465
8300,ראשון לציון,2005,3447
8300,ראשון לציון,2006,3801
8300,ראשון לציון,2007,4501
8300,ראשון לציון,2008,3948
8300,ראשון לציון,2009,4183
8300,ראשון לציון,2010,4211
8300,ראשון לציון,2011,3762
8300,ראשון לציון,2012,4044
8300,ראשון לציון,2013,4459
8300,ראשון לציון,2014,4060
8300,ראשון לציון,2015,4103
8300,ראשון לציון,2016,4043
8300,ראשון לציון,2017,3911
8300,ראשון לציון,2018,4007
8300,ראשון לציון,2019,4560
8300,ראשון לציון,2020,4011
8300,ראשון לציון,2021,5760
8300,ראשון לציון,2022,4607
8300,ראשון לציון,2023,3054
8300,ראשון לציון,2024,3991
8300,ראשון לציון,2025,4099
8300,ראשון לציון,2026,1506
831,ירוחם,1998,62
831,ירוחם,1999,85
831,ירוחם,2000,84
831,ירוחם,2001,75
831,ירוחם,2002,52
831,ירוחם,2003,44
831,ירוחם,2004,47
831,ירוחם,2005,49
831,ירוחם,2006,55
831,ירוחם,2007,77
831,ירוחם,2008,94
831,ירוחם,2009,168
831,ירוחם,2010,267
831,ירוחם,2011,182
831,ירוחם,2012,135
831,ירוחם,2013,155
831,ירוחם,2014,175
831,ירוחם,2015,221
831,ירוחם,2016,215
831,ירוחם,2017,194
831,ירוחם,2018,183
831,ירוחם,2019,110
831,ירוחם,2020,110
831,ירוחם,2021,296
831,ירוחם,2022,299
831,ירוחם,2023,286
831,ירוחם,2024,271
831,ירוחם,2025,317
831,ירוחם,2026,116
833,נורית,2010,1
833,נורית,2012,17
833,נורית,2013,30
833,נורית,2014,6
833,נורית,2015,7
833,נורית,2016,9
833,נורית,2017,11
833,נורית,2018,6
833,נורית,2019,5
833,נורית,2020,7
833,נורית,2021,8
833,נורית,2022,5
833,נורית,2023,1
833,נורית,2024,3
833,נורית,2025,3
836,גנות,2006,3
836,גנות,2007,3
836,גנות,2008,1
836,גנות,2009,4
836,גנות,2010,2
836,גנות,2011,5
836,גנות,2012,2
836,גנות,2013,4
836,גנות,2014,2
836,גנות,2015,4
836,גנות,2016,8
836,גנות,2017,6
836,גנות,2018,9
836,גנות,2019,5
836,גנות,2020,15
836,גנות,2021,5
836,גנות,2022,5
836,גנות,2023,17
836,גנות,2024,4
836,גנות,2025,8
837,עזריאל,1998,2
837,עזריאל,2000,2
837,עזריאל,2001,2
837,עזריאל,2002,1
837,עזריאל,2004,5
837,עזריאל,2005,21
837,עזריאל,2006,18
837,עזריאל,2007,2
837,עזריאל,2008,3
837,עזריאל,2010,25
837,עזריאל,2011,3
837,עזריאל,2012,6
837,עזריאל,2013,5
837,עזריאל,2015,6
837,עזריאל,2016,2
837,עזריאל,2017,3
837,עזריאל,2018,6
837,עזריאל,2019,8
837,עזריאל,2020,5
837,עזריאל,2021,3
837,עזריאל,2022,9
837,עזריאל,2024,4
837,עזריאל,2025,3
838,פדיה,1999,1
838,פדיה,2002,44
838,פדיה,2003,7
838,פדיה,2004,8
838,פדיה,2005,35
838,פדיה,2006,5
838,פדיה,2007,12
838,פדיה,2008,7
838,פדיה,2009,7
838,פדיה,2010,5
838,פדיה,2011,5
838,פדיה,2012,4
838,פדיה,2013,2
838,פדיה,2014,2
838,פדיה,2015,4
838,פדיה,2016,7
838,פדיה,2017,1
838,פדיה,2018,1
838,פדיה,2019,3
838,פדיה,2020,1
838,פדיה,2021,3
838,פדיה,2022,5
838,פדיה,2023,5
838,פדיה,2024,2
838,פדיה,2025,6
839,פתחיה,1998,6
839,פתחיה,2000,1
839,פתחיה,2001,1
839,פתחיה,2002,2
839,פתחיה,2003,2
839,פתחיה,2004,1
839,פתחיה,2005,1
839,פתחיה,2006,3
839,פתחיה,2007,1
839,פתחיה,2008,2
839,פתחיה,2010,1
839,פתחיה,2011,1
839,פתחיה,2012,1
839,פתחיה,2013,12
839,פתחיה,2014,15
839,פתחיה,2015,9
839,פתחיה,2016,2
839,פתחיה,2017,2
839,פתחיה,2018,3
839,פתחיה,2019,3
839,פתחיה,2020,4
839,פתחיה,2021,1
839,פתחיה,2022,2
839,פתחיה,2023,1
839,פתחיה,2024,2
839,פתחיה,2025,5
84,תל יוסף,1998,1
84,תל יוסף,1999,2
84,תל יוסף,2001,1
84,תל יוסף,2002,1
84,תל יוסף,2004,1
84,תל יוסף,2005,2
84,תל יוסף,2006,2
84,תל יוסף,2007,4
84,תל יוסף,2008,1
84,תל יוסף,2009,2
84,תל יוסף,2011,1
84,תל יוסף,2017,2
84,תל יוסף,2018,1
84,תל יוסף,2024,32
84,תל יוסף,2025,8
840,כיסופים,2011,8
840,כיסופים,2012,2
840,כיסופים,2013,51
840,כיסופים,2014,6
840,כיסופים,2015,3
840,כיסופים,2016,2
840,כיסופים,2017,6
840,כיסופים,2018,2
840,כיסופים,2020,2
840,כיסופים,2021,7
840,כיסופים,2022,2
840,כיסופים,2023,7
840,כיסופים,2025,2
8400,רחובות,1998,1563
8400,רחובות,1999,1754
8400,רחובות,2000,1691
8400,רחובות,2001,1890
8400,רחובות,2002,2055
8400,רחובות,2003,1588
8400,רחובות,2004,1765
8400,רחובות,2005,1789
8400,רחובות,2006,2003
8400,רחובות,2007,2751
8400,רחובות,2008,2541
8400,רחובות,2009,2464
8400,רחובות,2010,2571
8400,רחובות,2011,2299
8400,רחובות,2012,2793
8400,רחובות,2013,2924
8400,רחובות,2014,2576
8400,רחובות,2015,3024
8400,רחובות,2016,2672
8400,רחובות,2017,2678
8400,רחובות,2018,2628
8400,רחובות,2019,2498
8400,רחובות,2020,2664
8400,רחובות,2021,3453
8400,רחובות,2022,2459
8400,רחובות,2023,1707
8400,רחובות,2024,2317
8400,רחובות,2025,2014
8400,רחובות,2026,799
841,אלישמע,1998,6
841,אלישמע,1999,1
841,אלישמע,2000,2
841,אלישמע,2001,2
841,אלישמע,2002,8
841,אלישמע,2003,2
841,אלישמע,2004,2
841,אלישמע,2005,1
841,אלישמע,2006,4
841,אלישמע,2007,6
841,אלישמע,2008,5
841,אלישמע,2010,4
841,אלישמע,2011,1
841,אלישמע,2012,6
841,אלישמע,2013,2
841,אלישמע,2014,1
841,אלישמע,2015,4
841,אלישמע,2016,2
841,אלישמע,2017,1
841,אלישמע,2018,2
841,אלישמע,2019,3
841,אלישמע,2020,6
841,אלישמע,2021,5
841,אלישמע,2022,5
841,אלישמע,2023,1
841,אלישמע,2024,3
841,אלישמע,2025,1
842,געש,1998,29
842,געש,1999,16
842,געש,2000,6
842,געש,2001,2
842,געש,2005,1
842,געש,2006,29
842,געש,2007,13
842,געש,2008,3
842,געש,2009,3
842,געש,2010,3
842,געש,2011,9
842,געש,2012,41
842,געש,2013,16
842,געש,2014,6
842,געש,2015,12
842,געש,2016,5
842,געש,2017,6
842,געש,2018,13
842,געש,2019,11
842,געש,2020,10
842,געש,2021,10
842,געש,2022,1
842,געש,2023,2
842,געש,2024,3
842,געש,2025,1
842,געש,2026,2
843,מרגליות,1998,1
843,מרגליות,1999,2
843,מרגליות,2000,2
843,מרגליות,2001,2
843,מרגליות,2002,1
843,מרגליות,2004,1
843,מרגליות,2005,2
843,מרגליות,2007,1
843,מרגליות,2008,1
843,מרגליות,2012,4
843,מרגליות,2019,7
843,מרגליות,2022,7
843,מרגליות,2023,2
843,מרגליות,2024,2
843,מרגליות,2025,13
844,נחל עוז,2006,1
844,נחל עוז,2007,1
844,נחל עוז,2008,1
844,נחל עוז,2009,1
844,נחל עוז,2015,1
844,נחל עוז,2016,3
844,נחל עוז,2017,1
844,נחל עוז,2018,65
844,נחל עוז,2019,5
844,נחל עוז,2020,3
844,נחל עוז,2021,7
844,נחל עוז,2022,3
844,נחל עוז,2026,1
845,כפר עזה,1999,8
845,כפר עזה,2000,6
845,כפר עזה,2001,4
845,כפר עזה,2002,1
845,כפר עזה,2004,3
845,כפר עזה,2005,1
845,כפר עזה,2006,2
845,כפר עזה,2012,22
845,כפר עזה,2014,4
845,כפר עזה,2015,22
845,כפר עזה,2016,1
845,כפר עזה,2017,1
845,כפר עזה,2018,1
845,כפר עזה,2019,2
845,כפר עזה,2020,2
845,כפר עזה,2021,1
845,כפר עזה,2022,23
845,כפר עזה,2023,20
845,כפר עזה,2024,1
846,שפר,1999,1
846,שפר,2000,1
846,שפר,2001,1
846,שפר,2007,12
846,שפר,2008,19
846,שפר,2009,5
846,שפר,2010,1
846,שפר,2011,3
846,שפר,2012,2
846,שפר,2013,7
846,שפר,2014,2
846,שפר,2015,1
846,שפר,2016,4
846,שפר,2017,2
846,שפר,2018,4
846,שפר,2019,5
846,שפר,2020,1
846,שפר,2021,7
846,שפר,2022,3
846,שפר,2023,3
846,שפר,2024,2
846,שפר,2025,1
848,בית רבן,2019,1
85,כפר יחזקאל,1998,8
85,כפר יחזקאל,1999,7
85,כפר יחזקאל,2001,19
85,כפר יחזקאל,2002,7
85,כפר יחזקאל,2003,10
85,כפר יחזקאל,2004,8
85,כפר יחזקאל,2005,11
85,כפר יחזקאל,2006,19
85,כפר יחזקאל,2007,10
85,כפר יחזקאל,2008,9
85,כפר יחזקאל,2009,12
85,כפר יחזקאל,2010,10
85,כפר יחזקאל,2011,2
85,כפר יחזקאל,2012,3
85,כפר יחזקאל,2013,1
85,כפר יחזקאל,2014,3
85,כפר יחזקאל,2015,5
85,כפר יחזקאל,2017,22
85,כפר יחזקאל,2018,50
85,כפר יחזקאל,2019,9
85,כפר יחזקאל,2020,8
85,כפר יחזקאל,2021,14
85,כפר יחזקאל,2022,14
85,כפר יחזקאל,2023,8
85,כפר יחזקאל,2024,14
85,כפר יחזקאל,2025,15
85,כפר יחזקאל,2026,2
850,אחיטוב,1998,7
850,אחיטוב,1999,8
850,אחיטוב,2000,2
850,אחיטוב,2001,4
850,אחיטוב,2002,17
850,אחיטוב,2003,2
850,אחיטוב,2004,8
850,אחיטוב,2005,7
850,אחיטוב,2006,4
850,אחיטוב,2007,11
850,אחיטוב,2008,7
850,אחיטוב,2009,13
850,אחיטוב,2010,12
850,אחיטוב,2011,2
850,אחיטוב,2013,7
850,אחיטוב,2014,4
850,אחיטוב,2015,1
850,אחיטוב,2016,5
850,אחיטוב,2017,8
850,אחיטוב,2018,7
850,אחיטוב,2019,2
850,אחיטוב,2020,5
850,אחיטוב,2021,3
850,אחיטוב,2022,4
850,אחיטוב,2023,1
850,אחיטוב,2024,10
850,אחיטוב,2025,3
850,אחיטוב,2026,1
8500,רמלה,1998,509
8500,רמלה,1999,549
8500,רמלה,2000,605
8500,רמלה,2001,695
8500,רמלה,2002,541
8500,רמלה,2003,539
8500,רמלה,2004,649
8500,רמלה,2005,667
8500,רמלה,2006,781
8500,רמלה,2007,809
8500,רמלה,2008,908
8500,רמלה,2009,1054
8500,רמלה,2010,1105
8500,רמלה,2011,825
8500,רמלה,2012,1020
8500,רמלה,2013,1136
8500,רמלה,2014,1070
8500,רמלה,2015,949
8500,רמלה,2016,911
8500,רמלה,2017,865
8500,רמלה,2018,1552
8500,רמלה,2019,1065
8500,רמלה,2020,1534
8500,רמלה,2021,1446
8500,רמלה,2022,1110
8500,רמלה,2023,696
8500,רמלה,2024,892
8500,רמלה,2025,919
8500,רמלה,2026,720
851,ניצני עוז,1998,1
851,ניצני עוז,1999,1
851,ניצני עוז,2000,3
851,ניצני עוז,2001,2
851,ניצני עוז,2002,2
851,ניצני עוז,2003,2
851,ניצני עוז,2004,6
851,ניצני עוז,2005,7
851,ניצני עוז,2006,16
851,ניצני עוז,2007,7
851,ניצני עוז,2008,3
851,ניצני עוז,2009,5
851,ניצני עוז,2010,15
851,ניצני עוז,2011,3
851,ניצני עוז,2012,3
851,ניצני עוז,2013,3
851,ניצני עוז,2014,4
851,ניצני עוז,2015,6
851,ניצני עוז,2016,8
851,ניצני עוז,2017,4
851,ניצני עוז,2018,4
851,ניצני עוז,2019,6
851,ניצני עוז,2020,4
851,ניצני עוז,2021,10
851,ניצני עוז,2022,3
851,ניצני עוז,2023,5
851,ניצני עוז,2024,2
851,ניצני עוז,2025,4
851,ניצני עוז,2026,1
852,גונן,2004,1
852,גונן,2007,1
852,גונן,2008,2
852,גונן,2009,1
852,גונן,2011,1
852,גונן,2012,1
852,גונן,2014,87
852,גונן,2015,11
852,גונן,2016,5
852,גונן,2017,3
852,גונן,2018,5
852,גונן,2020,4
852,גונן,2021,10
852,גונן,2022,15
852,גונן,2023,8
852,גונן,2024,3
852,גונן,2025,2
852,גונן,2026,1
853,גאליה,1998,1
853,גאליה,1999,4
853,גאליה,2000,1
853,גאליה,2001,18
853,גאליה,2003,5
853,גאליה,2004,2
853,גאליה,2005,1
853,גאליה,2006,1
853,גאליה,2007,2
853,גאליה,2008,5
853,גאליה,2009,2
853,גאליה,2010,9
853,גאליה,2011,4
853,גאליה,2014,2
853,גאליה,2015,4
853,גאליה,2016,2
853,גאליה,2017,8
853,גאליה,2018,9
853,גאליה,2019,4
853,גאליה,2020,3
853,גאליה,2021,8
853,גאליה,2022,8
853,גאליה,2023,2
853,גאליה,2024,7
853,גאליה,2025,1
853,גאליה,2026,1
854,רחוב,1999,2
854,רחוב,2004,1
854,רחוב,2007,1
854,רחוב,2009,4
854,רחוב,2010,1
854,רחוב,2011,3
854,רחוב,2014,6
854,רחוב,2015,5
854,רחוב,2016,5
854,רחוב,2017,1
854,רחוב,2018,4
854,רחוב,2019,1
854,רחוב,2020,7
854,רחוב,2021,12
854,רחוב,2022,7
854,רחוב,2024,2
856,שעלבים,1998,19
856,שעלבים,1999,13
856,שעלבים,2000,10
856,שעלבים,2001,10
856,שעלבים,2002,7
856,שעלבים,2003,7
856,שעלבים,2004,10
856,שעלבים,2005,5
856,שעלבים,2006,6
856,שעלבים,2007,8
856,שעלבים,2008,5
856,שעלבים,2009,29
856,שעלבים,2010,53
856,שעלבים,2011,4
856,שעלבים,2012,6
856,שעלבים,2013,11
856,שעלבים,2014,7
856,שעלבים,2015,11
856,שעלבים,2016,1
856,שעלבים,2017,3
856,שעלבים,2018,1
856,שעלבים,2019,2
856,שעלבים,2020,5
856,שעלבים,2021,2
856,שעלבים,2022,2
856,שעלבים,2023,2
856,שעלבים,2024,1
856,שעלבים,2025,2
856,שעלבים,2026,2
857,כפר אביב,1998,3
857,כפר אביב,1999,3
857,כפר אביב,2000,1
857,כפר אביב,2003,12
857,כפר אביב,2004,2
857,כפר אביב,2005,1
857,כפר אביב,2006,2
857,כפר אביב,2007,6
857,כפר אביב,2009,4
857,כפר אביב,2010,2
857,כפר אביב,2012,2
857,כפר אביב,2013,2
857,כפר אביב,2014,3
857,כפר אביב,2015,2
857,כפר אביב,2016,2
857,כפר אביב,2017,4
857,כפר אביב,2018,3
857,כפר אביב,2019,2
857,כפר אביב,2021,7
857,כפר אביב,2022,3
857,כפר אביב,2023,12
857,כפר אביב,2024,5
857,כפר אביב,2025,8
857,כפר אביב,2026,1
858,נווה ירק,1998,1
858,נווה ירק,1999,6
858,נווה ירק,2000,2
858,נווה ירק,2001,11
858,נווה ירק,2003,1
858,נווה ירק,2004,1
858,נווה ירק,2006,6
858,נווה ירק,2007,8
858,נווה ירק,2008,7
858,נווה ירק,2009,7
858,נווה ירק,2010,6
858,נווה ירק,2011,14
858,נווה ירק,2012,4
858,נווה ירק,2013,3
858,נווה ירק,2014,1
858,נווה ירק,2016,9
858,נווה ירק,2017,3
858,נווה ירק,2018,6
858,נווה ירק,2019,5
858,נווה ירק,2020,8
858,נווה ירק,2021,4
858,נווה ירק,2022,7
858,נווה ירק,2023,6
858,נווה ירק,2024,9
858,נווה ירק,2025,9
859,כסלון,2001,2
859,כסלון,2006,4
859,כסלון,2007,5
859,כסלון,2009,3
859,כסלון,2010,2
859,כסלון,2012,3
859,כסלון,2017,4
859,כסלון,2021,2
859,כסלון,2022,2
859,כסלון,2024,2
86,גבע,2005,1
86,גבע,2007,1
86,גבע,2010,1
86,גבע,2015,1
86,גבע,2018,1
86,גבע,2021,1
86,גבע,2023,1
86,גבע,2024,34
86,גבע,2025,3
86,גבע,2026,6
8600,רמת גן,1998,2184
8600,רמת גן,1999,2583
8600,רמת גן,2000,2132
8600,רמת גן,2001,2104
8600,רמת גן,2002,2350
8600,רמת גן,2003,2025
8600,רמת גן,2004,2494
8600,רמת גן,2005,2445
8600,רמת גן,2006,2926
8600,רמת גן,2007,3317
8600,רמת גן,2008,2819
8600,רמת גן,2009,2704
8600,רמת גן,2010,2552
8600,רמת גן,2011,2290
8600,רמת גן,2012,3503
8600,רמת גן,2013,4244
8600,רמת גן,2014,3652
8600,רמת גן,2015,4522
8600,רמת גן,2016,3413
8600,רמת גן,2017,2949
8600,רמת גן,2018,3042
8600,רמת גן,2019,3673
8600,רמת גן,2020,3398
8600,רמת גן,2021,5096
8600,רמת גן,2022,4159
8600,רמת גן,2023,2024
8600,רמת גן,2024,3060
8600,רמת גן,2025,2242
8600,רמת גן,2026,795
861,שדה אליעזר,1999,2
861,שדה אליעזר,2003,1
861,שדה אליעזר,2004,2
861,שדה אליעזר,2005,8
861,שדה אליעזר,2006,6
861,שדה אליעזר,2007,9
861,שדה אליעזר,2008,9
861,שדה אליעזר,2009,34
861,שדה אליעזר,2010,64
861,שדה אליעזר,2011,11
861,שדה אליעזר,2012,9
861,שדה אליעזר,2013,6
861,שדה אליעזר,2014,7
861,שדה אליעזר,2015,8
861,שדה אליעזר,2016,9
861,שדה אליעזר,2017,1
861,שדה אליעזר,2019,15
861,שדה אליעזר,2020,6
861,שדה אליעזר,2021,12
861,שדה אליעזר,2022,14
861,שדה אליעזר,2023,4
861,שדה אליעזר,2024,1
861,שדה אליעזר,2025,6
861,שדה אליעזר,2026,2
862,גני יוחנן,1998,3
862,גני יוחנן,1999,1
862,גני יוחנן,2000,1
862,גני יוחנן,2001,7
862,גני יוחנן,2002,5
862,גני יוחנן,2003,1
862,גני יוחנן,2004,2
862,גני יוחנן,2005,5
862,גני יוחנן,2006,3
862,גני יוחנן,2007,4
862,גני יוחנן,2008,8
862,גני יוחנן,2009,3
862,גני יוחנן,2010,3
862,גני יוחנן,2011,2
862,גני יוחנן,2012,4
862,גני יוחנן,2013,8
862,גני יוחנן,2014,9
862,גני יוחנן,2015,11
862,גני יוחנן,2016,4
862,גני יוחנן,2017,5
862,גני יוחנן,2018,2
862,גני יוחנן,2019,5
862,גני יוחנן,2020,6
862,גני יוחנן,2021,1
862,גני יוחנן,2022,4
862,גני יוחנן,2023,1
862,גני יוחנן,2024,5
862,גני יוחנן,2025,1
862,גני יוחנן,2026,1
863,גינתון,1999,1
863,גינתון,2003,2
863,גינתון,2004,2
863,גינתון,2005,8
863,גינתון,2006,3
863,גינתון,2007,10
863,גינתון,2008,4
863,גינתון,2009,5
863,גינתון,2010,1
863,גינתון,2011,1
863,גינתון,2012,4
863,גינתון,2013,2
863,גינתון,2014,2
863,גינתון,2015,5
863,גינתון,2017,7
863,גינתון,2018,1
863,גינתון,2019,3
863,גינתון,2020,3
863,גינתון,2021,1
863,גינתון,2022,3
863,גינתון,2023,2
863,גינתון,2024,2
863,גינתון,2025,2
864,בקוע,2006,58
864,בקוע,2011,2
864,בקוע,2012,21
864,בקוע,2013,1
864,בקוע,2016,1
864,בקוע,2017,4
864,בקוע,2018,21
864,בקוע,2019,8
864,בקוע,2020,7
864,בקוע,2021,17
864,בקוע,2022,13
864,בקוע,2023,3
864,בקוע,2024,6
864,בקוע,2026,1
865,שיבולים,1998,5
865,שיבולים,1999,5
865,שיבולים,2000,3
865,שיבולים,2001,3
865,שיבולים,2002,6
865,שיבולים,2003,5
865,שיבולים,2004,4
865,שיבולים,2005,13
865,שיבולים,2006,6
865,שיבולים,2007,7
865,שיבולים,2008,4
865,שיבולים,2009,10
865,שיבולים,2010,3
865,שיבולים,2011,1
865,שיבולים,2012,4
865,שיבולים,2014,2
865,שיבולים,2015,7
865,שיבולים,2017,1
865,שיבולים,2018,6
865,שיבולים,2019,3
865,שיבולים,2020,9
865,שיבולים,2021,12
865,שיבולים,2022,3
865,שיבולים,2023,5
865,שיבולים,2024,1
865,שיבולים,2025,14
865,שיבולים,2026,17
866,יטבתה,2000,1
866,יטבתה,2002,2
866,יטבתה,2003,1
866,יטבתה,2010,2
866,יטבתה,2012,2
866,יטבתה,2013,2
866,יטבתה,2015,4
866,יטבתה,2016,4
866,יטבתה,2018,1
866,יטבתה,2019,1
866,יטבתה,2022,2
866,יטבתה,2023,1
870,גבעת השלושה,1998,2
870,גבעת השלושה,1999,1
870,גבעת השלושה,2001,1
870,גבעת השלושה,2003,1
870,גבעת השלושה,2004,4
870,גבעת השלושה,2006,2
870,גבעת השלושה,2009,1
870,גבעת השלושה,2014,1
870,גבעת השלושה,2015,116
870,גבעת השלושה,2016,7
870,גבעת השלושה,2017,2
870,גבעת השלושה,2018,23
870,גבעת השלושה,2019,4
870,גבעת השלושה,2020,2
870,גבעת השלושה,2021,2
870,גבעת השלושה,2022,3
870,גבעת השלושה,2023,13
870,גבעת השלושה,2024,1
870,גבעת השלושה,2025,21
8700,רעננה,1998,1046
8700,רעננה,1999,1415
8700,רעננה,2000,1089
8700,רעננה,2001,1116
8700,רעננה,2002,1282
8700,רעננה,2003,1080
8700,רעננה,2004,1168
8700,רעננה,2005,1152
8700,רעננה,2006,1096
8700,רעננה,2007,1157
8700,רעננה,2008,982
8700,רעננה,2009,1025
8700,רעננה,2010,1007
8700,רעננה,2011,820
8700,רעננה,2012,958
8700,רעננה,2013,1162
8700,רעננה,2014,1227
8700,רעננה,2015,1628
8700,רעננה,2016,1410
8700,רעננה,2017,1592
8700,רעננה,2018,1444
8700,רעננה,2019,1548
8700,רעננה,2020,1549
8700,רעננה,2021,2254
8700,רעננה,2022,1900
8700,רעננה,2023,1451
8700,רעננה,2024,1806
8700,רעננה,2025,1362
8700,רעננה,2026,445
871,עינת,2007,5
871,עינת,2009,17
871,עינת,2010,1
871,עינת,2011,1
871,עינת,2018,1
871,עינת,2019,3
871,עינת,2020,22
871,עינת,2021,4
871,עינת,2022,5
871,עינת,2023,4
871,עינת,2024,4
871,עינת,2025,22
872,גאולי תימן,2018,3
872,גאולי תימן,2019,1
872,גאולי תימן,2024,1
872,גאולי תימן,2025,3
873,שלווה,2009,1
873,שלווה,2013,10
873,שלווה,2016,8
873,שלווה,2017,15
873,שלווה,2018,8
873,שלווה,2019,3
873,שלווה,2020,8
873,שלווה,2021,2
873,שלווה,2022,1
874,מגדל העמק,1998,293
874,מגדל העמק,1999,270
874,מגדל העמק,2000,349
874,מגדל העמק,2001,378
874,מגדל העמק,2002,175
874,מגדל העמק,2003,198
874,מגדל העמק,2004,149
874,מגדל העמק,2005,236
874,מגדל העמק,2006,184
874,מגדל העמק,2007,244
874,מגדל העמק,2008,322
874,מגדל העמק,2009,302
874,מגדל העמק,2010,407
874,מגדל העמק,2011,289
874,מגדל העמק,2012,285
874,מגדל העמק,2013,320
874,מגדל העמק,2014,346
874,מגדל העמק,2015,411
874,מגדל העמק,2016,376
874,מגדל העמק,2017,492
874,מגדל העמק,2018,662
874,מגדל העמק,2019,549
874,מגדל העמק,2020,348
874,מגדל העמק,2021,574
874,מגדל העמק,2022,826
874,מגדל העמק,2023,536
874,מגדל העמק,2024,573
874,מגדל העמק,2025,484
874,מגדל העמק,2026,375
875,כפר עבודה,2022,3
875,כפר עבודה,2023,1
877,בית חירות,1999,3
877,בית חירות,2000,1
877,בית חירות,2001,2
877,בית חירות,2002,9
877,בית חירות,2003,2
877,בית חירות,2004,8
877,בית חירות,2005,8
877,בית חירות,2006,4
877,בית חירות,2007,1
877,בית חירות,2008,4
877,בית חירות,2009,1
877,בית חירות,2010,3
877,בית חירות,2012,2
877,בית חירות,2014,1
877,בית חירות,2015,8
877,בית חירות,2016,3
877,בית חירות,2017,2
877,בית חירות,2018,5
877,בית חירות,2019,11
877,בית חירות,2020,12
877,בית חירות,2021,3
877,בית חירות,2022,4
877,בית חירות,2023,5
877,בית חירות,2024,5
877,בית חירות,2025,5
88,כרם בן שמן,2016,1
88,כרם בן שמן,2020,3
88,כרם בן שמן,2025,1
880,עין שריד,1998,3
880,עין שריד,1999,18
880,עין שריד,2000,11
880,עין שריד,2001,5
880,עין שריד,2003,4
880,עין שריד,2004,10
880,עין שריד,2005,18
880,עין שריד,2006,34
880,עין שריד,2007,34
880,עין שריד,2008,15
880,עין שריד,2009,27
880,עין שריד,2010,19
880,עין שריד,2011,14
880,עין שריד,2012,15
880,עין שריד,2013,7
880,עין שריד,2014,19
880,עין שריד,2015,10
880,עין שריד,2016,18
880,עין שריד,2017,10
880,עין שריד,2018,20
880,עין שריד,2019,16
880,עין שריד,2020,21
880,עין שריד,2021,11
880,עין שריד,2022,17
880,עין שריד,2023,8
880,עין שריד,2024,14
880,עין שריד,2025,7
880,עין שריד,2026,2
8800,שפרעם,1998,203
8800,שפרעם,1999,223
8800,שפרעם,2000,127
8800,שפרעם,2001,156
8800,שפרעם,2002,181
8800,שפרעם,2003,133
8800,שפרעם,2004,133
8800,שפרעם,2005,135
8800,שפרעם,2006,135
8800,שפרעם,2007,170
8800,שפרעם,2008,151
8800,שפרעם,2009,209
8800,שפרעם,2010,195
8800,שפרעם,2011,188
8800,שפרעם,2012,193
8800,שפרעם,2013,226
8800,שפרעם,2014,224
8800,שפרעם,2015,205
8800,שפרעם,2016,209
8800,שפרעם,2017,256
8800,שפרעם,2018,258
8800,שפרעם,2019,212
8800,שפרעם,2020,232
8800,שפרעם,2021,245
8800,שפרעם,2022,206
8800,שפרעם,2023,201
8800,שפרעם,2024,243
8800,שפרעם,2025,161
8800,שפרעם,2026,53
885,שדה בוקר,1998,8
885,שדה בוקר,1999,5
885,שדה בוקר,2000,17
885,שדה בוקר,2001,7
885,שדה בוקר,2002,28
885,שדה בוקר,2003,6
885,שדה בוקר,2004,12
885,שדה בוקר,2005,6
885,שדה בוקר,2006,13
885,שדה בוקר,2007,12
885,שדה בוקר,2008,21
885,שדה בוקר,2009,7
885,שדה בוקר,2010,100
885,שדה בוקר,2011,5
885,שדה בוקר,2012,42
885,שדה בוקר,2013,9
885,שדה בוקר,2014,9
885,שדה בוקר,2015,9
885,שדה בוקר,2016,20
885,שדה בוקר,2017,5
885,שדה בוקר,2018,5
885,שדה בוקר,2019,59
885,שדה בוקר,2020,2
885,שדה בוקר,2021,2
885,שדה בוקר,2022,3
885,שדה בוקר,2023,7
885,שדה בוקר,2024,4
885,שדה בוקר,2026,1
888,"כפר הרי""ף",1998,7
888,"כפר הרי""ף",1999,6
888,"כפר הרי""ף",2000,10
888,"כפר הרי""ף",2001,6
888,"כפר הרי""ף",2002,5
888,"כפר הרי""ף",2003,2
888,"כפר הרי""ף",2004,14
888,"כפר הרי""ף",2005,7
888,"כפר הרי""ף",2006,11
888,"כפר הרי""ף",2007,15
888,"כפר הרי""ף",2008,15
888,"כפר הרי""ף",2009,5
888,"כפר הרי""ף",2010,8
888,"כפר הרי""ף",2011,5
888,"כפר הרי""ף",2012,14
888,"כפר הרי""ף",2013,3
888,"כפר הרי""ף",2014,6
888,"כפר הרי""ף",2015,5
888,"כפר הרי""ף",2016,2
888,"כפר הרי""ף",2017,4
888,"כפר הרי""ף",2018,2
888,"כפר הרי""ף",2019,2
888,"כפר הרי""ף",2020,10
888,"כפר הרי""ף",2021,17
888,"כפר הרי""ף",2022,11
888,"כפר הרי""ף",2023,4
888,"כפר הרי""ף",2024,5
888,"כפר הרי""ף",2026,3
889,כפר חסידים ב',1999,1
889,כפר חסידים ב',2009,2
889,כפר חסידים ב',2010,3
889,כפר חסידים ב',2012,6
889,כפר חסידים ב',2013,4
889,כפר חסידים ב',2015,1
889,כפר חסידים ב',2018,1
889,כפר חסידים ב',2020,2
889,כפר חסידים ב',2023,5
889,כפר חסידים ב',2026,2
89,עין חרוד )איחוד(,2007,3
89,עין חרוד )איחוד(,2017,1
8900,טמרה,1998,106
8900,טמרה,1999,102
8900,טמרה,2000,86
8900,טמרה,2001,179
8900,טמרה,2002,100
8900,טמרה,2003,54
8900,טמרה,2004,65
8900,טמרה,2005,114
8900,טמרה,2006,68
8900,טמרה,2007,99
8900,טמרה,2008,66
8900,טמרה,2009,107
8900,טמרה,2010,101
8900,טמרה,2011,124
8900,טמרה,2012,102
8900,טמרה,2013,105
8900,טמרה,2014,131
8900,טמרה,2015,167
8900,טמרה,2016,156
8900,טמרה,2017,110
8900,טמרה,2018,159
8900,טמרה,2019,167
8900,טמרה,2020,222
8900,טמרה,2021,206
8900,טמרה,2022,193
8900,טמרה,2023,270
8900,טמרה,2024,259
8900,טמרה,2025,218
8900,טמרה,2026,72
892,עבדון,2008,3
892,עבדון,2009,1
892,עבדון,2010,2
892,עבדון,2011,2
892,עבדון,2012,5
892,עבדון,2013,3
892,עבדון,2014,1
892,עבדון,2015,3
892,עבדון,2016,2
892,עבדון,2017,1
892,עבדון,2018,1
892,עבדון,2019,1
892,עבדון,2020,1
892,עבדון,2021,2
892,עבדון,2022,3
892,עבדון,2023,1
892,עבדון,2024,2
892,עבדון,2025,1
897,מדרשת רופין,2002,1
90,חפצי-בה,2013,159
90,חפצי-בה,2014,119
90,חפצי-בה,2015,2
90,חפצי-בה,2016,3
90,חפצי-בה,2017,1
90,חפצי-בה,2018,8
90,חפצי-בה,2019,4
90,חפצי-בה,2020,9
90,חפצי-בה,2021,17
90,חפצי-בה,2022,12
90,חפצי-בה,2023,3
90,חפצי-בה,2024,8
90,חפצי-בה,2025,2
9000,באר שבע,1998,2874
9000,באר שבע,1999,3178
9000,באר שבע,2000,2729
9000,באר שבע,2001,3745
9000,באר שבע,2002,2824
9000,באר שבע,2003,2772
9000,באר שבע,2004,2430
9000,באר שבע,2005,2142
9000,באר שבע,2006,2000
9000,באר שבע,2007,2472
9000,באר שבע,2008,3740
9000,באר שבע,2009,3958
9000,באר שבע,2010,4403
9000,באר שבע,2011,3868
9000,באר שבע,2012,4973
9000,באר שבע,2013,5555
9000,באר שבע,2014,4820
9000,באר שבע,2015,5717
9000,באר שבע,2016,5297
9000,באר שבע,2017,4207
9000,באר שבע,2018,4354
9000,באר שבע,2019,4759
9000,באר שבע,2020,4443
9000,באר שבע,2021,5942
9000,באר שבע,2022,5859
9000,באר שבע,2023,4229
9000,באר שבע,2024,5214
9000,באר שבע,2025,3963
9000,באר שבע,2026,1545
9100,נהרייה,1998,921
9100,נהרייה,1999,1148
9100,נהרייה,2000,1114
9100,נהרייה,2001,1148
9100,נהרייה,2002,975
9100,נהרייה,2003,858
9100,נהרייה,2004,683
9100,נהרייה,2005,692
9100,נהרייה,2006,615
9100,נהרייה,2007,903
9100,נהרייה,2008,1004
9100,נהרייה,2009,1068
9100,נהרייה,2010,1259
9100,נהרייה,2011,1148
9100,נהרייה,2012,1256
9100,נהרייה,2013,1347
9100,נהרייה,2014,1221
9100,נהרייה,2015,1619
9100,נהרייה,2016,1591
9100,נהרייה,2017,1145
9100,נהרייה,2018,1218
9100,נהרייה,2019,1539
9100,נהרייה,2020,1893
9100,נהרייה,2021,2810
9100,נהרייה,2022,1888
9100,נהרייה,2023,1224
9100,נהרייה,2024,1186
9100,נהרייה,2025,1123
9100,נהרייה,2026,574
913,שבלי - אום אל-גנם,1998,3
913,שבלי - אום אל-גנם,1999,14
913,שבלי - אום אל-גנם,2000,10
913,שבלי - אום אל-גנם,2002,12
913,שבלי - אום אל-גנם,2003,26
913,שבלי - אום אל-גנם,2004,9
913,שבלי - אום אל-גנם,2005,11
913,שבלי - אום אל-גנם,2006,1
913,שבלי - אום אל-גנם,2007,4
913,שבלי - אום אל-גנם,2008,4
913,שבלי - אום אל-גנם,2009,5
913,שבלי - אום אל-גנם,2010,3
913,שבלי - אום אל-גנם,2011,11
913,שבלי - אום אל-גנם,2012,6
913,שבלי - אום אל-גנם,2013,16
913,שבלי - אום אל-גנם,2014,37
913,שבלי - אום אל-גנם,2015,13
913,שבלי - אום אל-גנם,2016,8
913,שבלי - אום אל-גנם,2017,12
913,שבלי - אום אל-גנם,2018,15
913,שבלי - אום אל-גנם,2019,21
913,שבלי - אום אל-גנם,2020,17
913,שבלי - אום אל-גנם,2021,7
913,שבלי - אום אל-גנם,2022,7
913,שבלי - אום אל-גנם,2023,12
913,שבלי - אום אל-גנם,2024,21
913,שבלי - אום אל-גנם,2025,15
913,שבלי - אום אל-גנם,2026,2
916,ישע,2000,2
916,ישע,2001,4
916,ישע,2002,1
916,ישע,2004,1
916,ישע,2005,3
916,ישע,2006,3
916,ישע,2007,1
916,ישע,2008,1
916,ישע,2009,1
916,ישע,2010,1
916,ישע,2011,1
916,ישע,2013,1
916,ישע,2014,3
916,ישע,2015,3
916,ישע,2016,1
916,ישע,2017,9
916,ישע,2018,1
916,ישע,2021,6
916,ישע,2022,8
916,ישע,2023,5
916,ישע,2024,6
916,ישע,2025,8
916,ישע,2026,7
917,עצמון שגב,1998,3
917,עצמון שגב,1999,3
917,עצמון שגב,2000,12
917,עצמון שגב,2001,3
917,עצמון שגב,2002,2
917,עצמון שגב,2003,1
917,עצמון שגב,2006,3
917,עצמון שגב,2007,2
917,עצמון שגב,2008,34
917,עצמון שגב,2009,9
917,עצמון שגב,2010,10
917,עצמון שגב,2011,1
917,עצמון שגב,2012,25
917,עצמון שגב,2013,5
917,עצמון שגב,2015,1
917,עצמון שגב,2016,3
917,עצמון שגב,2017,3
917,עצמון שגב,2018,33
917,עצמון שגב,2019,10
917,עצמון שגב,2020,32
917,עצמון שגב,2021,9
917,עצמון שגב,2022,4
917,עצמון שגב,2023,3
917,עצמון שגב,2024,5
917,עצמון שגב,2025,6
919,גבעת ישעיהו,1998,38
919,גבעת ישעיהו,1999,3
919,גבעת ישעיהו,2000,18
919,גבעת ישעיהו,2001,2
919,גבעת ישעיהו,2002,3
919,גבעת ישעיהו,2004,11
919,גבעת ישעיהו,2005,15
919,גבעת ישעיהו,2006,28
919,גבעת ישעיהו,2007,38
919,גבעת ישעיהו,2008,6
919,גבעת ישעיהו,2009,2
919,גבעת ישעיהו,2010,4
919,גבעת ישעיהו,2011,12
919,גבעת ישעיהו,2012,1
919,גבעת ישעיהו,2013,3
919,גבעת ישעיהו,2015,2
919,גבעת ישעיהו,2016,2
919,גבעת ישעיהו,2017,2
919,גבעת ישעיהו,2019,4
919,גבעת ישעיהו,2020,1
919,גבעת ישעיהו,2021,7
919,גבעת ישעיהו,2022,5
919,גבעת ישעיהו,2023,1
919,גבעת ישעיהו,2024,2
92,גיניגר,1999,1
92,גיניגר,2002,2
92,גיניגר,2007,31
92,גיניגר,2008,2
92,גיניגר,2010,3
92,גיניגר,2011,7
92,גיניגר,2012,2
92,גיניגר,2013,1
92,גיניגר,2015,61
92,גיניגר,2016,37
92,גיניגר,2017,36
92,גיניגר,2018,17
92,גיניגר,2019,5
92,גיניגר,2020,8
92,גיניגר,2021,16
92,גיניגר,2022,7
92,גיניגר,2023,1
92,גיניגר,2024,36
92,גיניגר,2025,24
92,גיניגר,2026,2
9200,בית שאן,1998,88
9200,בית שאן,1999,171
9200,בית שאן,2000,175
9200,בית שאן,2001,128
9200,בית שאן,2002,83
9200,בית שאן,2003,148
9200,בית שאן,2004,173
9200,בית שאן,2005,128
9200,בית שאן,2006,161
9200,בית שאן,2007,173
9200,בית שאן,2008,169
9200,בית שאן,2009,153
9200,בית שאן,2010,183
9200,בית שאן,2011,198
9200,בית שאן,2012,245
9200,בית שאן,2013,307
9200,בית שאן,2014,262
9200,בית שאן,2015,350
9200,בית שאן,2016,355
9200,בית שאן,2017,310
9200,בית שאן,2018,245
9200,בית שאן,2019,274
9200,בית שאן,2020,276
9200,בית שאן,2021,362
9200,בית שאן,2022,378
9200,בית שאן,2023,484
9200,בית שאן,2024,632
9200,בית שאן,2025,287
9200,בית שאן,2026,149
921,שער מנשה,2015,1
921,שער מנשה,2016,1
922,רכסים,1998,63
922,רכסים,1999,50
922,רכסים,2000,69
922,רכסים,2001,56
922,רכסים,2002,58
922,רכסים,2003,58
922,רכסים,2004,64
922,רכסים,2005,92
922,רכסים,2006,81
922,רכסים,2007,60
922,רכסים,2008,78
922,רכסים,2009,106
922,רכסים,2010,77
922,רכסים,2011,112
922,רכסים,2012,94
922,רכסים,2013,116
922,רכסים,2014,106
922,רכסים,2015,149
922,רכסים,2016,76
922,רכסים,2017,156
922,רכסים,2018,142
922,רכסים,2019,114
922,רכסים,2020,68
922,רכסים,2021,142
922,רכסים,2022,301
922,רכסים,2023,202
922,רכסים,2024,720
922,רכסים,2025,457
922,רכסים,2026,290
9300,זכרון יעקב,1998,422
9300,זכרון יעקב,1999,486
9300,זכרון יעקב,2000,381
9300,זכרון יעקב,2001,292
9300,זכרון יעקב,2002,252
9300,זכרון יעקב,2003,294
9300,זכרון יעקב,2004,361
9300,זכרון יעקב,2005,466
9300,זכרון יעקב,2006,469
9300,זכרון יעקב,2007,481
9300,זכרון יעקב,2008,458
9300,זכרון יעקב,2009,537
9300,זכרון יעקב,2010,511
9300,זכרון יעקב,2011,425
9300,זכרון יעקב,2012,367
9300,זכרון יעקב,2013,468
9300,זכרון יעקב,2014,321
9300,זכרון יעקב,2015,469
9300,זכרון יעקב,2016,449
9300,זכרון יעקב,2017,354
9300,זכרון יעקב,2018,384
9300,זכרון יעקב,2019,356
9300,זכרון יעקב,2020,354
9300,זכרון יעקב,2021,762
9300,זכרון יעקב,2022,505
9300,זכרון יעקב,2023,321
9300,זכרון יעקב,2024,440
9300,זכרון יעקב,2025,375
9300,זכרון יעקב,2026,135
935,אבו סריחאן )שבט(,2021,2
935,אבו סריחאן )שבט(,2022,1
94,בלפוריה,1998,1
94,בלפוריה,1999,5
94,בלפוריה,2000,2
94,בלפוריה,2001,3
94,בלפוריה,2002,1
94,בלפוריה,2003,5
94,בלפוריה,2004,10
94,בלפוריה,2005,15
94,בלפוריה,2006,2
94,בלפוריה,2008,9
94,בלפוריה,2009,39
94,בלפוריה,2010,63
94,בלפוריה,2011,42
94,בלפוריה,2012,24
94,בלפוריה,2013,19
94,בלפוריה,2014,6
94,בלפוריה,2015,43
94,בלפוריה,2016,28
94,בלפוריה,2017,9
94,בלפוריה,2018,14
94,בלפוריה,2019,19
94,בלפוריה,2020,31
94,בלפוריה,2021,12
94,בלפוריה,2022,24
94,בלפוריה,2023,21
94,בלפוריה,2024,4
94,בלפוריה,2025,16
94,בלפוריה,2026,2
9400,יהוד-מונוסון,2014,3
9400,יהוד-מונוסון,2017,20
9400,יהוד-מונוסון,2018,102
9400,יהוד-מונוסון,2019,178
9400,יהוד-מונוסון,2020,60
9400,יהוד-מונוסון,2021,14
9400,יהוד-מונוסון,2022,65
9400,יהוד-מונוסון,2023,60
9400,יהוד-מונוסון,2024,33
9400,יהוד-מונוסון,2025,248
9400,יהוד-מונוסון,2026,18
944,בסמת טבעון,1998,22
944,בסמת טבעון,1999,7
944,בסמת טבעון,2000,2
944,בסמת טבעון,2001,3
944,בסמת טבעון,2002,6
944,בסמת טבעון,2003,42
944,בסמת טבעון,2004,8
944,בסמת טבעון,2005,4
944,בסמת טבעון,2006,10
944,בסמת טבעון,2007,4
944,בסמת טבעון,2008,20
944,בסמת טבעון,2009,13
944,בסמת טבעון,2010,23
944,בסמת טבעון,2011,16
944,בסמת טבעון,2012,9
944,בסמת טבעון,2013,12
944,בסמת טבעון,2014,21
944,בסמת טבעון,2015,10
944,בסמת טבעון,2016,13
944,בסמת טבעון,2017,19
944,בסמת טבעון,2018,56
944,בסמת טבעון,2019,54
944,בסמת טבעון,2020,25
944,בסמת טבעון,2021,21
944,בסמת טבעון,2022,19
944,בסמת טבעון,2023,33
944,בסמת טבעון,2024,17
944,בסמת טבעון,2025,33
95,בית אלפא,2006,1
95,בית אלפא,2007,10
95,בית אלפא,2008,1
95,בית אלפא,2011,1
95,בית אלפא,2012,7
95,בית אלפא,2014,8
95,בית אלפא,2016,133
95,בית אלפא,2017,52
95,בית אלפא,2018,13
95,בית אלפא,2019,37
95,בית אלפא,2020,17
95,בית אלפא,2021,35
95,בית אלפא,2022,13
95,בית אלפא,2023,6
95,בית אלפא,2024,11
95,בית אלפא,2025,10
9500,קריית ביאליק,1998,609
9500,קריית ביאליק,1999,712
9500,קריית ביאליק,2000,667
9500,קריית ביאליק,2001,669
9500,קריית ביאליק,2002,594
9500,קריית ביאליק,2003,562
9500,קריית ביאליק,2004,638
9500,קריית ביאליק,2005,506
9500,קריית ביאליק,2006,546
9500,קריית ביאליק,2007,605
9500,קריית ביאליק,2008,697
9500,קריית ביאליק,2009,898
9500,קריית ביאליק,2010,1004
9500,קריית ביאליק,2011,743
9500,קריית ביאליק,2012,913
9500,קריית ביאליק,2013,796
9500,קריית ביאליק,2014,728
9500,קריית ביאליק,2015,916
9500,קריית ביאליק,2016,1015
9500,קריית ביאליק,2017,1014
9500,קריית ביאליק,2018,1106
9500,קריית ביאליק,2019,1056
9500,קריית ביאליק,2020,1000
9500,קריית ביאליק,2021,1317
9500,קריית ביאליק,2022,1367
9500,קריית ביאליק,2023,1098
9500,קריית ביאליק,2024,1494
9500,קריית ביאליק,2025,1409
9500,קריית ביאליק,2026,730
958,אבו עבדון )שבט(,2022,2
959,אפיניש )שבט(,2022,9
959,אפיניש )שבט(,2023,80
959,אפיניש )שבט(,2024,3
959,אפיניש )שבט(,2025,10
959,אפיניש )שבט(,2026,2
96,יגור,2005,1
96,יגור,2006,1
96,יגור,2008,1
96,יגור,2011,1
96,יגור,2012,1
96,יגור,2015,1
96,יגור,2017,1
96,יגור,2019,3
96,יגור,2021,3
96,יגור,2024,1
96,יגור,2026,2
9600,קריית ים,1998,640
9600,קריית ים,1999,784
9600,קריית ים,2000,860
9600,קריית ים,2001,586
9600,קריית ים,2002,518
9600,קריית ים,2003,439
9600,קריית ים,2004,408
9600,קריית ים,2005,383
9600,קריית ים,2006,400
9600,קריית ים,2007,531
9600,קריית ים,2008,637
9600,קריית ים,2009,755
9600,קריית ים,2010,780
9600,קריית ים,2011,733
9600,קריית ים,2012,780
9600,קריית ים,2013,810
9600,קריית ים,2014,702
9600,קריית ים,2015,752
9600,קריית ים,2016,699
9600,קריית ים,2017,654
9600,קריית ים,2018,601
9600,קריית ים,2019,1160
9600,קריית ים,2020,1045
9600,קריית ים,2021,1393
9600,קריית ים,2022,1162
9600,קריית ים,2023,758
9600,קריית ים,2024,798
9600,קריית ים,2025,874
9600,קריית ים,2026,325
961,אבו רוקייק )שבט(,2024,1
962,טובא-זנגריה,1998,35
962,טובא-זנגריה,1999,6
962,טובא-זנגריה,2000,5
962,טובא-זנגריה,2001,9
962,טובא-זנגריה,2002,37
962,טובא-זנגריה,2003,5
962,טובא-זנגריה,2004,9
962,טובא-זנגריה,2005,6
962,טובא-זנגריה,2006,17
962,טובא-זנגריה,2007,7
962,טובא-זנגריה,2008,11
962,טובא-זנגריה,2009,10
962,טובא-זנגריה,2010,4
962,טובא-זנגריה,2011,12
962,טובא-זנגריה,2012,8
962,טובא-זנגריה,2013,23
962,טובא-זנגריה,2014,6
962,טובא-זנגריה,2015,8
962,טובא-זנגריה,2016,5
962,טובא-זנגריה,2017,5
962,טובא-זנגריה,2018,16
962,טובא-זנגריה,2019,9
962,טובא-זנגריה,2020,3
962,טובא-זנגריה,2021,50
962,טובא-זנגריה,2022,11
962,טובא-זנגריה,2023,33
962,טובא-זנגריה,2024,54
962,טובא-זנגריה,2025,14
967,אבו ג'ווייעד )שבט(,1999,1
967,אבו ג'ווייעד )שבט(,2007,23
967,אבו ג'ווייעד )שבט(,2008,24
967,אבו ג'ווייעד )שבט(,2009,11
967,אבו ג'ווייעד )שבט(,2010,7
967,אבו ג'ווייעד )שבט(,2011,5
967,אבו ג'ווייעד )שבט(,2012,3
967,אבו ג'ווייעד )שבט(,2013,2
967,אבו ג'ווייעד )שבט(,2014,13
967,אבו ג'ווייעד )שבט(,2015,12
967,אבו ג'ווייעד )שבט(,2016,45
967,אבו ג'ווייעד )שבט(,2017,11
967,אבו ג'ווייעד )שבט(,2018,7
967,אבו ג'ווייעד )שבט(,2019,19
967,אבו ג'ווייעד )שבט(,2020,2
967,אבו ג'ווייעד )שבט(,2021,3
967,אבו ג'ווייעד )שבט(,2022,7
967,אבו ג'ווייעד )שבט(,2023,1
967,אבו ג'ווייעד )שבט(,2025,1
968,אבו קורינאת )שבט(,2006,1
968,אבו קורינאת )שבט(,2007,5
968,אבו קורינאת )שבט(,2009,1
968,אבו קורינאת )שבט(,2010,4
968,אבו קורינאת )שבט(,2011,1
968,אבו קורינאת )שבט(,2012,1
968,אבו קורינאת )שבט(,2013,5
968,אבו קורינאת )שבט(,2015,2
968,אבו קורינאת )שבט(,2016,1
968,אבו קורינאת )שבט(,2017,12
968,אבו קורינאת )שבט(,2018,10
968,אבו קורינאת )שבט(,2019,23
968,אבו קורינאת )שבט(,2021,3
968,אבו קורינאת )שבט(,2022,1
97,מרחביה )מושב(,2000,5
97,מרחביה )מושב(,2001,4
97,מרחביה )מושב(,2002,3
97,מרחביה )מושב(,2003,1
97,מרחביה )מושב(,2004,5
97,מרחביה )מושב(,2005,5
97,מרחביה )מושב(,2006,8
97,מרחביה )מושב(,2007,3
97,מרחביה )מושב(,2008,32
97,מרחביה )מושב(,2009,47
97,מרחביה )מושב(,2010,61
97,מרחביה )מושב(,2011,7
97,מרחביה )מושב(,2012,15
97,מרחביה )מושב(,2013,27
97,מרחביה )מושב(,2014,13
97,מרחביה )מושב(,2015,106
97,מרחביה )מושב(,2016,56
97,מרחביה )מושב(,2017,95
97,מרחביה )מושב(,2018,123
97,מרחביה )מושב(,2019,38
97,מרחביה )מושב(,2020,12
97,מרחביה )מושב(,2021,1
97,מרחביה )מושב(,2022,5
97,מרחביה )מושב(,2023,3
97,מרחביה )מושב(,2024,1
97,מרחביה )מושב(,2025,2
970,תראבין א-צאנע )שבט(,2006,1
970,תראבין א-צאנע )שבט(,2010,1
970,תראבין א-צאנע )שבט(,2019,6
970,תראבין א-צאנע )שבט(,2020,2
970,תראבין א-צאנע )שבט(,2024,1
9700,הוד השרון,1998,761
9700,הוד השרון,1999,987
9700,הוד השרון,2000,819
9700,הוד השרון,2001,727
9700,הוד השרון,2002,890
9700,הוד השרון,2003,901
9700,הוד השרון,2004,1073
9700,הוד השרון,2005,904
9700,הוד השרון,2006,986
9700,הוד השרון,2007,1042
9700,הוד השרון,2008,920
9700,הוד השרון,2009,872
9700,הוד השרון,2010,1059
9700,הוד השרון,2011,1125
9700,הוד השרון,2012,1327
9700,הוד השרון,2013,1320
9700,הוד השרון,2014,1289
9700,הוד השרון,2015,1499
9700,הוד השרון,2016,1401
9700,הוד השרון,2017,1098
9700,הוד השרון,2018,1203
9700,הוד השרון,2019,1253
9700,הוד השרון,2020,1325
9700,הוד השרון,2021,1920
9700,הוד השרון,2022,1341
9700,הוד השרון,2023,1006
9700,הוד השרון,2024,1448
9700,הוד השרון,2025,1015
9700,הוד השרון,2026,327
975,זרזיר,1998,41
975,זרזיר,1999,20
975,זרזיר,2000,23
975,זרזיר,2001,12
975,זרזיר,2002,25
975,זרזיר,2003,69
975,זרזיר,2004,23
975,זרזיר,2005,27
975,זרזיר,2006,14
975,זרזיר,2007,15
975,זרזיר,2008,22
975,זרזיר,2009,21
975,זרזיר,2010,29
975,זרזיר,2011,47
975,זרזיר,2012,28
975,זרזיר,2013,38
975,זרזיר,2014,28
975,זרזיר,2015,21
975,זרזיר,2016,51
975,זרזיר,2017,24
975,זרזיר,2018,47
975,זרזיר,2019,18
975,זרזיר,2020,29
975,זרזיר,2021,32
975,זרזיר,2022,22
975,זרזיר,2023,59
975,זרזיר,2024,47
975,זרזיר,2025,34
975,זרזיר,2026,5
978,כעביה-טבאש-חג'אג'רה,1998,11
978,כעביה-טבאש-חג'אג'רה,1999,5
978,כעביה-טבאש-חג'אג'רה,2000,3
978,כעביה-טבאש-חג'אג'רה,2001,4
978,כעביה-טבאש-חג'אג'רה,2002,11
978,כעביה-טבאש-חג'אג'רה,2004,3
978,כעביה-טבאש-חג'אג'רה,2005,2
978,כעביה-טבאש-חג'אג'רה,2006,19
978,כעביה-טבאש-חג'אג'רה,2007,3
978,כעביה-טבאש-חג'אג'רה,2008,1
978,כעביה-טבאש-חג'אג'רה,2009,2
978,כעביה-טבאש-חג'אג'רה,2010,17
978,כעביה-טבאש-חג'אג'רה,2012,3
978,כעביה-טבאש-חג'אג'רה,2013,3
978,כעביה-טבאש-חג'אג'רה,2014,8
978,כעביה-טבאש-חג'אג'רה,2015,5
978,כעביה-טבאש-חג'אג'רה,2016,5
978,כעביה-טבאש-חג'אג'רה,2017,7
978,כעביה-טבאש-חג'אג'רה,2018,11
978,כעביה-טבאש-חג'אג'רה,2019,7
978,כעביה-טבאש-חג'אג'רה,2020,7
978,כעביה-טבאש-חג'אג'רה,2021,24
978,כעביה-טבאש-חג'אג'רה,2022,18
978,כעביה-טבאש-חג'אג'רה,2023,18
978,כעביה-טבאש-חג'אג'רה,2024,39
978,כעביה-טבאש-חג'אג'רה,2025,44
978,כעביה-טבאש-חג'אג'רה,2026,4
98,"כפר מל""ל",1998,4
98,"כפר מל""ל",1999,5
98,"כפר מל""ל",2000,4
98,"כפר מל""ל",2001,3
98,"כפר מל""ל",2002,2
98,"כפר מל""ל",2003,9
98,"כפר מל""ל",2004,26
98,"כפר מל""ל",2005,26
98,"כפר מל""ל",2006,6
98,"כפר מל""ל",2007,5
98,"כפר מל""ל",2008,8
98,"כפר מל""ל",2009,6
98,"כפר מל""ל",2010,6
98,"כפר מל""ל",2011,9
98,"כפר מל""ל",2012,5
98,"כפר מל""ל",2013,3
98,"כפר מל""ל",2014,2
98,"כפר מל""ל",2015,2
98,"כפר מל""ל",2016,4
98,"כפר מל""ל",2017,2
98,"כפר מל""ל",2018,4
98,"כפר מל""ל",2019,11
98,"כפר מל""ל",2020,12
98,"כפר מל""ל",2021,9
98,"כפר מל""ל",2022,9
98,"כפר מל""ל",2023,6
98,"כפר מל""ל",2024,3
98,"כפר מל""ל",2025,4
98,"כפר מל""ל",2026,2
9800,בנימינה-גבעת עדה,1998,183
9800,בנימינה-גבעת עדה,1999,264
9800,בנימינה-גבעת עדה,2000,173
9800,בנימינה-גבעת עדה,2001,123
9800,בנימינה-גבעת עדה,2002,153
9800,בנימינה-גבעת עדה,2003,135
9800,בנימינה-גבעת עדה,2004,148
9800,בנימינה-גבעת עדה,2005,190
9800,בנימינה-גבעת עדה,2006,204
9800,בנימינה-גבעת עדה,2007,199
9800,בנימינה-גבעת עדה,2008,172
9800,בנימינה-גבעת עדה,2009,180
9800,בנימינה-גבעת עדה,2010,159
9800,בנימינה-גבעת עדה,2011,164
9800,בנימינה-גבעת עדה,2012,123
9800,בנימינה-גבעת עדה,2013,132
9800,בנימינה-גבעת עדה,2014,142
9800,בנימינה-גבעת עדה,2015,181
9800,בנימינה-גבעת עדה,2016,186
9800,בנימינה-גבעת עדה,2017,269
9800,בנימינה-גבעת עדה,2018,196
9800,בנימינה-גבעת עדה,2019,189
9800,בנימינה-גבעת עדה,2020,220
9800,בנימינה-גבעת עדה,2021,412
9800,בנימינה-גבעת עדה,2022,479
9800,בנימינה-גבעת עדה,2023,276
9800,בנימינה-גבעת עדה,2024,315
9800,בנימינה-גבעת עדה,2025,246
9800,בנימינה-גבעת עדה,2026,105
986,ח'ואלד )שבט(,2000,4
986,ח'ואלד )שבט(,2001,2
986,ח'ואלד )שבט(,2002,7
986,ח'ואלד )שבט(,2003,4
986,ח'ואלד )שבט(,2004,15
986,ח'ואלד )שבט(,2005,1
986,ח'ואלד )שבט(,2006,3
986,ח'ואלד )שבט(,2007,6
986,ח'ואלד )שבט(,2008,5
986,ח'ואלד )שבט(,2009,1
986,ח'ואלד )שבט(,2012,2
986,ח'ואלד )שבט(,2013,7
986,ח'ואלד )שבט(,2014,9
986,ח'ואלד )שבט(,2015,12
986,ח'ואלד )שבט(,2016,10
986,ח'ואלד )שבט(,2017,4
986,ח'ואלד )שבט(,2018,2
986,ח'ואלד )שבט(,2019,2
986,ח'ואלד )שבט(,2021,1
986,ח'ואלד )שבט(,2022,4
986,ח'ואלד )שבט(,2023,5
99,מצפה רמון,1998,50
99,מצפה רמון,1999,44
99,מצפה רמון,2000,45
99,מצפה רמון,2001,61
99,מצפה רמון,2002,28
99,מצפה רמון,2003,82
99,מצפה רמון,2004,87
99,מצפה רמון,2005,70
99,מצפה רמון,2006,65
99,מצפה רמון,2007,96
99,מצפה רמון,2008,98
99,מצפה רמון,2009,75
99,מצפה רמון,2010,113
99,מצפה רמון,2011,58
99,מצפה רמון,2012,52
99,מצפה רמון,2013,89
99,מצפה רמון,2014,80
99,מצפה רמון,2015,66
99,מצפה רמון,2016,91
99,מצפה רמון,2017,98
99,מצפה רמון,2018,75
99,מצפה רמון,2019,93
99,מצפה רמון,2020,104
99,מצפה רמון,2021,184
99,מצפה רמון,2022,162
99,מצפה רמון,2023,103
99,מצפה רמון,2024,129
99,מצפה רמון,2025,114
99,מצפה רמון,2026,35
990,ראס עלי,1998,5
990,ראס עלי,1999,1
990,ראס עלי,2000,1
990,ראס עלי,2002,1
990,ראס עלי,2005,3
990,ראס עלי,2006,1
990,ראס עלי,2012,2
990,ראס עלי,2014,2
990,ראס עלי,2015,1
990,ראס עלי,2018,1
990,ראס עלי,2019,5
990,ראס עלי,2020,2
990,ראס עלי,2021,2
990,ראס עלי,2022,5
990,ראס עלי,2023,8
990,ראס עלי,2024,6
990,ראס עלי,2025,11
990,ראס עלי,2026,1
993,חמאם,1999,9
993,חמאם,2000,6
993,חמאם,2003,1
993,חמאם,2004,1
993,חמאם,2011,2
993,חמאם,2012,1
993,חמאם,2014,2
993,חמאם,2015,10
993,חמאם,2016,1
993,חמאם,2017,2
993,חמאם,2018,9
993,חמאם,2020,3
993,חמאם,2021,1
993,חמאם,2023,2
993,חמאם,2024,18
994,מנשית זבדה,2006,1
994,מנשית זבדה,2009,1
994,מנשית זבדה,2019,1
994,מנשית זבדה,2020,19
994,מנשית זבדה,2021,33
994,מנשית זבדה,2022,1
994,מנשית זבדה,2023,3
994,מנשית זבדה,2024,2
997,רומת הייב,1998,3
997,רומת הייב,1999,3
997,רומת הייב,2000,2
997,רומת הייב,2004,1
997,רומת הייב,2006,2
997,רומת הייב,2009,1
997,רומת הייב,2011,3
997,רומת הייב,2012,3
997,רומת הייב,2013,4
997,רומת הייב,2017,10
997,רומת הייב,2018,10
997,רומת הייב,2019,3
997,רומת הייב,2021,8
997,רומת הייב,2022,7
997,רומת הייב,2023,7
997,רומת הייב,2024,6
997,רומת הייב,2025,7
997,רומת הייב,2026,2
998,ביר אל-מכסור,1998,17
998,ביר אל-מכסור,1999,15
998,ביר אל-מכסור,2000,14
998,ביר אל-מכסור,2001,35
998,ביר אל-מכסור,2002,14
998,ביר אל-מכסור,2003,12
998,ביר אל-מכסור,2004,15
998,ביר אל-מכסור,2005,33
998,ביר אל-מכסור,2006,10
998,ביר אל-מכסור,2007,15
998,ביר אל-מכסור,2008,13
998,ביר אל-מכסור,2009,4
998,ביר אל-מכסור,2010,18
998,ביר אל-מכסור,2011,25
998,ביר אל-מכסור,2012,14
998,ביר אל-מכסור,2013,11
998,ביר אל-מכסור,2014,43
998,ביר אל-מכסור,2015,10
998,ביר אל-מכסור,2016,22
998,ביר אל-מכסור,2017,21
998,ביר אל-מכסור,2018,32
998,ביר אל-מכסור,2019,92
998,ביר אל-מכסור,2020,32
998,ביר אל-מכסור,2021,28
998,ביר אל-מכסור,2022,69
998,ביר אל-מכסור,2023,32
998,ביר אל-מכסור,2024,22
998,ביר אל-מכסור,2025,35
998,ביר אל-מכסור,2026,7
